cik,ticker,first10,name
96664,AMFN,20260312,"Renewal Fuels, Inc."
1347491,,20260730,"ALEXANDER TECH CORP"
1658678,BSEM,20260724,"BioStem Technologies, Inc."
1705284,PBAM,20260713,"Private Bancorp of America, Inc."
1958489,CRGT,20250718,"Cortigent, Inc."
2011134,KNIH,20260505,"Kioni Holdings Ltd"
2049860,,20251010,"Electrified Materials Corp / IN"
2053365,,20260302,"Biointra, Corp"
2058873,Q,20250805,"Qnity Electronics, Inc."
2064953,SOLS,20250821,"Solstice Advanced Materials Inc."
2067876,VSNT,20250918,"Versant Media Group, Inc."
2078008,VGNT,20251114,"Versigent Ltd"
2082247,FDXF,20260116,"FedEx Freight Holding Company, Inc."
2083632,OCTLF,20260211,"Octave Intelligence plc"
2083632,OCTV,20260211,"Octave Intelligence plc"
2083785,SUNB,20260127,"Sunbelt Rentals Holdings, Inc."
2088281,MFP,20260504,"Midera Food Processing, Inc."
2089271,HONA,20260303,"Honeywell Aerospace Inc."
2090312,MBGL,20260507,"Mobility Global Inc."
2091349,TRAX,20260303,"First Tracks Biotherapeutics, Inc."
2093101,RNA,20251210,"Atrium Therapeutics, Inc."
2104052,NVRI,20260320,"Enviri II Corp"
2105139,ADIG,20260511,"ADI GLOBAL DISTRIBUTION INC."
2105965,WCCB,20260831,"West Coast Community Bancorp"
2128626,VYLR,20260629,"Vylor Inc."
2130999,AXM,20260915,"Archer SpinCo, Inc."
2132873,MSGR,20260814,"MSGS Spinco, Inc."
