flr_nm,ticker
라이프자산운용,107640
라이프자산운용,271830
라이프자산운용,299170
라이프자산운용,322780
라이프자산운용,323350
라이프자산운용,376180
라이프자산운용,406820
라이프자산운용,413600
라이프자산운용,419080
라이프자산운용,432320
라이프자산운용,440320
라이프자산운용,487400
머스트자산운용,000540
머스트자산운용,003580
머스트자산운용,004960
머스트자산운용,009410
머스트자산운용,013580
머스트자산운용,021880
머스트자산운용,031510
머스트자산운용,051160
머스트자산운용,052300
머스트자산운용,064090
머스트자산운용,083930
머스트자산운용,145270
머스트자산운용,197140
머스트자산운용,211050
머스트자산운용,363260
머스트자산운용,373160
머스트자산운용,377450
밸류파트너스자산운용,093190
브이아이피자산운용,002030
브이아이피자산운용,002350
브이아이피자산운용,004490
브이아이피자산운용,005300
브이아이피자산운용,005720
브이아이피자산운용,005810
브이아이피자산운용,006040
브이아이피자산운용,007340
브이아이피자산운용,007980
브이아이피자산운용,008060
브이아이피자산운용,009160
브이아이피자산운용,009970
브이아이피자산운용,010470
브이아이피자산운용,011320
브이아이피자산운용,011560
브이아이피자산운용,011760
브이아이피자산운용,012630
브이아이피자산운용,013520
브이아이피자산운용,014680
브이아이피자산운용,016450
브이아이피자산운용,018670
브이아이피자산운용,019540
브이아이피자산운용,023910
브이아이피자산운용,024800
브이아이피자산운용,026890
브이아이피자산운용,028080
브이아이피자산운용,029530
브이아이피자산운용,032350
브이아이피자산운용,033160
브이아이피자산운용,034120
브이아이피자산운용,035150
브이아이피자산운용,036800
브이아이피자산운용,037460
브이아이피자산운용,039010
브이아이피자산운용,039830
브이아이피자산운용,042040
브이아이피자산운용,043370
브이아이피자산운용,044450
브이아이피자산운용,046390
브이아이피자산운용,051360
브이아이피자산운용,051500
브이아이피자산운용,052330
브이아이피자산운용,053610
브이아이피자산운용,054540
브이아이피자산운용,057050
브이아이피자산운용,060980
브이아이피자산운용,064960
브이아이피자산운용,065060
브이아이피자산운용,066620
브이아이피자산운용,067570
브이아이피자산운용,068930
브이아이피자산운용,069960
브이아이피자산운용,078130
브이아이피자산운용,078890
브이아이피자산운용,080420
브이아이피자산운용,081660
브이아이피자산운용,086390
브이아이피자산운용,086450
브이아이피자산운용,089600
브이아이피자산운용,089860
브이아이피자산운용,090850
브이아이피자산운용,092200
브이아이피자산운용,092460
브이아이피자산운용,093050
브이아이피자산운용,093920
브이아이피자산운용,101160
브이아이피자산운용,102710
브이아이피자산운용,104460
브이아이피자산운용,104830
브이아이피자산운용,115160
브이아이피자산운용,119850
브이아이피자산운용,123410
브이아이피자산운용,126600
브이아이피자산운용,138040
브이아이피자산운용,175330
브이아이피자산운용,183190
브이아이피자산운용,194700
브이아이피자산운용,200670
브이아이피자산운용,204320
브이아이피자산운용,204610
브이아이피자산운용,204620
브이아이피자산운용,210540
브이아이피자산운용,214450
브이아이피자산운용,237880
브이아이피자산운용,248070
브이아이피자산운용,251970
브이아이피자산운용,267980
브이아이피자산운용,272550
브이아이피자산운용,280360
브이아이피자산운용,290650
브이아이피자산운용,344820
브이아이피자산운용,348210
브이아이피자산운용,353810
브이아이피자산운용,383220
브이아이피자산운용,453340
브이아이피자산운용,460870
브이아이피자산운용,483650
안다자산운용,053700
안다자산운용,058730
안다자산운용,059120
안다자산운용,089790
안다자산운용,126880
안다자산운용,148250
안다자산운용,210540
안다자산운용,214420
안다자산운용,215790
안다자산운용,250060
안다자산운용,277410
안다자산운용,286750
안다자산운용,299030
얼라인파트너스자산운용,021240
얼라인파트너스자산운용,026890
얼라인파트너스자산운용,079940
얼라인파트너스자산운용,145720
얼라인파트너스자산운용,175330
얼라인파트너스자산운용,244920
얼라인파트너스자산운용,248070
에셋플러스자산운용,001630
에셋플러스자산운용,003350
에셋플러스자산운용,005950
에셋플러스자산운용,005990
에셋플러스자산운용,016580
에셋플러스자산운용,023440
에셋플러스자산운용,024720
에셋플러스자산운용,026040
에셋플러스자산운용,035080
에셋플러스자산운용,044820
에셋플러스자산운용,054050
에셋플러스자산운용,058970
에셋플러스자산운용,060980
에셋플러스자산운용,065510
에셋플러스자산운용,069140
에셋플러스자산운용,081660
에셋플러스자산운용,084110
에셋플러스자산운용,085620
에셋플러스자산운용,086900
에셋플러스자산운용,086960
에셋플러스자산운용,090850
에셋플러스자산운용,098120
에셋플러스자산운용,102120
에셋플러스자산운용,119850
에셋플러스자산운용,185750
에셋플러스자산운용,194370
에셋플러스자산운용,215360
에셋플러스자산운용,256150
에셋플러스자산운용,272110
에셋플러스자산운용,274090
에셋플러스자산운용,376980
에셋플러스자산운용,425040
인터밸류파트너스,364950
차파트너스자산운용,046310
케이씨지아이,001750
케이씨지아이,049470
케이씨지아이,073490
케이씨지아이,079550
케이씨지아이,348210
케이씨지아이대체투자운용,019570
케이씨지아이엘아이지신성장이에스지사모투자,079550
케이씨지아이자산운용,131370
케이씨지아이제2호사모투자,001750
케이씨지아이헬리오스제1호사모투자,073490
케플러밸류파트너스,049080
트러스톤자산운용,000100
트러스톤자산운용,000150
트러스톤자산운용,000640
트러스톤자산운용,000700
트러스톤자산운용,001040
트러스톤자산운용,001120
트러스톤자산운용,001250
트러스톤자산운용,001450
트러스톤자산운용,001460
트러스톤자산운용,001790
트러스톤자산운용,002030
트러스톤자산운용,003220
트러스톤자산운용,003240
트러스톤자산운용,003570
트러스톤자산운용,003670
트러스톤자산운용,004430
트러스톤자산운용,004870
트러스톤자산운용,005300
트러스톤자산운용,005440
트러스톤자산운용,005990
트러스톤자산운용,006120
트러스톤자산운용,006260
트러스톤자산운용,007160
트러스톤자산운용,007660
트러스톤자산운용,008250
트러스톤자산운용,008490
트러스톤자산운용,009240
트러스톤자산운용,009270
트러스톤자산운용,011320
트러스톤자산운용,011790
트러스톤자산운용,013030
트러스톤자산운용,013570
트러스톤자산운용,014620
트러스톤자산운용,014710
트러스톤자산운용,016580
트러스톤자산운용,017890
트러스톤자산운용,019540
트러스톤자산운용,020000
트러스톤자산운용,023160
트러스톤자산운용,023590
트러스톤자산운용,023910
트러스톤자산운용,024950
트러스톤자산운용,025750
트러스톤자산운용,026040
트러스톤자산운용,030190
트러스톤자산운용,031430
트러스톤자산운용,033270
트러스톤자산운용,033560
트러스톤자산운용,034120
트러스톤자산운용,035080
트러스톤자산운용,035720
트러스톤자산운용,035760
트러스톤자산운용,036190
트러스톤자산운용,036530
트러스톤자산운용,036620
트러스톤자산운용,037560
트러스톤자산운용,039130
트러스톤자산운용,041510
트러스톤자산운용,041650
트러스톤자산운용,041910
트러스톤자산운용,043150
트러스톤자산운용,043370
트러스톤자산운용,043610
트러스톤자산운용,043650
트러스톤자산운용,044820
트러스톤자산운용,046440
트러스톤자산운용,049960
트러스톤자산운용,051500
트러스톤자산운용,052400
트러스톤자산운용,053280
트러스톤자산운용,053690
트러스톤자산운용,054050
트러스톤자산운용,060980
트러스톤자산운용,063160
트러스톤자산운용,067160
트러스톤자산운용,068240
트러스톤자산운용,071050
트러스톤자산운용,075180
트러스톤자산운용,076080
트러스톤자산운용,077970
트러스톤자산운용,078890
트러스톤자산운용,078930
트러스톤자산운용,080160
트러스톤자산운용,081660
트러스톤자산운용,086450
트러스톤자산운용,086960
트러스톤자산운용,090850
트러스톤자산운용,092070
트러스톤자산운용,093050
트러스톤자산운용,093190
트러스톤자산운용,093320
트러스톤자산운용,094840
트러스톤자산운용,094850
트러스톤자산운용,097870
트러스톤자산운용,097950
트러스톤자산운용,099190
트러스톤자산운용,100120
트러스톤자산운용,102710
트러스톤자산운용,103140
트러스톤자산운용,108670
트러스톤자산운용,115480
트러스톤자산운용,120110
트러스톤자산운용,122900
트러스톤자산운용,131030
트러스톤자산운용,136410
트러스톤자산운용,136540
트러스톤자산운용,138070
트러스톤자산운용,143240
트러스톤자산운용,175330
트러스톤자산운용,180640
트러스톤자산운용,181710
트러스톤자산운용,183490
트러스톤자산운용,187220
트러스톤자산운용,191420
트러스톤자산운용,204320
트러스톤자산운용,236200
트러스톤자산운용,241710
트러스톤자산운용,243070
트러스톤자산운용,302550
트러스톤자산운용,306040
트러스톤자산운용,352480
트러스톤자산운용,353190
트러스톤자산운용,353810
트러스톤자산운용,460870
