date,rule,ticker,name,close,hold,rcept_no,note
20261001,S1,306040,에스제이그룹,1512,20,20261001000479,
20260929,S3,272550,삼양패키징,9880,60,20260929800230, · 늦게 기록(20261001 값)
20260930,S3,049800,우진플라임,1920,60,20260930800099, · 늦게 기록(20261001 값)
20260930,S3,010400,우진아이엔에스,4270,60,20260930800157, · 늦게 기록(20261001 값)
20260930,S3,003030,세아제강지주,111900,60,20260930800835, · 늦게 기록(20261001 값)
20260930,S3,263020,디케이앤디,3140,60,20260930900240, · 늦게 기록(20261001 값)
20260930,S3,388050,지투파워,10020,60,20260930900281, · 늦게 기록(20261001 값)
20260930,S3,097870,효성오앤비,4410,60,20260930900385, · 늦게 기록(20261001 값)
20260930,S3,215480,토박스코리아,2120,60,20260930900525, · 늦게 기록(20261001 값)
20260930,S3,317530,에피소드컴퍼니,3320,60,20260930900551, · 늦게 기록(20261001 값)
20260930,S3,169330,엠브레인,1813,60,20260930901024, · 늦게 기록(20261001 값)
