cusip,ticker
001055102,AFL
00130H105,AES
00206R102,T
002824100,ABT
00287Y109,ABBV
00724F101,ADBE
007903107,AMD
00846U101,A
009066101,ABNB
009158106,APD
00971T101,AKAM
012653101,ALB
015271109,ARE
016255101,ALGN
018802108,LNT
020002101,ALL
02079K107,GOOG
02079K305,GOOGL
02209S103,MO
023135106,AMZN
023608102,AEE
025537101,AEP
025816109,AXP
026874784,AIG
03027X100,AMT
030420103,AWK
03073E105,COR
03076C106,AMP
031100100,AME
031162100,AMGN
032095101,APH
032654105,ADI
036752103,ELV
03743Q108,APA
03769M106,APO
037833100,AAPL
038222105,AMAT
03831W108,APP
039483102,ADM
03990B101,ARES
040413205,ANET
04621X108,AIZ
049560105,ATO
052769106,ADSK
053015103,ADP
053332102,AZO
053611109,AVY
05464C101,AXON
05722G100,BKR
058498106,BALL
060505104,BAC
064058100,BNY
071813109,BAX
075887109,BDX
084423102,WRB
084670702,BRK-B
086516101,BBY
09062X103,BIIB
09073M104,TECH
09260D107,BX
09290D101,BLK
093712107,BE
097023105,BA
09857L108,BKNG
101121101,BXP
101137107,BSX
110122108,BMY
11133T103,BR
11135F101,AVGO
115236101,BRO
115637209,BF-B
12503M108,CBOE
12504L109,CBRE
12514G108,CDW
125269100,CF
12541W209,CHRW
125523100,CI
12572Q105,CME
125896100,CMS
126408103,CSX
126650100,CVS
127387108,CDNS
133131102,CPT
14040H105,COF
14149Y108,CAH
14448C104,CARR
146869102,CVNA
147528103,CASY
149123101,CAT
15135B101,CNC
15189T107,CNP
159864107,CRL
16119P108,CHTR
165167735,EXE
166764100,CVX
169656105,CMG
171340102,CHD
171779309,CIEN
172062101,CINF
17275R102,CSCO
172908105,CTAS
172967424,C
174610105,CFG
189054109,CLX
191216100,KO
192446102,CTSH
19247G107,COHR
19260Q107,COIN
194162103,CL
199908104,FIX
20030N101,CMCSA
20825C104,COP
209115104,ED
21036P108,STZ
21037T109,CEG
216648501,COO
217204106,CPRT
219350105,GLW
219948106,CPAY
22052L104,CTVA
22160K105,COST
22160N109,CSGP
22788C105,CRWD
22822V101,CCI
231021106,CMI
23331A109,DHI
233331107,DTE
235851102,DHR
237194105,DRI
23804L103,DDOG
23918K108,DVA
243537107,DECK
244199105,DE
24703L202,DELL
247361702,DAL
25179M103,DVN
252131107,DXCM
25278X109,FANG
253868103,DLR
254687106,DIS
256677105,DG
256746108,DLTR
25746U109,D
25754A201,DPZ
25809K105,DASH
260003108,DOV
260557103,DOW
26441C204,DUK
26614N201,DD
26875P101,EOG
26884L109,EQT
278642103,EBAY
278768106,ECHO
278865100,ECL
281020107,EIX
28176E108,EW
29084Q100,EME
291011104,EMR
29364G103,ETR
294429105,EFX
29444U700,EQIX
29476L107,VMRK
29530P102,ERIE
297178105,ESS
30034W106,EVRG
30040W108,ES
30161N101,EXC
30212P303,EXPE
302130109,EXPD
30225T102,EXR
30233Q108,XOM
30303M102,META
303075105,FDS
303250104,FICO
30609A109,OKE
311900104,FAST
313745101,FRT
31428X106,FDX
314352105,FDXF
31488V107,FERG
315616102,FFIV
31620M106,FIS
316773100,FITB
336433107,FSLR
337738108,FISV
337932107,FE
345370860,F
34959E109,FTNT
34959J108,FTV
35137L105,FOXA
35137L204,FOX
354613101,BEN
35671D857,FCX
36266G107,GEHC
363576109,AJG
366651107,IT
36828A101,GEV
368736104,GNRC
369550108,GD
369604301,GE
370334104,GIS
37045V100,GM
372460105,GPC
375558103,GILD
37940X102,GPN
37959E102,GL
380237107,GDDY
38141G104,GS
384802104,GWW
40412C101,HCA
40434L105,HPQ
406216101,HAL
416515104,HIG
418056107,HAS
42250P103,DOC
426281101,JKHY
427866108,HSY
42824C109,HPE
43300A203,HLT
436CVR021,2602335D
437076102,HD
43849R105,HONA
438516205,HON
440452100,HRL
44107P104,HST
443201108,HWM
443510607,HUBB
444859102,HUM
445658107,JBHT
446150104,HBAN
446413106,HII
45167R104,IEX
45168D104,IDXX
452308109,ITW
452327109,ILMN
45337C102,INCY
45687V106,IR
45784P101,PODD
458140100,INTC
45841N107,IBKR
45866F104,ICE
459200101,IBM
459506101,IFF
460146103,IP
461202103,INTU
46120E602,ISRG
46187W107,INVH
46266C105,IQV
46284V101,IRM
46625H100,JPM
466313103,JBL
46982L108,J
478160104,JNJ
482480100,KLAC
48251W104,KKR
49177J102,KVUE
49271V100,KDP
493267108,KEY
49338L103,KEYS
494368103,KMB
49446R109,KIM
49456B101,KMI
500754106,KHC
501044101,KR
502431109,LHX
504922105,LH
512807306,LRCX
517834107,LVS
518439104,EL
525327102,LDOS
526057104,LEN
526107107,LII
532457108,LLY
538034109,LYV
539830109,LMT
540424108,L
548661107,LOW
550021109,LULU
55024U109,LITE
55261F104,MTB
552953101,MGM
55354G100,MSCI
56585A102,MPC
571748102,MRSH
571903202,MAR
573284106,MLM
573874104,MRVL
574599106,MAS
57636Q104,MA
579780206,MKC
580135101,MCD
58155Q103,MCK
58933Y105,MRK
59156R108,MET
592688105,MTD
594918104,MSFT
595017104,MCHP
595112103,MU
59522J103,MAA
60770K107,MRNA
609207105,MDLZ
609839105,MPWR
61174X109,MNST
615369105,MCO
617446448,MS
61945C103,MOS
620076307,MSI
629377508,NRG
62944T105,NVR
631103108,NDAQ
64110D104,NTAP
64110L106,NFLX
651639106,NEM
65249B109,NWSA
65249B208,NWS
65339F101,NEE
654106103,NKE
65473P105,NI
655663102,NDSN
655844108,NSC
665859104,NTRS
666807102,NOC
668771108,GEN
670346105,NUE
67066G104,NVDA
67103H107,ORLY
674599105,OXY
679580100,ODFL
681919106,OMC
682189105,ON
68389X105,ORCL
68902V107,OTIS
69331C108,PCG
693475105,PNC
693506107,PPG
69351T106,PPL
69370C100,PTC
693718108,PCAR
695156109,PKG
69608A108,PLTR
697435105,PANW
69932A204,PSKY
701094104,PH
704326107,PAYX
70450Y103,PYPL
713448108,PEP
714046109,RVTY
717081103,PFE
718172109,PM
718546104,PSX
723484101,PNW
74144T108,TROW
74251V102,PFG
742718109,PG
743315103,PGR
74340W103,PLD
744320102,PRU
744573106,PEG
74460D109,PSA
745867101,PHM
74624M102,P
74743L100,Q
747525103,QCOM
74762E102,PWR
74834L100,DGX
751212101,RL
754730109,RJF
75513E101,RTX
756109104,O
75734B100,RDDT
758849103,REG
75886F107,REGN
7591EP100,RF
760759100,RSG
761152107,RMD
770700102,HOOD
773903109,ROK
775711104,ROL
776696106,ROP
778296103,ROST
78409V104,SPGI
78410G104,SBAC
79466L302,CRM
80004C200,SNDK
806407102,HSIC
806857108,SLB
808513105,SCHW
816851109,SRE
81762P102,NOW
824348106,SHW
828806109,SPG
83088M102,SWKS
831865209,AOS
832696405,SJM
833034101,SNA
83444M101,SOLV
842587107,SO
844741108,LUV
852234103,XYZ
854502101,SWK
855244109,SBUX
857477103,STT
858119100,STLD
863667101,SYK
86800U302,SMCI
871607107,SNPS
87165B103,SYF
871829107,SYY
872540109,TJX
87256C101,TKO
872590104,TMUS
874054109,TTWO
876030107,TPR
87612E106,TGT
87612G101,TRGP
879360105,TDY
880770102,TER
88160R101,TSLA
882508104,TXN
88262P102,TPL
883203101,TXT
883556102,TMO
88579Y101,MMM
892356106,TSCO
893641100,TDG
89417E109,TRV
896239100,TRMB
89832Q109,TFC
902252105,TYL
902494103,TSN
902653104,UDR
902973304,USB
90353T100,UBER
90384S303,ULTA
907818108,UNP
910047109,UAL
911312106,UPS
911363109,URI
91324P102,UNH
913903100,UHS
91913Y100,VLO
922475108,VEEV
92276F100,VTR
92338C103,VLTO
92343E102,VRSN
92343V104,VZ
92345Y106,VRSK
92532F100,VRTX
92537N108,VRT
92556V106,VTRS
925652109,VICI
92826C839,V
92840M102,VST
92892R108,VYLR
929160109,VMC
92939U106,WEC
929740108,WAB
931142103,WMT
934423104,WBD
94106L109,WM
941848103,WAT
949746101,WFC
95040Q104,WELL
955306105,WST
958102105,WDC
962166104,WY
969457100,WMB
969904101,WSM
98138H101,WDAY
983134107,WYNN
98389B100,XEL
98419M100,XYL
988498101,YUM
989207105,ZBRA
98956P102,ZBH
98978V103,ZTS
G0176J109,ALLE
G0250X149,AMCR
G0403H108,AON
G0450A105,ACGL
G1151C101,ACN
G2004J103,CCL
G25508105,CRH
G29183103,ETN
G3223R108,EG
G3265R107,APTV
G491BT108,IVZ
G51502105,JCI
G54950103,LIN
G5960L103,MDT
G66721104,NCLH
G7997R103,STX
G7S00T104,PNR
G8267P108,SW
G8473T100,STE
G87052109,TEL
G8994E103,TT
G96629103,WTW
H11356104,BG
H1467J104,CB
H2906T109,GRMN
N53745100,LYB
N6596X109,NXPI
V7780T103,RCL
Y2573F102,FLEX
