ticker,cr_chg20
000040,-100.0
000890,-43.16
001380,-10.98
001740,18.98
0017J0,21.39
002020,4.85
002025,29.22
002070,-62.51
002210,0.0
002220,-43.79
002787,-100.0
002820,-81.02
002990,422.56
003010,45.11
003060,0.0
003230,5.96
003680,1.67
004170,39.42
005090,-3.36
005360,-35.59
006050,-73.96
006345,91.23
006370,-55.91
007110,-30.92
007460,-48.47
007820,-9.84
0082N0,-8.05
008470,-78.12
008830,7.68
009190,-23.05
009420,9.17
010060,56.35
010130,42.57
010780,-2.03
011070,16.62
011155,-100.0
011280,3.04
0120G0,9.0
012160,-8.56
012200,7274.7
012330,14.91
0156T0,1437.05
016600,6.91
016880,-39.75
017960,-5.59
019210,5.13
0218L0,-19.09
0220W0,624.12
0220WL,19.85
023530,-32.29
025950,-20.91
027830,-42.76
032960,-75.19
036800,-41.04
038500,9.66
039840,-9.52
044340,-10.72
046940,18.19
048550,-14.43
057540,-5.6
058730,11.83
058820,-34.47
060250,-4.86
061250,-8.99
064260,-1.38
064350,12.57
064800,-100.0
066970,33.36
066980,-6.36
069620,16.46
069960,-31.8
070300,64.93
078930,-30.17
084110,36.25
084680,-33.89
085620,14.53
086710,-7.73
087010,1.7
089970,73.73
093240,-42.75
094170,-6.66
096250,-1.09
097230,-4.59
100090,6.99
101140,-100.0
101970,-5.6
102940,-30.64
103230,-99.16
104200,-19.93
104460,-2.35
105550,-12.54
107600,-19.99
111710,94.95
112040,12.44
114840,1.79
123330,14.47
124500,4.38
131400,-56.51
131760,-100.0
138360,23.08
141080,1.1
145020,62.94
153890,-65.79
160980,22.77
179530,-100.0
181710,-14.0
183300,-2.86
189330,-56.0
194480,18.22
194700,3.38
196170,24.92
200130,16.48
205470,-40.61
210980,10.41
214150,9.87
214370,3.9
214450,28.78
220100,10.94
222040,-20.35
226950,17.02
227950,-100.0
237690,1.61
240600,-100.0
241710,-40.53
242040,82.45
243070,-31.98
257720,32.72
263800,15.56
267260,7.02
270520,-100.0
278280,3.53
278470,47.53
280360,-44.73
288980,-67.83
289220,-82.27
290650,36.32
290660,-100.0
290690,-56.21
291810,-100.0
298020,0.98
298380,4.81
301300,0.0
304840,-100.0
305090,-74.89
306040,-97.15
310210,8.72
317240,-100.0
322310,-4.93
330350,82.87
331920,-100.0
334970,0.0
337930,2.9
338840,-5.39
340570,5.4
347770,-33.33
347850,2.96
348030,-100.0
348340,-8.51
354200,-100.0
356860,-11.26
357880,43.11
365660,7.69
369370,-99.83
371950,-1.23
373110,-100.0
373200,-100.0
376270,-61.47
376900,27.76
377220,-7.63
377300,3.67
383310,9.98
389020,-17.39
389470,980.65
394420,2.11
397030,-10.25
402340,-16.97
403490,-49.7
405000,-100.0
413390,-8.67
417310,555.28
418620,-100.0
419530,-9.45
424760,0.0
439090,5.26
439960,-2.21
456160,-15.05
457600,9.61
463020,-2.99
465770,-46.66
473980,7.78
475040,87.88
475150,0.48
475430,-3.81
475460,-8.81
475830,-22.07
476830,-12.89
481070,-8.73
483650,38.68
484870,50.95
491000,94.47
494120,-35.57
950160,-55.11
950200,168.42
950220,0.0
