ticker,debt_ratio,as_of
000020,45.3,20260829
000030,1640.3,20260829
000040,146.3,20260829
000050,42.1,20260829
000060,546.0,20260829
000070,19.7,20260829
000080,164.2,20260829
000100,19.9,20260829
000120,111.5,20260829
000140,63.9,20260829
000150,74.7,20260829
000180,17.6,20260829
0001A0,53.1,20260530
000210,11.1,20260829
000220,34.9,20260829
000230,49.3,20260829
000240,8.8,20260829
000250,63.9,20260829
000270,52.3,20260829
000300,54.2,20260829
000320,13.2,20260829
000370,519.8,20260829
000390,100.5,20260829
000400,1272.6,20260829
000430,53.8,20260829
000440,7.9,20260829
000480,27.8,20260829
000490,271.1,20260829
0004V0,128.7,20260829
0004Y0,15.3,20260829
000500,86.1,20260829
000520,142.8,20260829
000540,940.6,20260829
000590,4.7,20260829
000640,38.3,20260829
000650,707.3,20260829
000660,31.9,20260829
000670,52.9,20260829
000680,90.0,20260829
000700,4.1,20260829
000720,107.7,20260829
000760,36.5,20260829
0007C0,22.9,20260829
0007J0,3.7,20260829
000810,218.1,20260829
000850,28.0,20260829
000860,88.3,20260829
000880,218.0,20260829
000890,66.7,20260829
0008Z0,36.0,20260829
000910,55.0,20260829
000950,3.8,20260829
000970,16.5,20260829
000990,15.5,20260829
0009K0,3.7,20260829
001000,121.7,20260829
001020,57.2,20260829
001040,12.0,20260829
001060,51.7,20260829
001070,54.8,20260829
001080,12.0,20260415
0010F0,142.4,20260829
0010V0,23.3,20260829
001120,66.9,20260829
001130,34.2,20260829
001140,436.4,20260415
0011A0,68.6,20260829
0011T0,63.5,20260829
001200,1174.6,20260829
001210,92.0,20260829
001230,3.6,20260829
001250,129.5,20260829
001260,219.6,20260829
001270,852.3,20260829
001290,700.1,20260829
001340,178.6,20260829
001360,67.5,20260829
001380,24.1,20260829
001390,58.9,20260829
0013V0,75.7,20260829
001420,11.1,20260829
001430,12.2,20260829
001440,102.2,20260829
001450,678.6,20260829
001460,37.7,20260829
001470,210.0,20260829
001500,754.7,20260829
001510,1149.8,20260829
001520,62.3,20260829
001530,94.7,20260829
001540,84.5,20260829
001550,142.5,20260829
001560,15.7,20260829
001570,182.6,20260530
0015G0,54.5,20260829
0015N0,19.2,20260829
0015S0,13.1,20260829
001620,109.1,20260829
001630,18.3,20260829
001680,157.1,20260829
001720,582.6,20260530
001740,86.2,20260829
001750,962.3,20260829
001770,59.1,20260829
001780,84.5,20260829
001790,116.5,20260829
0017J0,8.6,20260829
001800,18.6,20260829
001810,89.1,20260829
001820,24.6,20260829
001840,201.4,20260829
001880,109.5,20250415
001940,0.1,20260829
002000,15.6,20190829
002020,162.1,20260829
002030,7.0,20260829
002070,166.3,20260829
002100,53.4,20260829
002140,155.0,20260829
002150,135.7,20260829
002170,5.6,20260829
002200,30.8,20260829
002210,82.6,20260829
002220,129.0,20260829
002230,31.5,20260829
002240,14.8,20260829
002250,35.7,20200414
002270,83.4,20220530
002290,48.1,20260829
002300,50.5,20200530
002310,9.3,20260829
002320,132.3,20260829
002350,91.1,20260829
002360,45.4,20260829
002380,60.6,20260829
002390,159.6,20260829
002410,139.0,20260829
002420,103.8,20260829
002450,58.3,20260829
002460,70.4,20260829
002600,229.4,20260829
002620,31.9,20260829
002630,15.4,20260530
002680,764.0,20260829
002690,12.1,20260829
002700,93.0,20260829
002710,140.9,20260829
002720,87.2,20260829
002760,17.6,20260829
002780,121.9,20260829
002790,0.5,20260829
002800,77.8,20260829
002810,7.5,20260829
002820,89.0,20260829
002840,20.3,20260829
002870,1.7,20260829
002880,699.0,20260829
002900,80.0,20260829
002920,106.7,20260829
002960,51.1,20260829
002990,393.3,20260829
003000,37.5,20260829
003010,92.6,20260829
003030,44.2,20260829
003060,134.3,20260829
003070,303.8,20260829
003080,39.8,20260829
003090,9.8,20260829
0030R0,0.0,20260415
003100,31.0,20260829
003120,3.8,20260829
003160,51.5,20260829
003200,11.0,20260829
003220,97.8,20260829
003230,65.9,20260829
003240,15.8,20260829
003280,73.8,20260829
003300,8.0,20260829
003310,29.2,20260829
003350,96.1,20260829
003380,81.1,20260829
003410,102.9,20260829
003460,81.8,20260829
003470,1186.2,20260829
003480,9.2,20260829
003490,270.9,20260829
003520,163.9,20260829
003530,807.9,20260829
003540,573.8,20260829
003550,4.8,20260829
003560,34.0,20260829
003570,29.6,20260829
003580,39.6,20260829
003610,28.4,20260829
003620,142.2,20260829
003650,14.6,20260829
003670,105.7,20260829
003680,242.8,20260829
003690,259.6,20260829
003720,72.5,20260829
003780,59.5,20260829
0037T0,16.7,20260829
003800,9.3,20260829
003830,17.8,20260829
003850,70.1,20260829
003920,21.2,20260829
003960,81.6,20260829
0039P0,125.3,20260829
004000,11.8,20260829
004020,68.8,20260829
004060,7.6,20260829
004080,29.5,20260829
004090,79.4,20260829
004100,193.0,20260829
004130,14.8,20181129
004140,269.6,20260829
004150,2.4,20260829
004170,102.4,20260829
0041B0,20.5,20260829
0041J0,21.7,20260829
0041L0,16.2,20260829
004200,230.8,20200530
004250,32.5,20260829
004270,102.5,20260829
004310,75.5,20260829
004360,29.0,20260829
004370,39.5,20260829
004380,163.1,20260829
004410,176.7,20260829
004430,61.2,20260829
004440,72.0,20260829
004450,61.6,20260829
004490,22.1,20260829
0044K0,15.3,20260829
004540,327.9,20260829
004560,39.9,20260829
004590,17.9,20260829
004650,25.0,20260829
004690,103.2,20260829
004700,15.4,20260829
004710,131.3,20260829
004720,31.5,20260829
004770,2.4,20260829
004780,40.4,20260829
004800,36.2,20260829
004830,53.8,20260829
004840,23.2,20260829
004870,24.5,20260829
004890,10.7,20260829
004910,95.1,20260829
004920,37.1,20260829
004960,133.5,20260829
004970,14.4,20260829
004980,102.1,20260829
004990,80.0,20260829
005010,38.8,20260829
005030,942.7,20260829
005070,58.3,20260829
005090,129.8,20260829
005110,364.3,20260829
005160,77.4,20260829
005180,44.8,20260829
005190,24.4,20210415
005250,61.5,20260829
005290,61.7,20260829
005300,129.4,20260829
005320,36.1,20260829
005360,94.2,20260829
005380,37.9,20260829
005390,115.9,20260415
005420,196.4,20260829
005430,33.1,20260829
005440,30.9,20260829
005450,2087.4,20250415
005490,8.4,20260829
0054V0,11.6,20260829
005500,59.6,20260829
005610,95.9,20260829
005670,69.9,20260829
005680,6.6,20260829
005690,28.4,20260829
005710,33.1,20260829
005720,19.5,20260829
005740,16.2,20260829
005750,84.3,20260829
005800,11.5,20260829
005810,16.6,20260829
005820,15.1,20260829
005830,386.8,20260829
005850,34.0,20260829
005860,53.8,20260829
005870,114.7,20260829
005880,17.7,20260829
005930,30.0,20260829
005940,1026.0,20260829
005950,111.0,20260829
005960,196.8,20260829
005980,421.6,20230530
005990,1.7,20260829
006040,40.2,20260829
006050,38.6,20260829
006060,67.4,20260829
006090,76.5,20260829
006110,132.4,20260829
006120,82.5,20260829
006140,41.7,20260829
006200,4.0,20260829
006220,1284.4,20260829
006260,22.2,20260829
006280,92.1,20260829
006340,129.3,20260829
006360,181.4,20260829
006370,104.2,20260829
006380,267.1,20260829
006390,107.2,20250829
006400,55.7,20260829
006490,2177.8,20260829
006570,194.0,20260829
006580,9.6,20260829
006620,121.0,20260829
006650,32.4,20260829
006660,11.2,20260829
006730,118.2,20260829
006740,130.4,20260829
006800,1265.0,20260829
006840,52.8,20260829
006880,7.3,20260829
006890,30.1,20260829
0068Y0,16.1,20260829
006910,14.5,20260829
006920,39.1,20260829
006980,14.7,20260829
007070,106.7,20260829
007110,54.6,20260829
007120,43.3,20260829
007160,88.8,20260829
0071M0,17.0,20260829
007210,91.4,20260829
007280,165.2,20260829
0072Z0,16.1,20260829
007310,52.3,20260829
007330,384.9,20260829
007340,38.5,20260829
007370,69.2,20260829
007390,39.5,20260829
007460,196.9,20260829
007530,227.7,20260829
007540,2.9,20260829
007570,88.3,20260829
007590,44.9,20260829
007610,124.9,20260829
007630,133.1,20220415
007660,57.9,20260829
007680,88.1,20260829
007690,98.1,20260829
007700,0.6,20260829
007720,42.3,20260829
007770,31.9,20260829
007810,124.5,20260829
007820,124.8,20260829
007860,2.2,20260829
007980,147.9,20260829
008000,130.8,20190415
008040,320.4,20260829
008060,3.1,20260829
008110,8.9,20260530
008250,113.0,20260829
008260,99.1,20260829
008290,30.6,20260829
0082N0,4.4,20260829
008350,76.0,20260829
008370,15.3,20260829
008420,23.8,20260829
008470,26.5,20260829
008490,62.0,20260829
008500,72.1,20260829
008560,920.2,20260829
008600,2386.3,20260829
008700,27.5,20260829
008730,140.2,20260829
008770,165.5,20260829
008800,83.3,20260829
008830,277.5,20260829
008870,82.4,20260829
0088D0,15.7,20260829
0088M0,9.4,20260829
008930,42.0,20260829
008970,60.4,20260829
009070,150.8,20260829
009140,9.6,20260829
009150,61.8,20260829
009160,94.7,20260829
009180,69.8,20260829
009190,57.9,20260829
0091W0,16.6,20260829
009200,211.8,20260829
009240,111.9,20260829
009270,198.8,20260829
009290,65.9,20260829
009300,8.7,20260829
009310,80.1,20260829
009320,235.2,20260829
0093G0,19.3,20260829
009410,353.8,20260829
009420,48.6,20260829
009440,42.9,20260829
009450,52.4,20260829
009460,156.8,20260829
009470,54.4,20260829
009520,33.8,20260829
009540,30.7,20260829
009580,240.5,20260829
009620,7878.5,20260829
009680,10.4,20260829
0096B0,17.8,20260829
0096D0,13.0,20260829
009730,142.4,20260829
009770,11.1,20260829
009780,47.5,20260829
0097F0,18.2,20260829
009810,64.2,20260829
009830,91.4,20260829
0098T0,13.7,20260829
009900,32.3,20260829
009970,4.0,20260829
0099W0,14.1,20260829
0099X0,12.3,20260829
010040,41.8,20260829
010050,486.1,20240530
010060,5.3,20260829
010100,49.5,20260829
010120,123.8,20260829
010130,70.4,20260829
010140,280.1,20260829
010170,102.7,20260829
0101C0,15.2,20260829
010240,13.4,20260829
010280,102.4,20260829
010400,47.9,20260829
010420,192.8,20260415
010470,69.7,20260829
010580,43.8,20260829
0105P0,11.6,20260829
010600,45.3,20260829
010620,123.8,20251129
010640,132.4,20260829
010660,33.1,20260829
010690,102.3,20260829
010770,22.6,20260829
010780,101.9,20260829
010820,406.3,20260829
010950,198.3,20260829
010960,48.5,20260829
011000,120.7,20260829
011040,33.3,20260829
011070,112.5,20260829
011080,75.3,20260829
011090,242.5,20260829
011150,69.7,20260829
011160,433.9,20260829
011170,48.7,20260829
011200,28.4,20260829
011210,66.9,20260829
011230,260.0,20260829
011280,125.8,20260829
011300,179.6,20260829
011320,117.3,20260829
011330,76.6,20260829
011370,125.2,20260829
011390,32.0,20260829
011420,8.3,20260829
011500,46.9,20260829
011560,70.2,20260829
0115H0,11.4,20260829
011690,112.9,20260829
011700,18.2,20260829
011760,195.9,20260829
011780,33.9,20260829
011790,58.5,20260829
0117P0,22.1,20260829
011810,174.2,20260829
011930,173.8,20260829
012030,143.0,20260829
0120G0,16.1,20260829
012160,46.5,20260829
012170,17.8,20260829
012200,1462.3,20260829
012210,122.6,20260829
012280,179.4,20260829
012320,0.5,20260829
012330,29.0,20260829
012340,353.9,20260829
012450,185.6,20260829
012510,85.3,20260829
012600,35.9,20260829
012610,76.1,20260829
012620,81.9,20260829
012630,5.8,20260829
012690,19.5,20260829
0126Z0,0.3,20260829
012700,212.6,20260829
012750,36.5,20260829
012790,13.9,20260829
012800,149.7,20260829
012860,197.9,20260829
0129K0,11.7,20260829
013000,13.3,20260829
013030,7.9,20260829
0130D0,18.6,20260829
0130H0,5.2,20260829
013120,36.9,20260829
0131D0,12.0,20260829
0132G0,20.1,20260829
013310,178.0,20260829
013360,467.8,20260829
0134X0,12.8,20260829
013520,73.9,20260829
013570,7.1,20260829
013580,152.2,20260829
013700,107.1,20260829
013720,53.6,20260829
013810,41.5,20260829
013870,112.7,20260829
013890,28.1,20260829
013990,28.0,20260829
014100,57.0,20260829
014130,423.4,20260829
014160,42.9,20260829
014190,39.8,20260829
014200,21.4,20260829
014280,129.3,20260829
014440,9.2,20260829
014470,12.3,20260829
014530,116.6,20260829
014570,25.5,20260829
014580,65.9,20260829
014620,6.7,20260829
014680,36.4,20260829
014710,97.1,20260829
014790,219.0,20260829
014820,70.6,20260829
014830,18.5,20260829
014910,84.4,20260829
014940,30.4,20260829
014950,18.2,20260829
014970,48.6,20260829
014990,185.4,20260829
015020,123.2,20260829
015230,10.1,20260829
015260,263.3,20260829
015350,57.1,20220415
015360,46.1,20260829
015540,16.5,20250530
015590,46.0,20260829
0155E0,58.8,20260829
0156T0,7.6,20260829
015710,15.7,20260829
015750,63.3,20260829
015760,415.8,20260829
015860,26.1,20260829
015890,40.4,20260829
016090,12.8,20260829
016100,98.5,20260829
016170,54.9,20180829
016250,219.2,20260829
016360,1010.4,20260829
016380,57.8,20260829
016450,115.8,20260829
0164H0,8.0,20260829
016580,13.4,20260829
016590,9.2,20260829
0165X0,15.5,20260829
016600,29.4,20260829
016610,964.1,20260829
016670,53.0,20260829
016710,36.0,20260829
016740,30.3,20260829
016790,43.1,20260829
016800,10.8,20260829
016880,50.9,20260829
016920,157.3,20260829
017000,100.7,20260829
017040,1461.1,20260829
017180,149.0,20260829
017250,108.9,20260829
017370,51.7,20260829
017390,43.7,20260829
017480,12.6,20260829
017510,16.0,20260829
017550,44.8,20260829
017650,16.0,20260829
017670,89.4,20260829
017680,6.6,20260829
017800,153.1,20260829
017810,42.4,20260829
017860,220.9,20260829
017890,8.2,20260829
017900,8.6,20260829
017940,131.9,20260829
017960,65.7,20260829
018000,168.5,20260829
018120,19.7,20260829
018250,27.9,20260829
018260,32.1,20260829
018290,22.1,20260829
018310,13.7,20260829
018470,107.2,20260829
018500,156.2,20260530
018620,66.6,20260829
018670,117.3,20260829
018680,68.3,20260829
018700,34.3,20260829
018880,75.7,20260829
019010,41.7,20260829
019170,33.6,20260829
019180,127.3,20260829
019210,185.1,20260829
019440,71.4,20260829
019490,59.6,20260829
019540,143.1,20260829
019550,4.0,20260829
019570,57.1,20260829
019590,2.5,20251129
019660,131.2,20260829
019680,109.1,20260829
019770,76.9,20260829
019990,19.4,20260829
020000,18.1,20260829
020120,28.9,20260829
020150,37.1,20260829
020180,248.7,20260530
020400,159.9,20260829
020560,2713.7,20260829
020710,45.3,20260829
020760,111.7,20260829
021040,366.7,20260829
021050,182.3,20260829
021080,1.8,20260829
021240,109.8,20260829
021320,153.0,20260829
021650,3.1,20260829
021820,9.0,20260415
021880,11.1,20260530
022100,44.8,20260829
022220,59.3,20260829
023000,20.1,20260829
023150,66.6,20260829
023160,9.7,20260829
023350,152.5,20260829
023410,109.7,20260829
023440,101.5,20260829
023450,96.7,20260829
023460,132.1,20260415
023530,112.1,20260829
023590,61.8,20260829
023600,35.0,20260829
023760,572.0,20260829
023770,54.7,20260829
023790,330.4,20260829
023800,122.4,20260829
023810,133.8,20260829
023890,42.7,20210415
023900,5.5,20260829
023910,16.6,20260829
023960,143.3,20260829
024060,21.7,20260829
024070,19.8,20260829
024090,12.2,20260829
024110,1304.0,20260829
024120,98.3,20260829
024660,6.2,20180530
024720,46.0,20260829
024740,102.3,20260829
024800,32.1,20260829
024810,32.3,20260829
024830,28.2,20260829
024840,117.1,20260829
024850,15.0,20260829
024880,61.4,20260829
024890,124.4,20260829
024900,405.4,20260829
024910,320.4,20260829
024940,15.5,20260829
024950,47.2,20260829
025000,38.1,20260829
025320,35.1,20260829
025440,337.5,20260829
025530,8.1,20260829
025540,31.2,20260829
025550,81.6,20260829
025560,36.1,20260829
025620,48.9,20260829
025750,112.6,20260829
025770,81.1,20260829
025820,176.2,20260829
025860,93.0,20260829
025870,206.6,20260829
025880,44.7,20260829
025890,29.7,20260829
025900,104.3,20260829
025950,11.0,20260829
025980,53.9,20260829
026040,24.2,20260829
026150,116.4,20260829
026180,301.1,20190530
026260,62.2,20181129
026890,34.2,20260829
026910,371.4,20260829
026940,21.0,20260829
026960,3.9,20260829
027040,116.5,20260829
027050,17.5,20260829
027360,15.9,20260829
027390,182.5,20200414
027410,3.6,20260829
027580,128.6,20260829
027710,252.0,20260829
027740,328.9,20260829
027830,1.1,20260829
027970,93.1,20260829
028040,190.6,20201129
028050,125.8,20260829
028080,9.0,20260829
028100,101.6,20260829
028150,28.4,20210530
028260,40.3,20260829
028300,39.7,20260829
028670,103.6,20260829
029460,11.6,20260829
029480,15.5,20260829
029530,7.0,20260829
029780,284.5,20260829
029960,32.2,20260415
030000,129.5,20260829
030190,25.3,20260829
030200,90.3,20260829
030210,702.7,20260829
030270,93.5,20200530
030350,69.7,20260829
030520,22.2,20260829
030530,71.1,20260829
030610,845.7,20260829
030720,118.4,20260829
030790,1081.7,20231129
030960,9.4,20260415
031210,85.4,20260829
031310,23.6,20260829
031330,203.5,20260829
031390,56.9,20210829
031430,59.9,20260829
031440,117.2,20260829
031510,60.7,20260829
031820,49.1,20260829
031860,10.0,20260829
031980,16.7,20260829
032040,71.9,20260829
032080,15.7,20260829
032190,151.2,20260829
032280,60.1,20260829
032300,77.3,20260829
032350,2903.8,20260829
032500,56.6,20260829
032540,68.0,20260829
032560,23.3,20260829
032580,40.5,20260829
032620,33.3,20260829
032640,106.6,20260829
032680,48.4,20260829
032750,14.1,20260829
032790,59.8,20260829
032800,78.7,20260415
032820,58.1,20260829
032830,201.3,20260829
032850,11.9,20260829
032860,5.9,20260829
032940,59.9,20260829
032960,5.1,20260829
032980,42.5,20260829
033050,26.0,20260829
033100,14.4,20260829
033110,2607.3,20210829
033130,15.1,20260829
033160,210.5,20260829
033170,146.1,20260829
033180,9.0,20260829
033200,16.8,20260530
033230,54.8,20260829
033240,47.5,20260829
033250,74.4,20260829
033270,14.8,20260829
033290,142.6,20260829
033310,23.3,20260829
033320,38.8,20260829
033340,62.6,20260829
033430,138.4,20250415
033500,75.1,20260829
033530,84.8,20260829
033540,60.7,20260829
033560,15.1,20260829
033600,702.0,20210530
033640,331.9,20260829
033660,589.6,20260829
033780,52.6,20260829
033790,19.5,20260829
033830,4.5,20260829
033920,25.7,20260829
034020,153.0,20260829
034120,59.2,20260829
034220,781.1,20260829
034230,64.8,20260829
034300,444.7,20260415
034310,88.5,20260829
034590,101.0,20260829
034730,66.8,20260829
034810,51.3,20260829
034830,96.2,20260829
034940,110.1,20260829
034950,29.6,20260829
035000,120.7,20260829
035080,7.9,20260829
035150,32.5,20260829
035200,9.0,20260829
035250,18.0,20260829
035290,92.8,20260829
035420,33.2,20260829
035460,50.3,20260829
035480,74.8,20191129
035510,29.9,20260829
035600,117.7,20260829
035610,4.2,20260829
035620,70.0,20260829
035720,51.2,20260829
035760,115.3,20260829
035810,67.6,20260829
035890,36.7,20260829
035900,23.1,20260829
036000,1.2,20260829
036010,13.0,20260829
036030,54.6,20260829
036090,20.5,20260829
036120,20.9,20260829
036170,17.4,20260829
036180,90.6,20251129
036190,13.6,20260829
036200,16.8,20260829
036220,21.9,20260829
036260,679.8,20210415
036420,66.8,20260829
036460,457.7,20260829
036480,65.9,20260829
036490,272.6,20211129
036530,19.3,20260829
036540,19.0,20260829
036560,25.6,20260829
036570,23.1,20260829
036580,210.7,20260829
036620,28.5,20260829
036630,65.1,20260829
036640,13.5,20260829
036670,16.9,20260829
036690,207.9,20260829
036710,42.0,20260829
036800,209.4,20260829
036810,81.7,20260829
036830,7.7,20260829
036890,27.3,20260829
036930,46.4,20260829
037030,31.1,20260829
037070,61.4,20260829
037230,102.6,20260829
037270,53.1,20260829
037330,61.3,20260829
037350,85.6,20260829
037370,331.3,20260829
037400,23.2,20260829
037440,148.4,20260829
037460,35.3,20260829
037560,168.6,20260829
037710,38.9,20260829
037760,145.6,20260829
037950,14.4,20260829
038010,31.2,20260829
038060,35.6,20260829
038070,34.6,20260829
038110,156.6,20260829
038160,124.1,20240414
038290,110.6,20260829
038340,64.4,20260829
038390,254.1,20260829
038460,18.1,20260829
038500,62.5,20260829
038530,10.8,20260829
038540,24.1,20260829
038620,12.4,20260829
038680,180.5,20260829
038870,32.0,20260829
038880,91.2,20260829
038950,6.5,20260829
039010,44.0,20260829
039020,11.5,20260829
039030,10.9,20260829
039130,258.2,20260829
039200,12.1,20260829
039230,370.6,20250415
039240,48.8,20260829
039290,39.3,20260829
039310,13.3,20260829
039340,18.3,20260829
039420,10.1,20260829
039440,16.8,20260829
039490,1277.6,20260829
039560,29.0,20260829
039570,38.2,20260829
039610,31.8,20260829
039670,318.6,20250415
039740,118.3,20260829
039790,799.5,20260530
039830,207.6,20260829
039840,48.8,20260829
039860,4.6,20260829
039980,19.0,20260829
040160,89.3,20260829
040300,49.8,20260829
040350,27.2,20260829
040420,28.6,20260829
040610,55.0,20260829
040910,114.3,20260829
041020,8.8,20260829
041140,9.1,20220415
041190,20.8,20260829
041440,86.8,20260829
041460,33.6,20260829
041510,52.7,20260829
041520,3.7,20260829
041590,5.1,20260829
041650,86.5,20260829
041830,5.3,20260829
041910,33.0,20260829
041920,10.0,20260829
041930,9.3,20260829
041960,71.9,20260829
042000,49.8,20260829
042040,62.2,20260829
042110,31.4,20260829
042370,6.8,20260829
042420,1.5,20260829
042500,54.0,20260829
042510,35.1,20260829
042520,82.6,20260829
042600,184.6,20260829
042660,172.0,20260829
042670,91.8,20251129
042700,19.6,20260829
042940,10.6,20260829
043090,27.8,20260829
043100,187.0,20260829
043150,19.9,20260829
043200,125.1,20260829
043220,60.4,20260829
043260,204.5,20260829
043290,103.0,20210530
043340,158.8,20260829
043360,18.1,20260829
043370,28.8,20260829
043580,3.3,20180530
043590,10.4,20260829
043610,69.9,20260829
043650,7.5,20260829
043710,144.3,20260829
043910,48.7,20260829
044060,52.3,20260829
044180,4724.2,20260829
044340,127.9,20260829
044380,17.2,20260829
044450,230.2,20260829
044480,50.6,20260829
044490,35.0,20260829
044780,35.0,20260829
044820,145.1,20260829
044960,24.0,20260829
044990,15.9,20260829
045060,15.0,20260829
045100,38.7,20260829
045300,30.1,20260829
045340,39.2,20260829
045390,71.9,20260829
045510,131.6,20260829
045520,309.0,20260829
045660,35.9,20260829
045890,114.4,20211129
045970,116.5,20260829
046070,245.0,20260829
046110,107.3,20250415
046120,58.5,20260829
046140,27.8,20240414
046210,4.1,20260829
046310,50.6,20260829
046390,29.7,20260829
046440,64.0,20260829
046890,40.3,20260829
046940,44.4,20260829
046970,36.2,20260829
047040,326.1,20260829
047050,158.6,20260829
047080,26.4,20260829
047310,64.1,20260829
047400,177.7,20260829
047440,223.5,20180829
047560,126.7,20260829
047770,6.1,20260829
047810,484.7,20260829
047820,15.3,20260829
047920,31.3,20260829
048260,135.0,20260829
048410,26.6,20260829
048430,19.9,20260829
048470,31.2,20260829
048530,10.0,20260829
048550,121.5,20260829
048770,192.3,20260829
048830,39.9,20260829
048870,12.0,20260829
048910,129.6,20260829
049070,7.4,20260829
049080,94.2,20260829
049120,150.4,20260829
049180,93.4,20260829
049430,4.3,20260829
049470,26.4,20260829
049480,46.1,20260829
049520,20.8,20260829
049550,91.3,20260829
049630,83.3,20260829
049720,68.6,20260829
049770,79.7,20260829
049800,225.4,20260829
049830,25.0,20260829
049950,22.6,20260829
049960,5.0,20260829
050090,26.1,20260829
050110,111.7,20260829
050120,17.8,20260829
050320,9.5,20241129
050540,182.9,20260829
050760,82.8,20260829
050860,51.5,20260415
050890,49.3,20260829
050960,7.4,20260829
051160,23.0,20260829
051360,73.2,20260829
051370,8.1,20260829
051380,187.2,20260829
051390,15.9,20260829
051490,69.6,20260829
051500,262.2,20260829
051600,24.8,20260829
051630,17.1,20260829
051780,230.6,20260829
051900,11.6,20260829
051910,50.7,20260829
051980,21.9,20260829
052020,10.0,20260829
052190,194.9,20260829
052220,11.2,20260829
052260,14.2,20260829
052290,22.6,20180829
052300,1.4,20260829
052330,27.3,20260829
052400,118.6,20260829
052420,15.0,20260829
052460,68.3,20260829
052600,34.2,20260829
052670,7.7,20260829
052690,33.6,20260829
052710,134.9,20260829
052770,65.4,20260829
052790,6.8,20260829
052860,42.5,20260829
052900,29.2,20260829
053030,93.7,20260829
053050,119.3,20260829
053060,274.5,20260829
053080,126.5,20260829
053110,307.5,20240414
053160,16.2,20260829
053210,67.9,20260829
053260,22.6,20260829
053270,176.2,20260829
053280,188.2,20260829
053290,28.1,20260829
053300,21.9,20260829
053350,5.7,20260829
053450,178.5,20260829
053580,19.2,20260829
053590,456.7,20240829
053610,11.4,20260829
053620,16.7,20260829
053660,154.3,20231129
053690,38.7,20260829
053700,249.9,20260829
053800,33.1,20260829
053950,16.7,20260829
053980,63.8,20260829
054040,97.0,20260829
054050,15.8,20260829
054090,130.9,20260829
054180,52.7,20260829
054210,87.5,20260829
054220,110.0,20260829
054300,66.5,20260829
054340,445.5,20260829
054410,70.5,20260829
054450,175.9,20260829
054540,124.9,20260829
054620,42.3,20260829
054630,3210.5,20260415
054670,88.8,20260829
054780,31.2,20260829
054800,63.1,20260829
054920,64.3,20260829
054930,121.4,20260829
054940,126.7,20260829
054950,23.0,20260829
055490,41.7,20260829
055550,40.4,20260829
056000,27.4,20231129
056080,54.0,20260829
056090,31.9,20260829
056190,53.1,20260829
056360,17.9,20260829
056700,61.9,20260829
056730,25.0,20260829
057030,53.5,20260829
057050,12.1,20260829
057500,9.0,20251129
057540,19.0,20260829
057680,14.5,20260829
057880,524.9,20251129
058110,44.5,20260829
058220,425.6,20211129
058400,6.8,20260829
058420,124.0,20230530
058430,30.7,20260829
058450,47.3,20260829
058470,10.3,20260829
058530,77.6,20260829
058610,84.2,20260829
058630,16.8,20260829
058650,20.0,20260829
058730,135.9,20260829
058820,55.9,20260829
058850,82.7,20260829
058860,85.5,20260829
058970,17.3,20260829
059090,195.7,20260829
059100,31.3,20260829
059120,10.2,20260829
059210,46.9,20260829
059270,50.6,20260829
060150,34.9,20260829
060230,98.1,20260829
060240,13733.4,20260829
060250,115.8,20260829
060260,131.9,20260829
060280,10.3,20260829
060300,1303.5,20231129
060310,25.2,20260530
060370,14.8,20260829
060380,58.9,20260829
060480,10.6,20260829
060540,19.3,20260829
060560,142.8,20260829
060570,39.3,20260829
060590,81.7,20260829
060720,10.4,20260829
060850,80.6,20260829
060900,21.2,20260829
060980,84.4,20260829
061040,47.0,20260829
061090,14.2,20260829
061250,4.0,20260829
061970,127.1,20260829
062040,14.2,20260829
062860,183.3,20260829
062970,32.0,20260829
063080,280.8,20260829
063160,145.1,20260829
063170,147.0,20260829
063440,7.9,20260829
063570,226.3,20260829
063760,22.7,20260829
064090,1.4,20260829
064240,6.1,20260829
064260,126.6,20260829
064290,184.0,20260829
064350,163.3,20260829
064400,64.2,20260829
064480,26.6,20260829
064510,49.6,20260829
064520,3.2,20260829
064550,78.9,20260829
064760,9.7,20260829
064800,20.1,20260829
064820,34.0,20260829
064850,16.6,20260829
064960,26.1,20260829
065060,174.7,20260829
065130,21.1,20260829
065150,36.6,20260829
065160,10.9,20250530
065170,100.2,20260829
065350,49.8,20260829
065370,122.1,20260829
065420,112.5,20260829
065440,27.9,20260829
065450,102.7,20260829
065500,140.5,20260829
065510,117.7,20260829
065530,85.5,20260829
065560,27.3,20260829
065570,186.0,20260829
065620,161.0,20210829
065650,72.1,20260829
065660,2.7,20260829
065680,30.1,20260829
065690,32.8,20260829
065710,31.5,20260829
065770,46.8,20260829
065940,746.8,20211129
065950,81.9,20260829
066110,6.1,20220415
066130,35.3,20260829
066310,7.9,20260829
066360,127.0,20260829
066410,7.9,20260829
066430,27.4,20260829
066570,192.6,20260829
066590,140.1,20260829
066620,37.1,20260829
066670,4.0,20260829
066700,52.7,20260829
066790,16.8,20260829
066900,142.8,20260829
066910,221.7,20260829
066970,267.8,20260829
066980,135.2,20260829
067000,137.4,20260829
067010,45.2,20260530
067080,150.0,20260829
067160,62.4,20260829
067170,101.2,20260829
067280,36.1,20260829
067290,52.0,20260829
067310,107.8,20260829
067370,114.2,20260829
067390,73.1,20260829
067570,208.4,20260829
067630,41.0,20260829
067730,44.2,20260829
067770,2.2,20260829
067830,28.9,20260829
067900,40.7,20260829
067920,36.9,20260829
067990,315.0,20260829
068050,48.4,20260829
068100,26.2,20260829
068240,218.7,20260829
068270,23.0,20260829
068290,17.8,20260829
068330,10.0,20260829
068400,698.9,20260829
068760,73.5,20260829
068790,21.6,20260829
068930,77.2,20260829
068940,212.4,20260829
069080,12.6,20260829
069110,161.4,20260829
069140,49.8,20260829
069260,25.5,20260829
069330,38.3,20260829
069410,28.0,20260829
069460,84.1,20260829
069510,41.1,20260829
069540,20.9,20260829
069620,104.8,20260829
069640,3777.5,20260829
069730,39.3,20260829
069920,130.7,20260829
069960,74.0,20260829
070300,49.5,20260829
070590,115.3,20260829
070960,163.6,20260829
071050,80.3,20260829
071090,96.0,20260829
071200,15.5,20260829
071280,19.6,20260829
071320,218.9,20260829
071460,111.0,20260829
071670,201.6,20260829
071840,106.5,20260829
071850,178.6,20260829
071950,114.3,20260829
071970,92.9,20260829
072020,16.1,20260829
072130,23.6,20260829
072470,9.9,20260829
072520,71.6,20250530
072710,9.7,20260829
072770,131.7,20260829
072870,7.2,20260829
072950,27.3,20260829
072990,66.8,20260829
073010,60.3,20260829
073070,46.8,20210829
073110,72.9,20260829
073190,58.9,20260829
073240,160.2,20260829
073490,35.8,20260829
073540,18.8,20260829
073560,36.5,20260829
073570,5.2,20260829
073640,105.4,20260829
074430,53.5,20260829
074600,55.5,20260829
074610,136.1,20260829
075130,10.7,20260829
075180,9.5,20260829
075580,106.4,20260829
075970,56.6,20260829
076080,200.4,20260829
076610,50.4,20260829
077280,46.1,20191129
077360,143.4,20260829
077500,178.8,20260829
077970,233.6,20260829
078000,16.5,20260829
078020,1455.1,20260829
078070,1.9,20260829
078130,9.7,20260829
078140,101.4,20260829
078150,31.9,20260829
078160,97.3,20260829
078340,41.5,20260829
078350,90.1,20260829
078520,77.7,20260829
078590,22.6,20260829
078600,135.0,20260829
078650,101.8,20241129
078860,21.1,20260829
078890,131.0,20260829
078930,6.6,20260829
078940,29.5,20250829
079000,7.3,20260829
079160,132.7,20260829
079170,22.9,20260829
079190,25.0,20260829
079370,50.9,20260829
079430,95.5,20260829
079550,435.3,20260829
079650,5.7,20260829
079660,174.7,20190530
079810,33.1,20260829
079900,31.6,20260829
079940,138.9,20260829
079950,153.1,20260829
079960,16.8,20260829
079970,44.5,20260829
079980,231.2,20260829
080000,19.5,20241129
080010,12.8,20260829
080160,119.5,20260829
080220,64.8,20260829
080420,147.2,20260829
080440,334.7,20210530
080470,130.4,20260829
080520,5.1,20260829
080530,33.7,20260829
080580,78.7,20260829
080720,132.4,20260829
081000,18.1,20260829
081150,68.7,20260829
081180,235.1,20260829
081580,22.9,20260829
081660,54.1,20260829
081970,25.3,20260829
082210,297.3,20260829
082270,120.2,20260829
082640,1419.3,20260829
082660,125.6,20251129
082740,215.9,20260829
082800,61.5,20260829
082850,14.9,20260829
082920,17.9,20260829
083310,21.1,20260829
083370,2.5,20200829
083380,1.4,20200530
083420,76.8,20260829
083450,28.7,20260829
083470,48.1,20260829
083500,34.4,20260829
083550,40.9,20260829
083640,7.1,20260829
083650,432.1,20260829
083660,50.3,20260829
083790,103.5,20260829
083930,104.7,20260829
084010,23.3,20260829
084110,32.8,20260829
084180,59.9,20260829
084370,13.2,20260829
084440,222.2,20260829
084650,41.3,20260829
084670,193.4,20260829
084680,89.3,20260829
084690,34.3,20260829
084730,87.1,20260829
084850,1078.4,20260829
084870,79.0,20260829
084990,3.2,20260829
085310,8.7,20260829
085370,19.0,20240414
085620,1326.2,20260829
085660,55.1,20260829
085670,30.7,20260829
085810,3.6,20260829
085910,74.0,20260829
086040,102.4,20260829
086060,28.8,20260829
086080,36.7,20210415
086250,242.2,20250530
086280,88.2,20260829
086390,97.9,20260829
086450,32.7,20260829
086520,86.2,20260829
086670,78.2,20260829
086710,102.0,20260829
086790,33.9,20260829
086820,61.3,20260829
086890,30.0,20260829
086900,52.6,20260829
086960,33.3,20260829
086980,73.8,20260829
087010,29.7,20260829
087260,35.4,20260829
087600,26.9,20260829
087730,20.3,20230415
088130,36.3,20260829
088260,114.1,20260829
088280,52.0,20260829
088290,248.6,20260829
088340,80.7,20260829
088350,769.1,20260829
088390,47.2,20260829
088790,32.6,20260829
088800,326.3,20260829
088910,14.3,20260829
089010,186.3,20260829
089030,209.9,20260829
089140,16.1,20260829
089150,54.4,20260829
089230,208.6,20260829
089470,98.5,20260829
089530,96.4,20250415
089590,1134.2,20260829
089600,94.1,20260829
089790,38.2,20260829
089850,104.4,20260829
089860,443.4,20260829
089890,69.9,20260829
089970,21.0,20260829
089980,68.2,20260829
090080,246.8,20260829
090150,69.4,20260829
090350,79.6,20260829
090360,29.5,20260829
090370,29.4,20260829
090410,74.4,20260829
090430,11.3,20260829
090460,38.2,20260829
090470,97.0,20260829
090710,4.1,20260829
090730,34.2,20180530
090740,65.7,20260829
090850,105.3,20260829
091090,143.9,20260829
091120,53.2,20260829
091340,128.7,20260829
091440,113.0,20260829
091580,110.0,20260829
091590,14.4,20260829
091700,38.3,20260829
091810,2575.3,20260829
091970,147.6,20260829
091990,101.6,20231129
092040,67.2,20260829
092070,8.0,20260829
092130,35.1,20260829
092190,248.8,20260829
092200,416.2,20260829
092220,55.8,20260829
092230,7.2,20260829
092300,72.2,20260829
092440,8.0,20260530
092460,45.7,20260829
092600,64.8,20260530
092730,12.5,20260829
092780,259.7,20260829
092790,73.2,20260829
092870,28.3,20260829
093050,22.0,20260829
093190,12.0,20260829
093230,33.1,20260829
093240,110.0,20260415
093320,41.0,20260829
093370,99.5,20260829
093380,30.2,20260829
093520,132.3,20260829
093640,2.4,20260829
093920,3.3,20260829
094170,52.9,20260829
094190,138.1,20250829
094280,182.4,20260829
094360,22.1,20260829
094480,216.4,20260829
094820,43.0,20260829
094840,1.8,20260829
094850,51.1,20260829
094860,12.4,20260829
094940,30.6,20260829
094970,40.8,20260829
095190,84.7,20260829
095270,54.2,20260829
095340,8.7,20260829
095500,59.2,20260829
095570,252.8,20260829
095610,20.9,20260829
095660,13.4,20260829
095700,65.8,20260829
095720,83.7,20260829
095910,180.9,20260829
096040,28.8,20260829
096240,241.4,20260829
096250,16.7,20260829
096350,228.3,20260829
096530,18.6,20260829
096610,30.6,20260829
096630,63.7,20260829
096640,25.3,20260829
096690,33.7,20260829
096760,94.2,20260829
096770,50.1,20260829
096870,9.5,20260829
097230,250.8,20260829
097520,62.5,20260829
097780,1.3,20260829
097800,114.3,20260829
097870,12.4,20260415
097950,135.0,20260829
098070,36.0,20260829
098120,28.1,20260829
098460,21.0,20260829
098660,230.1,20260829
099190,59.0,20260829
099220,129.9,20260829
099320,53.0,20260829
099390,4.6,20260829
099410,30.8,20260829
099430,49.1,20260829
099440,91.6,20260829
099520,19.6,20260829
099660,42.8,20210415
099750,36.9,20260530
099830,53.0,20190415
100030,19.7,20260829
100090,36.5,20260829
100120,34.3,20260829
100130,33.7,20260829
100220,79.8,20260829
100250,12.3,20260829
100590,35.4,20260829
100660,19.5,20260829
100700,8.3,20260829
100790,9.5,20260829
100840,39.6,20260829
101000,68.2,20260829
101060,0.3,20211129
101140,3.8,20260829
101160,14.1,20260829
101170,14.7,20260829
101240,19.2,20260829
101330,0.3,20260829
101360,126.8,20260829
101390,5243.4,20260829
101400,6.8,20260829
101490,23.6,20260829
101530,126.8,20260829
101670,207.3,20260829
101680,160.4,20260829
101730,1.3,20260829
101930,14.4,20260829
101970,33.0,20260829
102120,44.7,20260829
102210,5.4,20260829
102260,58.2,20260829
102280,37.8,20260829
102370,84.0,20260829
102460,120.4,20260829
102710,32.1,20260829
102940,54.8,20260829
103130,161.0,20210829
103140,80.9,20260829
103230,57.5,20260829
103590,149.3,20260829
103840,243.0,20260829
104040,59.3,20260829
104200,29.8,20260829
104460,52.5,20260829
104480,20.4,20260829
104540,58.3,20260829
104620,156.4,20260829
104700,14.8,20260829
104830,17.3,20260829
105330,70.5,20260829
105550,48.9,20260829
105560,26.6,20260829
105630,69.8,20260829
105740,60.8,20260829
105760,34.1,20260829
105840,26.9,20260829
106080,81.9,20260829
106190,10.3,20260829
106240,127.4,20260829
106520,170.7,20260530
107590,31.4,20260829
107600,84.4,20260829
107640,141.3,20260829
108230,35.4,20260829
108320,27.1,20260829
108380,22.2,20260829
108490,2.3,20260829
108670,150.3,20260829
108790,166.2,20200530
108860,20.1,20260829
109070,49.1,20260829
109080,10.6,20260829
109610,126.9,20260829
109670,63.9,20260829
109740,7.7,20260829
109820,53.8,20260829
109860,7.3,20260829
109960,3.9,20260829
110020,8.7,20260829
110790,80.5,20260829
110990,15.3,20260829
111110,109.6,20260829
111380,72.7,20260829
111710,8.0,20260829
111770,42.7,20260829
111820,21.1,20260829
111870,5.6,20260829
112040,23.5,20260829
112240,5.0,20260829
112290,239.3,20260829
112610,52.0,20260829
113810,140.9,20260829
114090,39.6,20260829
114120,760.8,20240530
114190,128.2,20260829
114450,32.3,20260829
114570,319.8,20220530
114630,20.9,20260829
114810,21.4,20260829
114840,36.0,20260829
115160,123.3,20260829
115180,99.2,20260829
115310,9.7,20260829
115390,12.3,20250415
115440,30.2,20260829
115450,29.1,20260829
115480,78.0,20260829
115500,58.4,20260829
115530,279.7,20260829
115570,39.5,20260829
115610,34.4,20260829
115960,38.8,20250415
117580,84.5,20260829
117670,69.6,20260829
117730,32.1,20260829
118000,50.1,20260829
118990,111.6,20260829
119500,23.9,20260829
119610,58.8,20260829
119650,242.9,20260829
119830,33.9,20260829
119850,66.9,20260829
119860,36.6,20250415
120030,6.8,20260829
120110,91.4,20260829
120240,16.8,20260829
121440,12.5,20260829
121600,47.1,20260829
121800,6.8,20260829
121850,252.0,20260829
121890,17.8,20260829
122310,61.7,20260829
122350,317.5,20260829
122450,103.1,20260829
122640,53.9,20260829
122690,320.4,20260829
122800,87.4,20190415
122870,15.2,20260829
122900,118.0,20260829
122990,13.7,20260829
123010,60.9,20260829
123040,935.2,20260829
123100,16.0,20181129
123260,694.4,20190829
123330,63.0,20260829
123410,89.3,20260829
123420,7.9,20260829
123570,46.2,20260829
123690,20.9,20260829
123700,11.7,20260829
123750,26.5,20260829
123840,10.0,20260829
123860,95.0,20260829
123890,41.2,20260829
124500,96.5,20260829
124560,119.5,20260829
125020,80.7,20260829
125210,141.7,20260829
125490,77.2,20260829
126340,129.8,20260829
126560,3.2,20260829
126600,32.8,20260829
126640,54.2,20260829
126700,53.3,20260829
126720,8.4,20260829
126730,17.4,20260829
126870,48.1,20260829
126880,64.0,20260829
127120,81.2,20260829
127160,224.8,20210829
127710,50.3,20260829
127980,115.0,20260829
128540,41.9,20260829
128660,62.8,20260829
128820,80.1,20260829
128940,63.5,20260829
129260,79.1,20260829
129890,72.2,20260829
129920,135.1,20260829
130500,78.5,20260829
130580,20.4,20260829
130660,117.3,20260829
130740,31.0,20260829
130960,80.5,20180530
131030,9.8,20260829
131090,5.2,20260829
131100,39.1,20260829
131180,9.4,20260829
131220,22.4,20260829
131290,19.1,20260829
131370,22.2,20260829
131390,151.6,20221129
131400,28.9,20260829
131760,187.0,20260829
131970,62.3,20260829
133750,25.7,20260829
133820,271.2,20260829
134060,21.4,20260829
134380,31.2,20260829
134580,66.3,20260829
134780,29.4,20260829
134790,47.5,20260829
136150,53.6,20260829
136410,51.9,20260829
136480,174.9,20260829
136490,89.5,20260829
136510,152.1,20260415
136540,8.1,20260829
137080,15.1,20260829
137310,1.9,20260829
137400,122.8,20260829
137940,4.5,20260829
137950,110.3,20260829
138040,56.4,20260829
138070,19.1,20260829
138080,53.0,20260829
138250,58.5,20221129
138360,39.3,20260829
138490,22.9,20260415
138580,25.7,20250415
138610,34.6,20260829
138690,3.2,20240530
138930,34.2,20260829
139050,44.1,20260829
139130,38.2,20260829
139480,98.7,20260829
139670,7.4,20260829
139990,462.2,20260829
140070,157.6,20260829
140410,172.5,20260829
140430,58.9,20260829
140520,89.2,20260829
140670,55.8,20260829
140860,35.9,20260829
140890,139.9,20190829
140910,202.1,20260829
141000,11.9,20260829
141020,437.1,20231129
141070,550.9,20210829
141080,14.3,20260829
142210,230.9,20260829
142280,69.6,20260829
142760,74.4,20260829
143160,33.1,20260829
143210,717.7,20260829
143240,13.9,20260829
143540,85.9,20260829
144510,58.9,20260829
144620,82.7,20220415
144960,51.7,20260829
145020,11.1,20260829
145170,161.3,20260829
145210,71.0,20260829
145270,108.0,20260829
145720,80.8,20260829
145990,123.2,20260829
146060,97.8,20260829
146320,135.5,20260829
147760,109.1,20260829
147830,12.2,20260829
148140,592.7,20260415
148150,36.6,20260829
148250,58.2,20260829
148780,32.7,20260829
148930,18.3,20260829
149940,2322.0,20200530
149950,5.7,20260829
149980,8.8,20260829
150440,144.3,20240414
150840,27.3,20260829
150900,22.9,20260829
151860,40.8,20260829
151910,59.4,20260829
152330,33.8,20201129
153360,15.5,20220415
153460,7.3,20260829
153490,36.0,20260829
153710,62.8,20260829
153890,40.6,20260829
154030,73.2,20260829
154040,48.4,20260829
155650,21.8,20260829
155660,38.1,20260829
155900,0.5,20231129
155960,361.4,20260829
156100,47.2,20260829
158310,16.3,20240530
158430,26.4,20260829
159010,162.2,20260829
159580,10.6,20260829
159650,48.6,20201129
159910,196.8,20260829
160190,53.9,20260829
160550,104.7,20260829
160600,60.1,20260829
160980,23.4,20260829
161000,88.8,20260829
161390,31.7,20260829
161570,6.0,20240530
161580,81.0,20260829
161890,80.0,20260829
162300,125.9,20260829
163280,44.6,20260829
163560,44.2,20260829
163730,82.7,20260829
164060,59.0,20240829
166090,40.5,20260829
166480,132.6,20260829
168330,59.2,20260829
168360,138.3,20260829
169330,58.1,20260415
170030,36.9,20260829
170790,16.3,20260829
170900,93.4,20260829
170920,37.7,20260829
171010,206.2,20260829
171090,198.1,20260829
171120,12.3,20260829
172580,12.4,20211129
172670,111.3,20260829
173130,115.6,20260829
173940,652.7,20260829
174880,2.8,20260829
174900,21.5,20260829
175140,7.8,20260829
175250,187.6,20260829
175330,45.1,20260829
176440,4.7,20221129
176560,53.4,20190415
176750,51.4,20260829
177350,46.4,20260829
177830,109.7,20260829
177900,44.4,20260829
178320,81.2,20260829
178780,12.0,20260829
178920,29.2,20260829
179290,14.2,20260829
179530,85.8,20260829
179900,51.7,20260829
180400,11.7,20260829
180640,13.4,20260829
181340,172.6,20240530
181710,15.7,20260829
182360,56.5,20260829
182400,79.0,20260829
182690,128.5,20220415
183190,32.7,20260829
183300,73.2,20260829
183490,2.1,20260829
184230,84.0,20260829
185490,15.3,20260829
185750,82.4,20260829
186230,129.2,20260829
187220,62.9,20260829
187270,28.3,20260829
187420,74.2,20260829
187660,48.8,20260829
187790,117.2,20260829
187870,38.0,20260829
188040,56.5,20260829
188260,104.1,20260829
189300,81.4,20260829
189330,13.4,20260829
189690,7.6,20260415
189860,56.6,20260829
189980,123.9,20260829
190510,37.9,20260829
190650,940.0,20260530
191410,39.7,20260829
191420,65.1,20260829
192080,6.6,20260829
192250,98.7,20260829
192390,106.4,20260829
192400,22.5,20260829
192410,543.3,20260829
192440,10.1,20260829
192530,1292.4,20260829
192650,52.4,20260829
192820,201.2,20260829
193250,38.0,20260829
194370,92.4,20260829
194480,47.0,20260829
194510,71.6,20260829
194610,271.4,20190415
194700,40.1,20260829
195440,227.1,20221129
195500,55.6,20260829
195870,55.1,20260829
195940,49.7,20260829
195990,22.2,20260829
196170,25.8,20260829
196300,115.9,20260829
196450,48.8,20260829
196490,700.5,20260829
196700,71.1,20260829
197140,34.3,20260415
197210,125.3,20210530
198080,53.6,20260829
198440,217.7,20260829
198940,282.9,20260829
199430,150.8,20260829
199480,131.7,20260829
199550,37.5,20260829
199730,171.4,20260829
199800,10.3,20260829
199820,39.1,20260829
200130,49.5,20260829
200230,56.3,20260829
200350,4.6,20260829
200470,212.4,20260829
200670,8.6,20260829
200710,125.0,20260829
200780,110.5,20260829
200880,55.1,20260829
201490,15.1,20260829
203400,15.9,20260829
203450,61.1,20260829
203650,49.4,20260829
203690,49.2,20260829
204020,37.1,20260829
204210,90.1,20260829
204270,42.7,20260829
204320,89.7,20260829
204610,10.1,20260829
204620,20.2,20260829
204630,195.7,20260829
204840,34.8,20260829
204990,113.3,20200530
205100,10.5,20260829
205470,34.5,20260829
205500,120.1,20260829
206400,4.5,20260829
206560,132.3,20260829
206640,16.9,20260829
206650,31.7,20260829
207760,43.6,20260829
207940,46.4,20260829
208140,69.2,20260829
208340,82.4,20260415
208350,32.0,20260829
208370,11.6,20260829
208640,19.2,20260829
208710,67.8,20260829
208860,70.0,20260829
209640,68.7,20260829
210120,342.0,20260829
210540,14.0,20260829
210980,196.3,20260829
211050,358.4,20260829
211270,26.8,20260829
212560,44.6,20260829
212710,151.8,20260829
213090,3.1,20210829
213420,24.4,20260829
213500,187.5,20260829
214150,24.3,20260829
214180,14.2,20260829
214260,86.2,20260829
214270,17.6,20260829
214310,1.5,20260829
214320,42.3,20260829
214330,29.3,20260829
214370,10.3,20260829
214390,150.1,20260829
214420,35.0,20260829
214430,39.7,20260829
214450,41.4,20260829
214610,42.8,20260829
214680,173.3,20260829
214870,328.4,20250415
215000,18.4,20260829
215090,22.3,20260829
215100,6.3,20260829
215200,71.8,20260829
215360,200.9,20260829
215380,273.5,20260829
215480,23.6,20260829
215600,6.5,20260829
215790,38.8,20260829
216050,102.2,20260829
216080,181.9,20260829
217190,96.0,20260829
217270,8.8,20260829
217330,68.0,20260829
217480,16.6,20260829
217500,11.2,20260829
217590,82.3,20260829
217600,31.3,20221129
217620,426.2,20250829
217730,20.7,20260829
217820,246.7,20260829
218150,16.9,20260829
218410,28.1,20260829
219130,97.4,20260829
219420,7.0,20260829
219550,116.2,20260829
219750,101.0,20260829
220100,14.7,20260829
220110,1167.1,20190415
220180,18.2,20260829
220260,27.2,20260829
220630,49.5,20230415
221610,406.8,20210829
221800,0.9,20260829
221840,127.0,20260829
221980,35.1,20260829
222040,117.2,20260829
222080,29.3,20260829
222110,8.2,20260829
222160,64.7,20260829
222420,90.7,20260829
222800,163.7,20260829
222810,1293.0,20260829
222980,77.5,20260829
223250,97.5,20260829
223310,278.0,20260829
224060,15.6,20260829
224110,36.4,20260829
224880,149.4,20210415
225190,40.1,20260829
225220,36.3,20260829
225330,153.6,20220415
225430,78.9,20260829
225530,92.1,20260829
225570,65.5,20260829
225590,31.0,20260829
225650,80.8,20200414
226320,1.1,20260829
226330,46.8,20260829
226340,56.0,20260530
226350,121.0,20241129
226360,28.1,20260829
226400,57.6,20260829
226440,141.7,20260829
226590,117.8,20260829
226950,18.2,20260829
227100,14208.7,20250530
227610,164.4,20260829
227840,21.4,20260829
227950,14.0,20260829
228340,6.2,20260829
228670,96.2,20260829
228760,1.9,20260829
228850,6.8,20260829
229000,147.3,20260829
229640,1.1,20260829
230240,103.4,20260829
230360,50.8,20260829
230980,257.1,20260829
232140,17.8,20260829
232680,54.3,20260829
232830,162.7,20260829
234030,55.4,20260829
234080,33.6,20260829
234100,12.6,20260829
234300,78.3,20260829
234340,181.3,20260829
234690,100.2,20260829
234920,159.0,20260829
235980,7.5,20260829
236200,8.8,20260829
236810,72.4,20260829
237690,31.9,20260829
237750,162.4,20260829
237820,57.8,20260829
237880,28.6,20260829
238090,37.9,20260829
238120,52.4,20260829
238170,14.0,20250415
238200,32.3,20260829
238490,54.2,20260829
239340,26.2,20260829
239610,2.7,20260829
239890,18.8,20260829
240550,33.3,20260829
240600,74.6,20260829
240810,39.4,20260829
241520,42.5,20260829
241560,72.9,20260829
241590,8.7,20260829
241690,88.3,20260829
241710,123.0,20260829
241770,7.1,20260829
241790,42.8,20260829
241820,523.2,20251129
241840,8.2,20260829
242040,130.9,20260829
243070,57.7,20260829
243840,56.6,20260829
244460,2281.3,20260829
244920,93.2,20260829
245620,68.4,20260829
246250,68.2,20260829
246690,14.4,20260829
246710,73.4,20260530
246720,23.3,20260829
246960,137.4,20260829
247540,95.9,20260829
247660,16.5,20260829
248070,152.6,20260829
248170,42.9,20260829
249420,106.9,20260829
250000,201.6,20260829
250060,18.0,20260829
250930,572.6,20260829
251120,4.7,20260829
251270,24.0,20260829
251370,82.3,20260829
251630,47.8,20260829
251970,31.6,20260829
252500,12.7,20260829
252990,40.2,20260829
253450,30.7,20260829
253590,42.9,20260829
253840,22.7,20260829
254120,75.8,20260829
254490,124.7,20260829
255220,59.0,20260829
255440,59.4,20260829
256150,13.5,20260829
256630,39.4,20260829
256840,10.5,20260829
256940,119.3,20260829
257370,155.5,20260829
257720,30.1,20260829
257990,85.1,20260415
258610,64.8,20260829
258790,168.9,20260829
258830,129.7,20260829
259630,105.8,20260829
259960,16.0,20260829
260660,125.0,20260829
260930,30.0,20260829
260970,39.0,20260829
261200,153.4,20260829
261520,31.7,20260829
261780,113.8,20260829
262260,158.8,20260829
262760,18.7,20190415
262840,72.6,20260829
263020,28.3,20260829
263050,207.9,20260829
263540,740.5,20240414
263600,97.4,20260829
263690,33.4,20260829
263700,7.2,20260829
263720,12.5,20260829
263750,19.0,20260829
263770,10.4,20260829
263800,137.1,20260829
263810,66.6,20260829
263860,29.8,20260829
263920,38.3,20260829
264450,16.4,20260829
264660,23.0,20260829
264850,29.8,20260829
264900,55.6,20260829
265520,83.9,20260829
265560,32.5,20260829
265740,32.3,20260829
267250,42.0,20260829
267260,93.6,20260829
267270,73.1,20260829
267290,88.3,20260829
267320,89.4,20260829
267790,62.7,20260829
267850,19.9,20260829
267980,49.1,20260829
268280,19.1,20260829
268600,113.6,20241129
269620,182.5,20260829
270020,184.1,20200414
270520,88.5,20260829
270660,40.4,20260829
270870,22.9,20260829
271560,19.3,20260829
271830,81.3,20260829
271940,8.2,20260829
271980,167.0,20260829
272110,97.2,20260829
272210,141.7,20260829
272290,54.2,20260829
272450,635.7,20260829
272550,82.5,20260829
273060,206.5,20260829
273640,31.4,20260829
274090,36.5,20260829
274400,93.5,20260829
275630,9.6,20260829
276040,66.8,20260829
276730,314.3,20260829
277070,6.7,20260829
277410,80.8,20260829
277810,8.7,20260829
277880,126.3,20260829
278280,30.5,20260829
278470,61.4,20260829
278650,32.1,20260829
279570,1191.8,20260829
279600,232.0,20260829
280360,95.6,20260829
281740,143.2,20260829
281820,14.1,20260829
282330,173.8,20260829
282620,98.8,20260829
282690,16.4,20240829
282720,77.6,20260829
282880,65.9,20260829
283100,449.5,20230415
284620,23.0,20260829
284740,16.6,20260829
285130,76.2,20260829
285490,8.8,20260829
285800,65.8,20260829
286750,91.5,20260829
286940,57.1,20260829
287410,99.7,20250415
287840,85.7,20260829
288180,150.2,20260829
288330,56.7,20260829
288620,91.4,20260829
288980,546.0,20260829
289010,49.6,20260829
289080,17.9,20260530
289220,16.1,20260829
289860,230.2,20230415
289930,47.6,20260829
290090,11.1,20260829
290120,145.3,20260829
290270,10.7,20260829
290380,26.7,20260829
290510,52.3,20221129
290520,7.5,20260829
290550,59.1,20260829
290560,21.8,20260829
290650,47.7,20260829
290660,56.4,20260829
290670,186.3,20260829
290690,73.0,20260829
290720,204.8,20260829
290740,27.3,20260829
291230,9.7,20260829
291650,46.5,20260829
291810,11.1,20260829
293480,34.6,20260829
293490,60.5,20260829
293580,47.8,20260829
293780,28.8,20260829
293940,95.3,20260829
294090,163.3,20260829
294140,107.3,20260829
294570,92.6,20260829
294630,79.5,20260829
294870,114.9,20260829
295310,109.6,20260829
296640,15.3,20260829
297090,38.9,20260829
297570,37.2,20260829
297890,32.4,20260829
298000,127.9,20260829
298020,100.5,20260829
298040,159.9,20260829
298050,104.2,20260829
298060,48.7,20260829
298380,53.1,20260829
298540,57.7,20260829
298690,1646.7,20260829
298830,33.6,20260829
298870,10.3,20240530
299030,245.0,20260829
299170,32.3,20260829
299660,80.4,20260829
299900,18.3,20260530
299910,586.8,20241129
300080,24.8,20260829
300120,71.8,20260829
300720,59.9,20260829
301300,50.2,20260829
302430,38.1,20260829
302440,31.0,20260829
302550,27.5,20260829
303030,102.4,20260829
303360,6.0,20260829
303530,121.3,20260829
303810,64.0,20260829
304100,9.7,20260829
304360,88.2,20260829
304840,291.3,20260829
305090,166.5,20260530
306040,86.8,20260829
306200,77.6,20260829
306620,209.3,20260829
307160,9.0,20210829
307180,212.2,20260829
307280,18.0,20260829
307750,61.5,20260829
307870,59.2,20260829
307930,6.7,20260829
307950,69.7,20260829
308080,28.0,20260829
308100,53.1,20260829
308170,246.9,20260829
308430,130.6,20260829
309710,149.3,20260829
309930,90.7,20260829
309960,8.7,20260829
310200,54.3,20260829
310210,92.7,20260829
310870,129.6,20260829
311320,10.2,20260829
311390,22.5,20260829
311690,21.2,20260829
312610,55.5,20260829
313760,169.3,20260829
314130,45.8,20260829
314140,46.0,20260829
314930,0.8,20260829
315640,52.5,20260829
316140,16.6,20260829
317120,134.6,20260829
317240,91.8,20260829
317330,49.9,20260829
317400,59.5,20260829
317450,6.6,20260829
317530,14.6,20260829
317690,32.0,20260829
317770,39.5,20260829
317830,43.3,20260829
317850,34.4,20260829
317870,113.3,20260829
318000,9.3,20260829
318010,2.5,20260829
318020,125.1,20260829
318060,97.4,20260829
318160,30.8,20260829
318410,6.8,20260829
319400,69.5,20260829
319660,23.0,20260829
320000,159.0,20260829
321260,17.6,20260829
321370,182.4,20260829
321550,84.8,20260829
321820,59.2,20260829
322000,34.9,20260829
322180,25.6,20260829
322310,108.8,20260829
322510,96.4,20260829
322780,111.7,20260829
323230,64.1,20240829
323280,50.5,20260829
323350,91.1,20260829
323410,1037.1,20260829
323990,10.1,20260829
326030,12.5,20260829
327260,11.3,20260829
328130,52.8,20260829
328380,55.9,20260829
329180,178.5,20260829
330350,38.6,20260829
330590,158.7,20260829
330730,20.1,20260829
330860,66.2,20260829
331380,65.8,20260829
331520,58.2,20260829
331740,144.5,20260829
331920,60.2,20260829
332290,169.5,20260829
332370,7.3,20260829
332570,125.5,20260829
332710,14.2,20220829
333050,29.4,20260829
333430,37.8,20260829
333620,79.0,20260829
334890,23.6,20260829
334970,99.9,20260415
335810,36.4,20260829
335870,71.5,20260829
335890,12.4,20260829
336060,47.7,20260829
336260,336.2,20260829
336370,29.9,20260829
336570,55.3,20260829
336680,93.1,20260829
337930,35.9,20260829
338100,0.1,20260829
338220,31.2,20260829
338840,191.8,20260829
339770,97.4,20260829
339950,60.1,20260829
340360,237.0,20260829
340440,46.1,20260829
340450,10.0,20260829
340570,13.2,20260829
340810,63.5,20260829
340930,438.9,20260829
341160,17.1,20221129
342870,108.8,20260829
343090,89.6,20250415
343510,13.3,20230415
344820,66.3,20260829
344860,10.4,20260829
347000,21.2,20260829
347700,62.0,20260829
347740,6.5,20260829
347770,67.1,20260829
347850,73.7,20260829
347860,75.8,20260829
347890,19.5,20260829
348030,5.5,20260829
348080,22.9,20260829
348150,26.0,20260829
348210,37.7,20260829
348340,134.2,20260829
348350,28.5,20260829
348370,66.1,20260829
348950,48.8,20260829
350520,33.8,20260829
351320,290.4,20260829
351330,160.1,20260829
351870,217.3,20260829
352090,29.6,20260829
352480,19.2,20260829
352700,6.2,20260829
352770,1881.5,20260829
352820,46.3,20260829
352910,45.7,20260829
352940,77.2,20260829
353190,85.1,20260829
353200,39.8,20260829
353590,202.1,20260829
353810,233.5,20260829
354200,263.8,20260829
354230,226.5,20210415
354320,55.9,20260829
355150,94.6,20260829
355390,70.3,20260829
355690,74.5,20260829
356680,40.6,20260829
356860,74.1,20260829
356890,13.6,20260829
357120,179.8,20260829
357230,12.4,20260829
357250,221.0,20260829
357430,2.7,20260829
357550,23.1,20260829
357580,187.3,20260829
357780,10.6,20260829
357880,79.4,20260829
358570,9.2,20260829
359090,75.8,20260829
360070,90.2,20260829
360350,33.4,20260829
361390,38.6,20260829
361570,119.6,20260829
361610,68.9,20260829
361670,18.4,20260829
362320,100.0,20260829
362990,48.0,20260829
363250,47.9,20260829
363260,187.4,20260829
363280,72.5,20260829
364950,71.7,20260829
365270,27.3,20260829
365330,69.1,20260829
365340,249.4,20260829
365550,8.9,20260829
365590,426.5,20260829
365660,47.4,20260829
365900,108.2,20260829
366030,9.1,20260829
367000,84.1,20260829
367360,12.9,20231129
368600,317.2,20260829
368770,43.0,20260829
368970,40.2,20260829
369370,83.0,20260829
370090,11.1,20260829
371950,774.3,20260829
372170,52.8,20260829
372290,10.3,20231129
372320,127.0,20260829
372800,129.6,20260829
372910,42.8,20260829
373110,184.0,20260829
373160,111.9,20260829
373170,37.0,20260829
373200,142.6,20260829
373220,135.1,20260829
373340,19.8,20231129
375500,73.4,20260829
376180,44.7,20260829
376190,15.9,20241129
376270,283.0,20260829
376290,26.6,20260829
376300,15.4,20260829
376900,3909.0,20260829
376930,57.5,20260829
376980,54.3,20260829
377030,9435.3,20260829
377190,26.6,20260829
377220,120.8,20260829
377300,60.5,20260829
377330,59.4,20260829
377400,8.1,20231129
377450,4.6,20260829
377460,187.7,20260829
377480,117.8,20260829
377630,16.6,20231129
377740,2.2,20260829
378340,77.2,20260829
378800,53.1,20260829
378850,168.7,20260829
380320,8.9,20240414
380440,16.3,20231129
380540,340.0,20260829
380550,41.2,20260829
381620,66.8,20260829
381970,179.8,20260829
382150,139.3,20260829
382480,32.4,20260829
382800,24.2,20260829
382840,86.6,20260829
382900,113.1,20260829
383220,17.6,20260829
383310,46.4,20260829
383800,29.4,20260829
383930,1152.4,20260829
384470,114.8,20260829
386580,13.6,20240530
387570,22.8,20260829
387690,69.0,20260829
388050,97.5,20260829
388210,25.3,20260829
388220,15.6,20230415
388610,50.3,20260829
388720,23.0,20260829
388790,42.6,20260829
388800,10.6,20240530
388870,183.2,20260829
389020,23.2,20260829
389030,14.9,20260829
389140,15.3,20260829
389260,45.7,20260829
389470,74.7,20260829
389500,41.4,20260829
389650,29.3,20260829
389680,51.2,20260829
391060,9.5,20240414
391710,113.0,20260829
393210,114.1,20260829
393360,9.8,20240414
393890,105.4,20260829
393970,158.0,20260829
394280,65.9,20260829
394420,52.4,20260829
394800,99.6,20260829
395400,107.2,20260415
396270,169.2,20260829
396300,106.3,20260829
396470,5.8,20260829
396690,0.2,20260829
397030,1.5,20260829
397810,25.9,20260829
397880,26.2,20231129
398120,48.4,20260530
399720,130.2,20260829
400560,15.8,20230829
400760,115.3,20260829
400840,15.6,20240829
402030,76.5,20260829
402340,5.1,20260829
402490,90.7,20260829
403490,134.1,20260829
403550,194.6,20260829
403850,9.9,20260829
403870,29.8,20260829
404950,9.4,20231129
404990,96.6,20260829
405000,1439.9,20260829
405100,41.4,20260829
405640,16.8,20240530
405920,88.9,20260829
406760,10.5,20241129
406820,173.3,20260829
407400,44.4,20260829
408470,144.9,20260829
408900,6.9,20260829
408920,21.1,20260829
411080,6.2,20260829
412350,81.5,20260829
412540,387.6,20260829
412930,23.1,20241129
413390,133.9,20260829
413600,18.9,20241129
413630,8.4,20260829
413640,52.9,20260829
415380,23.0,20260829
415580,7.7,20241129
416180,54.9,20260829
417010,163.0,20260829
417030,196.8,20260829
417180,49.5,20260829
417200,2.8,20260829
417310,156.8,20260415
417500,56.8,20260829
417790,5.3,20260829
417840,62.6,20260829
417860,240.0,20260829
417970,17.5,20260829
418170,10.6,20241129
418210,15.0,20250415
418250,125.2,20260829
418420,253.6,20260829
418470,29.2,20260829
418550,21.2,20260829
418620,104.0,20260829
419050,135.7,20260829
419080,52.2,20260829
419120,16.5,20260829
419270,16.1,20240414
419530,35.4,20260829
419540,50.9,20260829
420570,15.3,20260829
420770,17.7,20260829
421800,17.5,20240829
422040,11.5,20250415
424140,13.9,20250415
424760,23.1,20260829
424870,4.8,20260829
424960,104.4,20260829
424980,89.0,20260829
425040,44.0,20260829
425290,12.9,20250415
425420,28.3,20260829
426550,15.7,20231129
427950,17.5,20231129
429270,73.1,20260829
430220,13.6,20250829
430230,13.9,20240829
430460,8.8,20241129
430690,44.5,20260829
430700,15.4,20250415
431190,14.5,20260829
432320,86.2,20260829
432430,38.1,20260829
432470,46.6,20260829
432720,166.1,20260829
432980,16.3,20260829
433530,15.1,20241129
434480,15.0,20260829
435380,13.9,20250530
435570,94.4,20260829
435620,12.3,20250530
435870,9.9,20250530
436530,17.0,20240414
436610,7.8,20240829
437730,59.7,20260829
437780,6.5,20250530
438220,9.6,20241129
438580,7.5,20250530
438700,66.7,20260829
439090,13.1,20260829
439250,9.8,20250530
439260,46.8,20260829
439410,9.2,20250530
439580,129.6,20260829
439730,18.1,20250530
439960,6.7,20260829
440110,213.0,20260829
440290,5.2,20260829
440320,81.4,20260829
440790,24.1,20250829
440820,4.4,20250530
441270,63.8,20260829
442130,16.5,20250530
442310,6.8,20250530
442770,19.1,20250829
442900,14.0,20250829
443060,44.7,20260829
443250,26.0,20260829
443670,13.1,20260829
444530,40.1,20260829
444920,15.4,20260415
445090,158.0,20260829
445180,13.6,20260829
445360,14.3,20250829
445680,2.9,20260829
445970,16.1,20250530
446070,21.7,20260829
446150,11.2,20260415
446190,21.5,20250829
446540,15.1,20260829
446750,15.0,20250829
446840,177.4,20260829
448280,15.6,20260829
448370,14.6,20250829
448710,120.5,20260829
448730,113.5,20260415
448740,9.5,20250829
448760,16.3,20251129
448830,24.0,20251129
448900,41.7,20260829
449020,8.5,20250829
450050,11.3,20260415
450080,67.7,20260829
450140,71.5,20260415
450330,20.3,20260829
450410,7.6,20231129
450520,31.0,20260829
450940,24.7,20260415
450950,12.8,20260829
451220,98.1,20260829
451250,20.8,20260829
451700,9.5,20260530
451760,23.4,20260829
451800,126.1,20260829
452160,65.2,20260829
452190,35.9,20260829
452200,70.7,20260829
452260,117.7,20260829
452280,64.3,20260829
452300,19.2,20260829
452400,14.8,20260829
452430,93.9,20260829
452450,148.5,20260829
452670,12.7,20260415
452980,12.7,20260530
453340,33.9,20260829
453450,28.3,20260829
453860,70.2,20260829
454640,12.5,20251129
454750,19.1,20250829
454910,21.4,20260829
455180,158.7,20260829
455250,16.2,20260415
455310,19.8,20260415
455900,17.1,20260829
455910,10.1,20260415
456010,47.6,20260829
456040,107.4,20260829
456070,97.7,20260829
456160,69.1,20260829
456440,15.1,20250415
456490,21.3,20260415
457190,200.4,20260829
457370,4.6,20260829
457390,9.1,20250530
457550,11.3,20260829
457600,65.1,20260829
457630,8.6,20260415
457940,24.4,20260415
458320,12.5,20241129
458350,29.8,20260829
458610,24.6,20260415
458650,10.9,20260829
458870,25.6,20260829
459100,204.3,20260829
459510,403.8,20260530
459550,31.2,20260829
460470,9.7,20260829
460850,96.8,20260829
460860,126.8,20260829
460870,77.9,20260829
460930,24.9,20260829
460940,5.4,20260829
461030,5.7,20260829
461300,28.0,20260829
462020,11.4,20260530
462310,16.4,20260829
462350,17.7,20260829
462510,304.0,20260829
462520,137.4,20260829
462860,175.5,20260829
462870,12.2,20260829
462980,25.1,20260829
463020,7.7,20260829
463480,88.7,20260829
464080,391.8,20260829
464280,41.9,20260829
464440,18.0,20260530
464490,102.6,20260829
464500,77.6,20260829
464580,80.8,20260829
464680,15.8,20260530
465320,20.3,20260829
465480,8.6,20260829
465770,157.3,20260829
466100,19.4,20260829
466410,3.5,20260829
466690,13.9,20260829
466910,14.6,20260415
467930,18.8,20260530
468510,16.7,20250530
468530,16.6,20260829
468760,19.0,20260829
469480,19.1,20260829
469610,45.2,20260829
469750,27.8,20260829
469880,19.4,20260829
469900,15.9,20260829
471050,10.4,20260829
471820,10.4,20260829
472220,16.5,20260829
472230,20.4,20260829
472850,68.0,20260829
473000,23.9,20260829
473050,11.9,20260829
473370,17.6,20251129
473950,17.1,20260829
473980,13.7,20260829
474170,15.0,20260829
474490,15.3,20260829
474610,57.1,20260829
474650,88.2,20260829
474660,17.3,20260829
474930,8.1,20260829
475040,51.7,20260829
475150,344.5,20260829
475230,127.4,20260829
475240,15.4,20260829
475250,15.5,20260829
475400,15.3,20260829
475430,14.2,20260829
475460,132.4,20260829
475560,29.3,20260829
475580,81.1,20260829
475660,8.8,20260829
475830,57.8,20260829
475960,8.3,20260829
476040,88.1,20260829
476060,8.4,20260829
476080,20.0,20260829
476470,14.6,20250530
476830,10.6,20260829
477340,8.5,20260829
477380,13.4,20260829
477470,15.2,20260829
477530,7.5,20250415
477760,9.0,20260829
477850,11.5,20260829
478110,10.4,20260829
478340,38.4,20260829
478390,17.3,20260829
478440,17.4,20260829
478560,64.2,20260829
478780,5.9,20251129
479880,12.6,20260829
479960,21.4,20260829
480370,76.5,20260829
481070,19.8,20260829
481850,21.3,20260829
481890,19.3,20260829
482520,23.2,20260829
482630,19.3,20260829
482680,21.3,20260829
482690,17.7,20260829
483350,57.0,20260829
483650,31.9,20260829
484120,24.7,20260829
484130,16.8,20260829
484590,68.6,20260829
484810,65.8,20260829
484870,94.4,20260829
486630,15.0,20260829
486990,88.9,20260829
487360,11.9,20260829
487400,176.9,20260829
487570,27.5,20260829
487580,26.5,20260829
487720,20.8,20260829
487830,19.3,20260829
488060,17.1,20260829
488280,68.4,20260829
488900,121.6,20260829
489210,15.8,20260829
489460,5.1,20260829
489480,7.3,20260829
489500,10.1,20260829
489730,14.8,20260829
489790,72.9,20260829
490470,51.4,20260829
491000,13.9,20260829
492220,17.8,20260829
493280,2.0,20260829
493330,12.0,20260829
493790,17.5,20260829
494120,23.0,20260829
496070,11.8,20260829
498390,21.3,20260829
499790,0.1,20260829
900040,8.8,20191129
900070,19.8,20260530
900080,0.2,20201129
900090,45.1,20180530
900100,30.8,20260829
900110,4.7,20260530
900120,0.5,20260415
900140,31.5,20260829
900250,3.9,20260829
900260,115.5,20260829
900270,14.0,20260530
900280,21.3,20240414
900290,76.6,20260415
900300,30.0,20260530
900310,13.7,20260829
900340,23.5,20260530
950110,678.7,20260415
950130,5.6,20260829
950140,12.0,20260829
950160,151.4,20260829
950170,101.0,20260530
950180,6.3,20230415
950190,7.8,20260829
950200,66.2,20260829
950210,14.4,20260415
950220,36.2,20260829
950250,109.0,20250829
950260,45.7,20260829
