rcept_no,rcept_dt,ticker,kind,report_nm,flr_nm
20250904000382,20250904,248070,대량보유,주식등의대량보유상황보고서(약식),얼라인파트너스자산운용
20250905000343,20250905,101330,신탁,주요사항보고서(자기주식취득신탁계약체결결정),모베이스
20250905000361,20250905,373160,대량보유,주식등의대량보유상황보고서(약식),머스트자산운용
20250905000428,20250905,034310,신탁,주요사항보고서(자기주식취득신탁계약체결결정),NICE
20250908900082,20250908,263020,밸류업,기업가치제고계획(자율공시)              (이행현황),디케이앤디
20250909000029,20250909,098120,대량보유,주식등의대량보유상황보고서(약식),에셋플러스자산운용
20250910000300,20250910,002350,대량보유,주식등의대량보유상황보고서(약식),브이아이피자산운용
20250910000473,20250910,204620,대량보유,주식등의대량보유상황보고서(약식),브이아이피자산운용
20250911000230,20250911,214180,신탁,주요사항보고서(자기주식취득신탁계약체결결정),헥토이노베이션
20250912000253,20250912,028100,신탁,주요사항보고서(자기주식취득신탁계약체결결정),동아지질
20250912000365,20250912,049470,대량보유,주식등의대량보유상황보고서(일반),케이씨지아이
20250917000322,20250917,111110,신탁,주요사항보고서(자기주식취득신탁계약체결결정),호전실업
20250917800150,20250917,086280,밸류업,기업가치제고계획(자율공시)              (2025년 이행현황),현대글로비스
20250918800408,20250918,010130,밸류업,기업가치제고계획(자율공시)              ,고려아연
20250922000181,20250922,483650,대량보유,주식등의대량보유상황보고서(약식),브이아이피자산운용
20250923000303,20250923,104830,대량보유,주식등의대량보유상황보고서(약식),브이아이피자산운용
20250923000355,20250923,340570,신탁,주요사항보고서(자기주식취득신탁계약체결결정),티앤엘
20250923800350,20250923,033780,밸류업,기업가치제고계획(자율공시)              ,케이티앤지
20250925000462,20250925,204620,대량보유,주식등의대량보유상황보고서(약식),브이아이피자산운용
20250925800517,20250925,161390,밸류업,기업가치제고계획(자율공시)              ,한국타이어앤테크놀로지
20250926000147,20250926,123040,신탁,[연장결정]주요사항보고서(자기주식취득신탁계약체결결정),엠에스오토텍
20250926900702,20250926,060590,양수도,최대주주변경을수반하는주식양수도계약체결              ,씨티씨바이오
20250929800460,20250929,017810,밸류업,기업가치제고계획(자율공시)              ,풀무원
20250930000512,20250930,029530,신탁,주요사항보고서(자기주식취득신탁계약체결결정),신도리코
20250930800335,20250930,031210,밸류업,기업가치제고계획(자율공시)              ,서울보증보험
20250930900104,20250930,241690,밸류업,기업가치제고계획(자율공시)              ,유니테크노
20250930900984,20250930,237690,밸류업,기업가치제고계획(자율공시)              ,에스티팜
20251002000207,20251002,211050,대량보유,주식등의대량보유상황보고서(약식),머스트자산운용
20251010000314,20251010,051500,대량보유,주식등의대량보유상황보고서(약식),브이아이피자산운용
20251010000318,20251010,032350,대량보유,주식등의대량보유상황보고서(약식),브이아이피자산운용
20251014900640,20251014,322780,양수도,최대주주변경을수반하는주식양수도계약체결              ,코퍼스코리아
20251015900523,20251015,041930,양수도,최대주주변경을수반하는주식양수도계약체결              ,SY동아
20251016000160,20251016,002030,신탁,주요사항보고서(자기주식취득신탁계약체결결정),아세아
20251016000183,20251016,183190,신탁,주요사항보고서(자기주식취득신탁계약체결결정),아세아시멘트
20251016800337,20251016,023530,밸류업,기업가치제고계획(자율공시)              (2025년 이행현황),롯데쇼핑
20251016900517,20251016,054780,양수도,최대주주변경을수반하는주식양수도계약체결              ,키이스트
20251017000175,20251017,039420,신탁,[연장결정]주요사항보고서(자기주식취득신탁계약체결결정),케이엘넷
20251017000363,20251017,068930,대량보유,주식등의대량보유상황보고서(약식),브이아이피자산운용
20251020000013,20251020,210540,대량보유,주식등의대량보유상황보고서(약식),브이아이피자산운용
20251020000054,20251020,336570,신탁,주요사항보고서(자기주식취득신탁계약체결결정),원텍
20251020000063,20251020,114840,신탁,주요사항보고서(자기주식취득신탁계약체결결정),아이패밀리에스씨
20251020000191,20251020,194700,대량보유,주식등의대량보유상황보고서(약식),브이아이피자산운용
20251022000107,20251022,101160,대량보유,주식등의대량보유상황보고서(약식),브이아이피자산운용
20251022800567,20251022,017040,양수도,투자판단관련주요경영사항              (최대주주 변경을 수반하는 주식양수도계약 체결),광명전기
20251024000299,20251024,006980,신탁,[연장결정]주요사항보고서(자기주식취득신탁계약체결결정),우성
20251027000229,20251027,251970,대량보유,주식등의대량보유상황보고서(약식),브이아이피자산운용
20251027000234,20251027,086450,대량보유,주식등의대량보유상황보고서(약식),브이아이피자산운용
20251028000287,20251028,175330,신탁,주요사항보고서(자기주식취득신탁계약체결결정),JB금융지주
20251028000419,20251028,248070,대량보유,주식등의대량보유상황보고서(일반),얼라인파트너스자산운용
20251028000437,20251028,079940,대량보유,주식등의대량보유상황보고서(일반),얼라인파트너스자산운용
20251028000439,20251028,145720,대량보유,주식등의대량보유상황보고서(일반),얼라인파트너스자산운용
20251029000145,20251029,035200,신탁,주요사항보고서(자기주식취득신탁계약체결결정),프럼파스트
20251029900096,20251029,053280,밸류업,수시공시의무관련사항(공정공시)              (기업가치 제고계획 안내),예스24
20251030000412,20251030,001460,신탁,주요사항보고서(자기주식취득신탁계약체결결정),BYC
20251030000535,20251030,026890,대량보유,주식등의대량보유상황보고서(일반),얼라인파트너스자산운용
20251030800303,20251030,139130,밸류업,기업가치제고계획(자율공시)              (2025년 이행현황),iM금융지주
20251030800444,20251030,058650,밸류업,기업가치제고계획(자율공시)              ,세아홀딩스
20251030800730,20251030,001430,밸류업,기업가치제고계획(자율공시)              (2025년 이행현황),세아베스틸지주
20251031000182,20251031,030190,신탁,주요사항보고서(자기주식취득신탁계약체결결정),NICE평가정보
20251031800047,20251031,071840,밸류업,기업가치제고계획(자율공시)              ((2025년 이행현황)),롯데하이마트
20251031900002,20251031,060570,양수도,최대주주변경을수반하는주식양수도계약체결              ,드림어스컴퍼니
20251031900005,20251031,216050,양수도,최대주주변경을수반하는주식양수도계약체결              ,인크로스
20251103900758,20251103,291810,양수도,최대주주변경을수반하는주식양수도계약체결              ,핀텔
20251104000105,20251104,100030,신탁,주요사항보고서(자기주식취득신탁계약체결결정),인지소프트
20251105000057,20251105,030520,신탁,주요사항보고서(자기주식취득신탁계약체결결정),한컴
20251105000162,20251105,460870,대량보유,주식등의대량보유상황보고서(약식),트러스톤자산운용
20251105800010,20251105,323410,밸류업,기업가치제고계획(자율공시)              (이행현황),카카오뱅크
20251105800337,20251105,089860,밸류업,기업가치제고계획(자율공시)              (이행현황),롯데렌탈
20251106800638,20251106,090430,밸류업,기업가치제고계획(자율공시)              (2025년 이행현황),아모레퍼시픽
20251106800710,20251106,002790,밸류업,기업가치제고계획(자율공시)              (2025년 이행현황),아모레퍼시픽홀딩스
20251107000304,20251107,028100,신탁,주요사항보고서(자기주식취득신탁계약체결결정),동아지질
20251107000518,20251107,299170,대량보유,주식등의대량보유상황보고서(약식),라이프자산운용
20251110000126,20251110,272110,대량보유,주식등의대량보유상황보고서(약식),에셋플러스자산운용
20251110000183,20251110,079000,신탁,주요사항보고서(자기주식취득신탁계약체결결정),와토스코리아
20251110000236,20251110,383220,대량보유,주식등의대량보유상황보고서(약식),브이아이피자산운용
20251110900588,20251110,106240,양수도,최대주주변경을수반하는주식양수도계약체결              ,파인테크닉스
20251111800400,20251111,030200,밸류업,기업가치제고계획(자율공시)              ,케이티
20251112000450,20251112,093050,대량보유,주식등의대량보유상황보고서(약식),트러스톤자산운용
20251112900131,20251112,328380,밸류업,기업가치제고계획(자율공시)              ,솔트웨어
20251113000260,20251113,002200,신탁,주요사항보고서(자기주식취득신탁계약체결결정),한국수출포장공업
20251113000803,20251113,007980,신탁,주요사항보고서(자기주식취득신탁계약체결결정),TP
20251114000670,20251114,056190,신탁,주요사항보고서(자기주식취득신탁계약체결결정),SFA
20251114001270,20251114,053260,신탁,[연장결정]주요사항보고서(자기주식취득신탁계약체결결정),금강철강
20251114801489,20251114,138040,밸류업,기업가치제고계획(자율공시)              (중기 주주환원 정책),메리츠금융지주
20251114903223,20251114,221800,양수도,최대주주변경을수반하는주식양수도계약체결              ,지구홀딩스
20251117000030,20251117,068930,신탁,주요사항보고서(자기주식취득신탁계약체결결정),디지털대성
20251117000102,20251117,011560,대량보유,주식등의대량보유상황보고서(약식),브이아이피자산운용
20251117000192,20251117,126730,신탁,주요사항보고서(자기주식취득신탁계약체결결정),코칩
20251118000186,20251118,051500,대량보유,주식등의대량보유상황보고서(약식),브이아이피자산운용
20251118000194,20251118,058730,신탁,주요사항보고서(자기주식취득신탁계약체결결정),다스코
20251118800368,20251118,035250,밸류업,기업가치제고계획(자율공시)              (2025년 이행현황),강원랜드
20251118900029,20251118,221840,밸류업,기업가치제고계획(자율공시)              (이행현황),하이즈항공
20251119000080,20251119,189300,신탁,주요사항보고서(자기주식취득신탁계약체결결정),인텔리안테크
20251120000261,20251120,024090,신탁,주요사항보고서(자기주식취득신탁계약체결결정),디씨엠
20251120800563,20251120,192650,밸류업,기업가치제고계획(자율공시)              (2025년 이행현황),드림텍
20251121000425,20251121,001460,대량보유,주식등의대량보유상황보고서(일반),트러스톤자산운용
20251124000060,20251124,080010,신탁,[연장결정]주요사항보고서(자기주식취득신탁계약체결결정),이상네트웍스
20251124000071,20251124,119610,신탁,주요사항보고서(자기주식취득신탁계약체결결정),인터로조
20251124800241,20251124,402340,밸류업,기업가치제고계획(자율공시)              (2025년),SK스퀘어
20251125000020,20251125,079940,대량보유,주식등의대량보유상황보고서(일반),얼라인파트너스자산운용
20251125000633,20251125,026890,대량보유,주식등의대량보유상황보고서(일반),얼라인파트너스자산운용
20251125000650,20251125,145720,대량보유,주식등의대량보유상황보고서(일반),얼라인파트너스자산운용
20251125000664,20251125,248070,대량보유,주식등의대량보유상황보고서(일반),얼라인파트너스자산운용
20251126000354,20251126,025770,신탁,주요사항보고서(자기주식취득신탁계약체결결정),한국정보통신
20251126000481,20251126,306620,신탁,주요사항보고서(자기주식취득신탁계약체결결정),지아이에스
20251126800437,20251126,330590,밸류업,기업가치제고계획(자율공시)              (2025년 이행현황),롯데리츠
20251127000025,20251127,089860,대량보유,주식등의대량보유상황보고서(약식),브이아이피자산운용
20251127800374,20251127,004490,밸류업,기업가치제고계획(자율공시)              ,세방전지
20251127800876,20251127,000660,밸류업,기업가치제고계획(자율공시)              (2025년 이행현황),SK하이닉스
20251127900850,20251127,419540,양수도,최대주주변경을수반하는주식양수도계약체결              ,비스토스
20251128001144,20251128,123410,대량보유,주식등의대량보유상황보고서(약식),브이아이피자산운용
20251128001765,20251128,443250,신탁,주요사항보고서(자기주식취득신탁계약체결결정),레뷰코퍼레이션
20251128800073,20251128,003550,밸류업,기업가치제고계획(자율공시)              (2025년 이행현황),LG
20251128800080,20251128,066570,밸류업,기업가치제고계획(자율공시)              (2025년 이행현황),LG전자
20251128800082,20251128,032640,밸류업,기업가치제고계획(자율공시)              ,LG유플러스
20251128800085,20251128,051910,밸류업,기업가치제고계획(자율공시)              (2025년 이행현황),LG화학
20251128800095,20251128,034220,밸류업,기업가치제고계획(자율공시)              (2025년),LG디스플레이
20251128800096,20251128,051900,밸류업,기업가치제고계획(자율공시)              (2025년 이행현황),LG생활건강
20251128800104,20251128,373220,밸류업,기업가치제고계획(자율공시)              (2025년 이행현황),LG에너지솔루션
20251128800110,20251128,011070,밸류업,기업가치제고계획(자율공시)              (2025년 이행현황),LG이노텍
20251201000387,20251201,443670,신탁,주요사항보고서(자기주식취득신탁계약체결결정),에스피소프트
20251201900892,20251201,290560,양수도,최대주주변경을수반하는주식양수도계약체결              ,파라택시스이더리움
20251202000116,20251202,136410,신탁,주요사항보고서(자기주식취득신탁계약체결결정),아셈스
20251202900184,20251202,250060,양수도,최대주주변경을수반하는주식양수도계약체결              ,모비스
20251203800315,20251203,192820,밸류업,기업가치제고계획(자율공시)              ,코스맥스
20251203900003,20251203,263050,양수도,최대주주변경을수반하는주식양수도계약체결              ,유틸렉스
20251204000145,20251204,065690,신탁,주요사항보고서(자기주식취득신탁계약체결결정),파커스
20251204800031,20251204,128940,밸류업,기업가치제고계획(자율공시)              ,한미약품
20251204800034,20251204,008930,밸류업,기업가치제고계획(자율공시)              ,한미사이언스
20251204900036,20251204,054950,밸류업,기업가치제고계획(자율공시)              ,제이브이엠
20251205900087,20251205,272290,밸류업,기업가치제고계획(자율공시)              ((2025년 이행현황)),이녹스첨단소재
20251208000067,20251208,005290,신탁,주요사항보고서(자기주식취득신탁계약체결결정),동진쎄미켐
20251208000104,20251208,299170,대량보유,주식등의대량보유상황보고서(약식),라이프자산운용
20251208000105,20251208,322780,대량보유,주식등의대량보유상황보고서(약식),라이프자산운용
20251208000199,20251208,307280,신탁,주요사항보고서(자기주식취득신탁계약체결결정),원바이오젠
20251208900313,20251208,091700,밸류업,기업가치제고계획(자율공시)              (2025년 이행현황),파트론
20251210000346,20251210,104830,대량보유,주식등의대량보유상황보고서(약식),브이아이피자산운용
20251210000363,20251210,102710,대량보유,주식등의대량보유상황보고서(약식),브이아이피자산운용
20251210800649,20251210,031430,밸류업,기업가치제고계획(자율공시)              (2025년 이행현황),신세계인터내셔날
20251210800677,20251210,037710,밸류업,기업가치제고계획(자율공시)              (2025년 이행현황),광주신세계
20251210900138,20251210,023160,밸류업,기업가치제고계획(자율공시)              (2025년 (주)태광 기업가치 제고 계획 이행현황),태광
20251210900595,20251210,017890,밸류업,기업가치제고계획(자율공시)              ,한국알콜
20251212000566,20251215,364950,대량보유,주식등의대량보유상황보고서(약식),인터밸류파트너스
20251215000083,20251215,417790,신탁,주요사항보고서(자기주식취득신탁계약체결결정),트루엔
20251215000475,20251215,029460,신탁,주요사항보고서(자기주식취득신탁계약체결결정),케이씨
20251215901704,20251215,123010,양수도,최대주주변경을수반하는주식양수도계약체결              ,MSDI
20251216000422,20251216,079940,대량보유,주식등의대량보유상황보고서(일반),얼라인파트너스자산운용
20251216801425,20251216,004170,밸류업,기업가치제고계획(자율공시)              (2025년 이행현황),신세계
20251216902044,20251216,036690,양수도,최대주주변경을수반하는주식양수도계약체결              ,코맥스
20251217000208,20251217,035200,신탁,주요사항보고서(자기주식취득신탁계약체결결정),프럼파스트
20251217000513,20251217,166090,신탁,[연장결정]주요사항보고서(자기주식취득신탁계약체결결정),하나머티리얼즈
20251217000520,20251217,002030,대량보유,주식등의대량보유상황보고서(약식),브이아이피자산운용
20251217800377,20251217,000720,밸류업,기업가치제고계획(자율공시)              (2025년 이행현황),현대건설
20251218000269,20251218,397810,신탁,주요사항보고서(자기주식취득신탁계약체결결정),애드포러스
20251219800700,20251219,003490,밸류업,기업가치제고계획(자율공시)              ,대한항공
20251219900285,20251219,035600,밸류업,기업가치제고계획(자율공시)              (2025년 이행현황),KG이니시스
20251219900862,20251219,070590,양수도,최대주주변경을수반하는주식양수도계약체결              ,인티큐브
20251222000416,20251222,244920,대량보유,주식등의대량보유상황보고서(일반),얼라인파트너스자산운용
20251222900453,20251222,204620,양수도,최대주주변경을수반하는주식양수도계약체결              ,글로벌텍스프리
20251223000095,20251223,051360,대량보유,주식등의대량보유상황보고서(약식),브이아이피자산운용
20251223000193,20251223,049520,신탁,주요사항보고서(자기주식취득신탁계약체결결정),유아이엘
20251224900527,20251224,036620,밸류업,기업가치제고계획(자율공시)              (2025년 이행현황),감성코퍼레이션
20251224900924,20251224,443250,양수도,최대주주변경을수반하는주식양수도계약체결              ,레뷰코퍼레이션
20251226000500,20251226,145720,대량보유,주식등의대량보유상황보고서(일반),얼라인파트너스자산운용
20251226000505,20251226,026890,대량보유,주식등의대량보유상황보고서(일반),얼라인파트너스자산운용
20251226000513,20251226,248070,대량보유,주식등의대량보유상황보고서(일반),얼라인파트너스자산운용
20251226000521,20251226,244920,대량보유,주식등의대량보유상황보고서(일반),얼라인파트너스자산운용
20251226000553,20251226,079940,대량보유,주식등의대량보유상황보고서(일반),얼라인파트너스자산운용
20251226800082,20251226,042700,밸류업,기업가치제고계획(자율공시)              ,한미반도체
20251226900619,20251226,051980,양수도,최대주주변경을수반하는주식양수도계약체결              ,중앙첨단소재
20251226900915,20251226,066410,양수도,최대주주변경을수반하는주식양수도계약체결              ,버킷스튜디오
20251229800518,20251229,033920,밸류업,기업가치제고계획(자율공시)              ,무학
20251229901027,20251229,046120,양수도,최대주주변경을수반하는주식양수도계약체결              ,오르비텍
20251230801018,20251230,052690,밸류업,기업가치제고계획(자율공시)              ((2025년 이행현황)),한전기술
20260102000296,20260102,037460,신탁,주요사항보고서(자기주식취득신탁계약체결결정),삼지전자
20260102800807,20260102,071320,밸류업,기업가치제고계획(자율공시)              ,지역난방공사
20260102900071,20260102,230360,양수도,최대주주변경을수반하는주식양수도계약체결              ,에코마케팅
20260105000037,20260105,002310,신탁,주요사항보고서(자기주식취득신탁계약체결결정),아세아제지
20260106000304,20260106,093380,신탁,[연장결정]주요사항보고서(자기주식취득신탁계약체결결정),풍강
20260106000558,20260106,263720,신탁,주요사항보고서(자기주식취득신탁계약체결결정),디앤씨미디어
20260107000543,20260107,460870,대량보유,주식등의대량보유상황보고서(약식),브이아이피자산운용
20260107900247,20260107,078890,밸류업,기업가치제고계획(자율공시)              ,가온그룹
20260109000643,20260109,081150,신탁,주요사항보고서(자기주식취득신탁계약체결결정),티플랙스
20260112900117,20260112,014620,밸류업,기업가치제고계획(자율공시)              ,성광벤드
20260114800134,20260114,000880,밸류업,기업가치제고계획(자율공시)              ,한화
20260115000102,20260115,038540,신탁,주요사항보고서(자기주식취득신탁계약체결결정),상상인
20260115000181,20260115,339770,신탁,주요사항보고서(자기주식취득신탁계약체결결정),교촌에프앤비
20260115900671,20260115,104200,양수도,최대주주변경을수반하는주식양수도계약체결              ,NHN벅스
20260116000225,20260116,123410,대량보유,주식등의대량보유상황보고서(약식),브이아이피자산운용
20260116900657,20260116,084440,밸류업,기업가치제고계획(자율공시)              ,유비온
20260119000059,20260119,013120,신탁,주요사항보고서(자기주식취득신탁계약체결결정),동원개발
20260119800910,20260119,026890,밸류업,기업가치제고계획(자율공시)              ,스틱인베스트먼트
20260119900809,20260119,418470,밸류업,기업가치제고계획(자율공시)              ,KT밀리의서재
20260120000323,20260120,244920,대량보유,주식등의대량보유상황보고서(일반),얼라인파트너스자산운용
20260120900359,20260120,225220,양수도,최대주주변경을수반하는주식양수도계약체결              ,제놀루션
20260121000129,20260121,136540,신탁,주요사항보고서(자기주식취득신탁계약체결결정),윈스테크넷
20260121000334,20260121,084440,신탁,주요사항보고서(자기주식취득신탁계약체결결정),유비온
20260122000300,20260122,048530,신탁,주요사항보고서(자기주식취득신탁계약체결결정),인트론바이오
20260122000398,20260122,175330,대량보유,주식등의대량보유상황보고서(일반),얼라인파트너스자산운용
20260123000189,20260123,192250,신탁,주요사항보고서(자기주식취득신탁계약체결결정),케이사인
20260123900464,20260123,059270,양수도,최대주주변경을수반하는주식양수도계약체결              ,해성에어로보틱스
20260126900958,20260126,087260,양수도,최대주주변경을수반하는주식양수도계약체결              ,모바일어플라이언스
20260127000105,20260127,013990,신탁,주요사항보고서(자기주식취득신탁계약체결결정),아가방컴퍼니
20260127000237,20260127,083930,신탁,주요사항보고서(자기주식취득신탁계약체결결정),아바코
20260129000359,20260129,066570,신탁,주요사항보고서(자기주식취득신탁계약체결결정),LG전자
20260130000089,20260130,089860,대량보유,주식등의대량보유상황보고서(약식),브이아이피자산운용
20260130000346,20260130,002200,신탁,주요사항보고서(자기주식취득신탁계약체결결정),한국수출포장공업
20260202001158,20260202,244920,대량보유,주식등의대량보유상황보고서(일반),얼라인파트너스자산운용
20260203901194,20260203,331920,양수도,최대주주변경을수반하는주식양수도계약체결              ,셀레믹스
20260205000191,20260205,055550,신탁,주요사항보고서(자기주식취득신탁계약체결결정),신한지주
20260205000397,20260205,017890,대량보유,주식등의대량보유상황보고서(일반),트러스톤자산운용
20260205000460,20260205,175330,신탁,주요사항보고서(자기주식취득신탁계약체결결정),JB금융지주
20260205000529,20260205,060980,대량보유,주식등의대량보유상황보고서(약식),브이아이피자산운용
20260205800909,20260205,175330,밸류업,기업가치제고계획(자율공시)              (2026년),JB금융지주
20260205900148,20260205,035290,밸류업,기업가치제고계획(자율공시)              ,골드앤에스
20260206000002,20260206,021240,신탁,주요사항보고서(자기주식취득신탁계약체결결정),코웨이
20260206000810,20260206,267270,신탁,주요사항보고서(자기주식취득신탁계약체결결정),HD건설기계
20260206001067,20260206,299170,대량보유,주식등의대량보유상황보고서(약식),라이프자산운용
20260206001097,20260206,316140,신탁,주요사항보고서(자기주식취득신탁계약체결결정),우리금융지주
20260206001985,20260206,139130,신탁,주요사항보고서(자기주식취득신탁계약체결결정),iM금융지주
20260206800016,20260206,021240,밸류업,[첨부추가]기업가치제고계획(자율공시)              (2025년 이행현황),코웨이
20260206801495,20260206,138930,밸류업,기업가치제고계획(자율공시)              ,BNK금융지주
20260206801698,20260206,316140,밸류업,기업가치제고계획(자율공시)              (2026년),우리금융지주
20260209000391,20260209,450330,신탁,주요사항보고서(자기주식취득신탁계약체결결정),하스
20260209000400,20260209,456040,신탁,주요사항보고서(자기주식취득신탁계약체결결정),OCI
20260209000457,20260209,241710,대량보유,주식등의대량보유상황보고서(약식),트러스톤자산운용
20260209000461,20260209,138040,신탁,주요사항보고서(자기주식취득신탁계약체결결정),메리츠금융지주
20260209000553,20260209,159580,신탁,주요사항보고서(자기주식취득신탁계약체결결정),제로투세븐
20260209000564,20260209,302550,신탁,주요사항보고서(자기주식취득신탁계약체결결정),리메드
20260209900836,20260209,124560,밸류업,기업가치제고계획(자율공시)              (2025년 이행현황),태웅로직스
20260209901777,20260209,376930,밸류업,기업가치제고계획(자율공시)              (2025년 이행현황),노을
20260210000273,20260210,098120,대량보유,주식등의대량보유상황보고서(약식),에셋플러스자산운용
20260210000275,20260210,119850,대량보유,주식등의대량보유상황보고서(약식),에셋플러스자산운용
20260210000397,20260210,030200,신탁,주요사항보고서(자기주식취득신탁계약체결결정),케이티
20260210000853,20260210,101160,대량보유,주식등의대량보유상황보고서(약식),브이아이피자산운용
20260210000856,20260210,200670,대량보유,주식등의대량보유상황보고서(약식),브이아이피자산운용
20260210000860,20260210,086390,대량보유,주식등의대량보유상황보고서(약식),브이아이피자산운용
20260210901159,20260210,246720,양수도,최대주주변경을수반하는주식양수도계약체결              ,아스타
20260211000644,20260211,010060,신탁,주요사항보고서(자기주식취득신탁계약체결결정),OCI홀딩스
20260211000707,20260211,089600,신탁,주요사항보고서(자기주식취득신탁계약체결결정),KT나스미디어
20260211001001,20260211,060980,신탁,주요사항보고서(자기주식취득신탁계약체결결정),HL홀딩스
20260211001124,20260211,078520,신탁,주요사항보고서(자기주식취득신탁계약체결결정),에이블씨엔씨
20260211800379,20260211,139480,밸류업,기업가치제고계획(자율공시)              (2025년 이행현황),이마트
20260211800942,20260211,138040,밸류업,기업가치제고계획(자율공시)              (2025년 이행현황),메리츠금융지주
20260212000904,20260212,033560,신탁,주요사항보고서(자기주식취득신탁계약체결결정),블루콤
20260212001645,20260212,465480,신탁,주요사항보고서(자기주식취득신탁계약체결결정),인스피언
20260212800812,20260212,003540,밸류업,기업가치제고계획(자율공시)              (2026년),대신증권
20260212900477,20260212,027040,밸류업,기업가치제고계획(자율공시)              ,서울전자통신
20260212901582,20260212,001840,양수도,최대주주변경을수반하는주식양수도계약체결              ,이화공영
20260213002767,20260213,079940,대량보유,주식등의대량보유상황보고서(일반),얼라인파트너스자산운용
20260213002783,20260213,012280,신탁,주요사항보고서(자기주식취득신탁계약체결결정),영화금속
20260219000310,20260219,123410,대량보유,주식등의대량보유상황보고서(약식),브이아이피자산운용
20260219900005,20260219,340930,양수도,최대주주변경을수반하는주식양수도계약체결              ,성원에너텍
20260220000002,20260220,084870,신탁,주요사항보고서(자기주식취득신탁계약체결결정),티비에이치글로벌
20260220900878,20260220,035900,밸류업,기업가치제고계획(자율공시)              ,JYP Ent.
20260223001863,20260223,039840,신탁,주요사항보고서(자기주식취득신탁계약체결결정),디오
20260223002142,20260223,101160,대량보유,주식등의대량보유상황보고서(약식),브이아이피자산운용
20260223003068,20260223,177830,신탁,주요사항보고서(자기주식취득신탁계약체결결정),파버나인
20260224001337,20260224,257720,신탁,주요사항보고서(자기주식취득신탁계약체결결정),실리콘투
20260224900178,20260224,272290,밸류업,기업가치제고계획(자율공시)              (2026년),이녹스첨단소재
20260225005020,20260225,098120,대량보유,주식등의대량보유상황보고서(약식),에셋플러스자산운용
20260225801339,20260225,180640,밸류업,기업가치제고계획(자율공시)              ,한진칼
20260225900739,20260225,099190,밸류업,기업가치제고계획(자율공시)              ,아이센스
20260226005267,20260226,001460,대량보유,주식등의대량보유상황보고서(일반),트러스톤자산운용
20260226900656,20260226,061040,양수도,최대주주변경을수반하는주식양수도계약체결              ,알에프텍
20260226901774,20260226,066790,양수도,최대주주변경을수반하는주식양수도계약체결              ,씨씨에스
20260227005163,20260227,360350,신탁,주요사항보고서(자기주식취득신탁계약체결결정),코셈
20260227007806,20260227,127710,신탁,주요사항보고서(자기주식취득신탁계약체결결정),아시아경제
20260303800136,20260303,026960,밸류업,기업가치제고계획(자율공시)              (2026년),동서
20260303800640,20260303,100840,밸류업,기업가치제고계획(자율공시)              ,SNT에너지
20260303800845,20260303,003570,밸류업,기업가치제고계획(자율공시)              ,SNT다이내믹스
20260303800985,20260303,036530,밸류업,기업가치제고계획(자율공시)              (기업가치 제고 계획(자율공시)(2026년)),SNT홀딩스
20260303801172,20260303,064960,밸류업,기업가치제고계획(자율공시)              ,SNT모티브
20260303900398,20260303,039240,밸류업,기업가치제고계획(자율공시)              (2026년),경남스틸
20260303901449,20260303,049430,밸류업,기업가치제고계획(자율공시)              ,코메론
20260304000852,20260304,183490,신탁,주요사항보고서(자기주식취득신탁계약체결결정),엔지켐생명과학
20260304001211,20260304,101930,신탁,주요사항보고서(자기주식취득신탁계약체결결정),인화정공
20260304001334,20260304,045340,신탁,주요사항보고서(자기주식취득신탁계약체결결정),토탈소프트
20260304800802,20260304,005180,밸류업,기업가치제고계획(자율공시)              (2026년),빙그레
20260304801635,20260304,005320,양수도,투자판단관련주요경영사항              (최대주주 변경을 수반하는 주식 양수도 계약 체결),온타이드
20260305000578,20260305,046390,신탁,주요사항보고서(자기주식취득신탁계약체결결정),삼화네트웍스
20260305000652,20260305,297570,신탁,주요사항보고서(자기주식취득신탁계약체결결정),아틀라스링크
20260305801749,20260305,006060,밸류업,기업가치제고계획(자율공시)              ,화승인더스트리
20260305801766,20260305,241590,밸류업,기업가치제고계획(자율공시)              ,화승엔터프라이즈
20260305901283,20260305,014970,밸류업,기업가치제고계획(자율공시)              (2026년),삼륭물산
20260306000004,20260306,006120,신탁,주요사항보고서(자기주식취득신탁계약체결결정),SK디스커버리
20260306001006,20260306,003240,대량보유,주식등의대량보유상황보고서(일반),트러스톤자산운용
20260306900293,20260306,017480,밸류업,기업가치제고계획(자율공시)              (2026년),삼현철강
20260309001330,20260309,265520,신탁,주요사항보고서(자기주식취득신탁계약체결결정),AP시스템
20260309001411,20260309,123410,대량보유,주식등의대량보유상황보고서(약식),브이아이피자산운용
20260309001469,20260309,035080,신탁,주요사항보고서(자기주식취득신탁계약체결결정),그래디언트
20260309900966,20260309,036480,양수도,최대주주변경을수반하는주식양수도계약체결              ,대성미생물
20260310002087,20260310,101160,대량보유,주식등의대량보유상황보고서(약식),브이아이피자산운용
20260310002285,20260310,439260,신탁,주요사항보고서(자기주식취득신탁계약체결결정),대한조선
20260310002577,20260310,100120,신탁,주요사항보고서(자기주식취득신탁계약체결결정),뷰웍스
20260310002675,20260310,098120,대량보유,주식등의대량보유상황보고서(약식),에셋플러스자산운용
20260310002678,20260310,017890,대량보유,주식등의대량보유상황보고서(일반),트러스톤자산운용
20260310002700,20260310,348210,대량보유,주식등의대량보유상황보고서(약식),브이아이피자산운용
20260310002711,20260310,005300,대량보유,주식등의대량보유상황보고서(약식),브이아이피자산운용
20260310002720,20260310,204610,대량보유,주식등의대량보유상황보고서(약식),브이아이피자산운용
20260310002927,20260310,009970,대량보유,주식등의대량보유상황보고서(약식),브이아이피자산운용
20260310002972,20260310,462870,신탁,주요사항보고서(자기주식취득신탁계약체결결정),시프트업
20260310900861,20260310,053620,밸류업,기업가치제고계획(자율공시)              ,태양
20260310901028,20260310,049830,밸류업,기업가치제고계획(자율공시)              (2026년 주식회사 승일 기업가치 제고 계획),승일
20260310901225,20260310,049720,밸류업,기업가치제고계획(자율공시)              (2026년),고려신용정보
20260311003501,20260311,045390,신탁,주요사항보고서(자기주식취득신탁계약체결결정),대아티아이
20260311003714,20260311,011780,신탁,주요사항보고서(자기주식취득신탁계약체결결정),금호석유화학
20260311004589,20260311,049430,신탁,주요사항보고서(자기주식취득신탁계약체결결정),코메론
20260311802253,20260311,011780,밸류업,기업가치제고계획(자율공시)              (2025 금호석유화학 기업가치제고계획 이행 현황),금호석유화학
20260311901362,20260311,339950,밸류업,기업가치제고계획(자율공시)              ,아이비김영
20260311902353,20260311,215200,밸류업,기업가치제고계획(자율공시)              ,메가스터디교육
20260312000816,20260312,122990,신탁,주요사항보고서(자기주식취득신탁계약체결결정),와이솔
20260312001101,20260312,003920,신탁,주요사항보고서(자기주식취득신탁계약체결결정),남양유업
20260312001409,20260312,021240,대량보유,주식등의대량보유상황보고서(일반),얼라인파트너스자산운용
20260312802071,20260312,071050,밸류업,기업가치제고계획(자율공시)              ,한국금융지주
20260312900839,20260312,054050,밸류업,기업가치제고계획(자율공시)              ,NH농우바이오
20260312901675,20260312,417970,밸류업,기업가치제고계획(자율공시)              ,모델솔루션
20260313000814,20260313,050890,신탁,주요사항보고서(자기주식취득신탁계약체결결정),쏠리드
20260313801241,20260313,006650,밸류업,기업가치제고계획(자율공시)              ,대한유화
20260313900301,20260313,023160,밸류업,기업가치제고계획(자율공시)              ((주)태광 2026년 기업가치 제고 계획),태광
20260313901257,20260313,004780,밸류업,기업가치제고계획(자율공시)              ,대륙제관
20260313901795,20260313,366030,양수도,최대주주변경을수반하는주식양수도계약체결              ,나인앤컴퍼니
20260316001230,20260316,037460,대량보유,주식등의대량보유상황보고서(약식),브이아이피자산운용
20260316800295,20260316,034590,밸류업,기업가치제고계획(자율공시)              ,인천도시가스
20260316800949,20260316,007690,밸류업,기업가치제고계획(자율공시)              ,국도화학
20260316801002,20260316,007570,밸류업,기업가치제고계획(자율공시)              ,일양약품
20260316801696,20260316,010950,밸류업,기업가치제고계획(자율공시)              (2026년),S-Oil
20260316901253,20260316,127710,밸류업,기업가치제고계획(자율공시)              ,아시아경제
20260317000694,20260317,028100,신탁,주요사항보고서(자기주식취득신탁계약체결결정),동아지질
20260317800317,20260317,134380,밸류업,기업가치제고계획(자율공시)              ,미원화학
20260317801121,20260317,033270,밸류업,기업가치제고계획(자율공시)              ,유나이티드
20260317900101,20260317,068930,밸류업,기업가치제고계획(자율공시)              ,디지털대성
20260317900453,20260317,147830,밸류업,기업가치제고계획(자율공시)              ,제룡산업
20260317900500,20260317,033100,밸류업,기업가치제고계획(자율공시)              ,제룡전기
20260318001453,20260318,114810,신탁,주요사항보고서(자기주식취득신탁계약체결결정),한솔아이원스
20260318800778,20260318,015360,밸류업,기업가치제고계획(자율공시)              ,INVENI
20260318900199,20260318,054950,밸류업,기업가치제고계획(자율공시)              ,제이브이엠
20260319000469,20260319,052300,신탁,주요사항보고서(자기주식취득신탁계약체결결정),오션인더블유
20260319800294,20260319,014440,밸류업,기업가치제고계획(자율공시)              ,영보화학
20260319800427,20260319,499790,밸류업,기업가치제고계획(자율공시)              ,GS피앤엘
20260319800476,20260319,051600,밸류업,기업가치제고계획(자율공시)              ,한전KPS
20260319801240,20260319,024090,밸류업,기업가치제고계획(자율공시)              ,디씨엠
20260319801333,20260319,005930,밸류업,기업가치제고계획(자율공시)              ,삼성전자
20260319801372,20260319,009150,밸류업,기업가치제고계획(자율공시)              ,삼성전기
20260319801374,20260319,214320,밸류업,기업가치제고계획(자율공시)              ,이노션
20260319801509,20260319,032830,밸류업,기업가치제고계획(자율공시)              ,삼성생명
20260319801550,20260319,300720,밸류업,기업가치제고계획(자율공시)              ,한일시멘트
20260319801617,20260319,030000,밸류업,기업가치제고계획(자율공시)              ,제일기획
20260319801664,20260319,003300,밸류업,기업가치제고계획(자율공시)              ,한일홀딩스
20260319801717,20260319,018260,밸류업,기업가치제고계획(자율공시)              ,삼성에스디에스
20260319801865,20260319,012750,밸류업,기업가치제고계획(자율공시)              ,에스원
20260319801988,20260319,298020,밸류업,기업가치제고계획(자율공시)              (효성티앤씨㈜ 기업가치제고계획 이행현황(2025년) ),효성티앤씨
20260319802054,20260319,029780,밸류업,기업가치제고계획(자율공시)              ,삼성카드
20260319900021,20260319,261780,양수도,최대주주변경을수반하는주식양수도계약체결              ,아리바이오LAB
20260319900140,20260319,021080,밸류업,기업가치제고계획(자율공시)              ,에이티넘인베스트
20260319900382,20260319,032280,밸류업,기업가치제고계획(자율공시)              ,삼일
20260319900539,20260319,036560,밸류업,기업가치제고계획(자율공시)              ,KZ정밀
20260319900600,20260319,000440,밸류업,기업가치제고계획(자율공시)              ,중앙에너비스
20260319900694,20260319,025880,밸류업,기업가치제고계획(자율공시)              ,케이씨피드
20260319901167,20260319,065530,밸류업,기업가치제고계획(자율공시)              ,와이어블
20260320001008,20260320,248070,대량보유,주식등의대량보유상황보고서(일반),얼라인파트너스자산운용
20260320800143,20260320,268280,밸류업,기업가치제고계획(자율공시)              ,미원에스씨
20260320800507,20260320,004490,밸류업,기업가치제고계획(자율공시)              ,세방전지
20260320800625,20260320,004430,밸류업,기업가치제고계획(자율공시)              ,송원산업
20260320800745,20260320,042700,밸류업,기업가치제고계획(자율공시)              ,한미반도체
20260320800811,20260320,025540,밸류업,기업가치제고계획(자율공시)              ,한국단자공업
20260320800833,20260320,002600,밸류업,기업가치제고계획(자율공시)              ,조흥
20260320800958,20260320,005500,밸류업,기업가치제고계획(자율공시)              (2026년),삼진제약
20260320801046,20260320,006980,밸류업,기업가치제고계획(자율공시)              ,우성
20260320801103,20260320,003160,밸류업,기업가치제고계획(자율공시)              ,디아이
20260320801111,20260320,004970,밸류업,기업가치제고계획(자율공시)              ,신라교역
20260320801170,20260320,005300,밸류업,기업가치제고계획(자율공시)              ,롯데칠성음료
20260320801193,20260320,028050,밸류업,기업가치제고계획(자율공시)              ,삼성E&A
20260320801227,20260320,035000,밸류업,기업가치제고계획(자율공시)              (2025년 재공시),HS애드
20260320801434,20260320,000810,밸류업,기업가치제고계획(자율공시)              ,삼성화재해상보험
20260320801440,20260320,016360,밸류업,기업가치제고계획(자율공시)              ,삼성증권
20260320801502,20260320,004800,밸류업,기업가치제고계획(자율공시)              ,효성
20260320801553,20260320,280360,밸류업,[첨부추가]기업가치제고계획(자율공시)              ,롯데웰푸드
20260320801659,20260320,007070,밸류업,기업가치제고계획(자율공시)              ,GS리테일
20260320801894,20260320,030210,밸류업,기업가치제고계획(자율공시)              ,다올투자증권
20260320900227,20260320,091700,밸류업,기업가치제고계획(자율공시)              (고배당기업),파트론
20260320900527,20260320,093190,밸류업,기업가치제고계획(자율공시)              (2026년 (주)빅솔론 기업가치 제고 계획),빅솔론
20260320900652,20260320,109080,밸류업,기업가치제고계획(자율공시)              ,옵티시스
20260320900705,20260320,036220,밸류업,기업가치제고계획(자율공시)              ,오상헬스케어
20260320900866,20260320,014570,밸류업,기업가치제고계획(자율공시)              ,고려제약
20260320900919,20260320,013030,밸류업,기업가치제고계획(자율공시)              ,하이록코리아
20260320901023,20260320,052260,밸류업,기업가치제고계획(자율공시)              ,현대바이오랜드
20260320901074,20260320,136540,밸류업,기업가치제고계획(자율공시)              ,윈스테크넷
20260320901284,20260320,204610,밸류업,기업가치제고계획(자율공시)              ,티쓰리
20260320901403,20260320,036190,밸류업,기업가치제고계획(자율공시)              (2026년),금화피에스시
20260320901460,20260320,277410,밸류업,기업가치제고계획(자율공시)              ,인산가
20260320901564,20260320,025770,밸류업,기업가치제고계획(자율공시)              ,한국정보통신
20260323000249,20260323,275630,신탁,주요사항보고서(자기주식취득신탁계약체결결정),에스에스알
20260323000357,20260323,208350,신탁,주요사항보고서(자기주식취득신탁계약체결결정),지란지교시큐리티
20260323000943,20260323,061090,신탁,주요사항보고서(자기주식취득신탁계약체결결정),세나테크놀로지
20260323800234,20260323,016580,밸류업,기업가치제고계획(자율공시)              ,환인제약
20260323800408,20260323,009180,밸류업,기업가치제고계획(자율공시)              ,한솔로지스틱스
20260323800421,20260323,005810,밸류업,기업가치제고계획(자율공시)              ,풍산홀딩스
20260323800688,20260323,005800,밸류업,기업가치제고계획(자율공시)              ,신영와코루
20260323801195,20260323,023530,밸류업,기업가치제고계획(자율공시)              (2026년 이행현황),롯데쇼핑
20260323801337,20260323,005830,밸류업,기업가치제고계획(자율공시)              ,DB손해보험
20260323801652,20260323,092230,밸류업,기업가치제고계획(자율공시)              ,KPX홀딩스
20260323801851,20260323,316140,밸류업,기업가치제고계획(자율공시)              (고배당기업 표시를 위한 재공시),우리금융지주
20260323801871,20260323,009580,밸류업,기업가치제고계획(자율공시)              ,무림P&P
20260323801903,20260323,007590,밸류업,기업가치제고계획(자율공시)              ,동방아그로
20260323802472,20260323,286940,밸류업,기업가치제고계획(자율공시)              ,롯데이노베이트
20260323900126,20260323,131180,밸류업,기업가치제고계획(자율공시)              ,딜리
20260323900785,20260323,001810,밸류업,기업가치제고계획(자율공시)              ,무림SP
20260323900885,20260323,293580,밸류업,기업가치제고계획(자율공시)              ,나우IB
20260323901029,20260323,095610,밸류업,기업가치제고계획(자율공시)              ,테스
20260324000240,20260324,098660,신탁,주요사항보고서(자기주식취득신탁계약체결결정),에스티오
20260324000334,20260324,462310,신탁,주요사항보고서(자기주식취득신탁계약체결결정),뉴키즈온
20260324000362,20260324,063440,신탁,주요사항보고서(자기주식취득신탁계약체결결정),SM Life Design
20260324000410,20260324,332570,신탁,주요사항보고서(자기주식취득신탁계약체결결정),PS일렉트로닉스
20260324000654,20260324,049470,대량보유,주식등의대량보유상황보고서(일반),케이씨지아이
20260324000701,20260324,123410,대량보유,주식등의대량보유상황보고서(약식),브이아이피자산운용
20260324800103,20260324,030190,밸류업,기업가치제고계획(자율공시)              ,NICE평가정보
20260324800317,20260324,002150,밸류업,기업가치제고계획(자율공시)              ,도화엔지니어링
20260324800416,20260324,460860,밸류업,기업가치제고계획(자율공시)              ,동국제강
20260324800435,20260324,068270,밸류업,기업가치제고계획(자율공시)              ,셀트리온
20260324800488,20260324,066570,밸류업,기업가치제고계획(자율공시)              (2025년 재공시),LG전자
20260324800561,20260324,025820,밸류업,기업가치제고계획(자율공시)              ,이구산업
20260324800791,20260324,213500,밸류업,기업가치제고계획(자율공시)              ,한솔제지
20260324800827,20260324,015890,밸류업,기업가치제고계획(자율공시)              (2026년),태경산업
20260324800910,20260324,064400,밸류업,기업가치제고계획(자율공시)              ,LG씨엔에스
20260324801107,20260324,000220,밸류업,기업가치제고계획(자율공시)              ,유유제약
20260324801129,20260324,035510,밸류업,기업가치제고계획(자율공시)              ,신세계I&C
20260324801198,20260324,031430,밸류업,기업가치제고계획(자율공시)              ,신세계인터내셔날
20260324801321,20260324,018670,밸류업,기업가치제고계획(자율공시)              ,SK가스
20260324801329,20260324,004170,밸류업,기업가치제고계획(자율공시)              (2026년 이행현황),신세계
20260324801371,20260324,453340,밸류업,기업가치제고계획(자율공시)              ,현대그린푸드
20260324801537,20260324,032640,밸류업,기업가치제고계획(자율공시)              (고배당기업 표시를 위한 재공시),LG유플러스
20260324801548,20260324,002840,밸류업,기업가치제고계획(자율공시)              ,미원상사
20260324801671,20260324,012450,밸류업,기업가치제고계획(자율공시)              ,한화에어로스페이스
20260324801768,20260324,003000,밸류업,기업가치제고계획(자율공시)              ,부광약품
20260324900199,20260324,031510,밸류업,기업가치제고계획(자율공시)              ,오스템
20260324900216,20260324,032540,밸류업,기업가치제고계획(자율공시)              ,TJ미디어
20260324900217,20260324,112040,밸류업,기업가치제고계획(자율공시)              ,위메이드
20260324900448,20260324,228850,밸류업,기업가치제고계획(자율공시)              (2026년 (주)레이언스 기업가치 제고 계획),레이언스
20260324900452,20260324,058630,밸류업,기업가치제고계획(자율공시)              ,엠게임
20260324900465,20260324,263690,밸류업,기업가치제고계획(자율공시)              (2026년 (주)디알젬 기업가치 제고 계획),디알젬
20260324900497,20260324,003800,밸류업,기업가치제고계획(자율공시)              (2026년),에이스침대
20260324900660,20260324,021650,밸류업,기업가치제고계획(자율공시)              ,한국큐빅
20260324900666,20260324,060370,밸류업,기업가치제고계획(자율공시)              ,LS마린솔루션
20260324900682,20260324,459100,밸류업,기업가치제고계획(자율공시)              ,위츠
20260324900686,20260324,450950,밸류업,기업가치제고계획(자율공시)              ,아스테라시스
20260324900691,20260324,260970,밸류업,기업가치제고계획(자율공시)              ,에스앤디
20260324900729,20260324,126640,밸류업,기업가치제고계획(자율공시)              ,화신정공
20260324900773,20260324,111710,밸류업,기업가치제고계획(자율공시)              ,남화산업
20260324900970,20260324,040420,밸류업,기업가치제고계획(자율공시)              ,정상제이엘에스
20260324901045,20260324,417200,밸류업,기업가치제고계획(자율공시)              ,LS머트리얼즈
20260324901457,20260324,083500,밸류업,기업가치제고계획(자율공시)              ,에프엔에스테크
20260324901565,20260324,214370,밸류업,기업가치제고계획(자율공시)              ,케어젠
20260324901642,20260324,058400,밸류업,기업가치제고계획(자율공시)              ,KNN
20260325001142,20260325,145720,신탁,주요사항보고서(자기주식취득신탁계약체결결정),덴티움
20260325001167,20260325,251270,신탁,주요사항보고서(자기주식취득신탁계약체결결정),넷마블
20260325001241,20260325,439090,신탁,주요사항보고서(자기주식취득신탁계약체결결정),마녀공장
20260325800001,20260325,272550,밸류업,기업가치제고계획(자율공시)              ,삼양패키징
20260325800140,20260325,006220,밸류업,기업가치제고계획(자율공시)              ,제주은행
20260325800253,20260325,023000,밸류업,기업가치제고계획(자율공시)              ,삼원강재
20260325800400,20260325,006360,밸류업,기업가치제고계획(자율공시)              ,GS건설
20260325800462,20260325,285130,밸류업,기업가치제고계획(자율공시)              ,SK케미칼
20260325800672,20260325,192400,밸류업,기업가치제고계획(자율공시)              ,쿠쿠홀딩스
20260325800675,20260325,001430,밸류업,기업가치제고계획(자율공시)              ,세아베스틸지주
20260325800745,20260325,443060,밸류업,기업가치제고계획(자율공시)              ,HD현대마린솔루션
20260325800828,20260325,024900,밸류업,기업가치제고계획(자율공시)              ,디와이덕양
20260325800940,20260325,086790,밸류업,기업가치제고계획(자율공시)              (2025년 이행현황),하나금융지주
20260325800951,20260325,005490,밸류업,기업가치제고계획(자율공시)              (고배당기업 표시를 위한 재공시),POSCO홀딩스
20260325800992,20260325,267260,밸류업,기업가치제고계획(자율공시)              (2026년),HD현대일렉트릭
20260325801097,20260325,008730,밸류업,기업가치제고계획(자율공시)              (2026년),율촌화학
20260325801108,20260325,004560,밸류업,기업가치제고계획(자율공시)              ,현대비앤지스틸
20260325801109,20260325,010130,밸류업,기업가치제고계획(자율공시)              ,고려아연
20260325801231,20260325,004990,밸류업,기업가치제고계획(자율공시)              ,롯데지주
20260325900086,20260325,376300,밸류업,기업가치제고계획(자율공시)              ,디어유
20260325900210,20260325,089980,밸류업,기업가치제고계획(자율공시)              (2026년 (주)상아프론테크 기업가치 제고 계획),상아프론테크
20260325900224,20260325,006140,밸류업,기업가치제고계획(자율공시)              ,피제이전자
20260325900249,20260325,075970,밸류업,기업가치제고계획(자율공시)              (2026년 (주)동국알앤에스 기업가치 제고 계획),동국알앤에스
20260325900274,20260325,094360,밸류업,기업가치제고계획(자율공시)              ,칩스앤미디어
20260325900434,20260325,089030,밸류업,기업가치제고계획(자율공시)              ,테크윙
20260325900497,20260325,051390,밸류업,기업가치제고계획(자율공시)              (2026년 와이더블유(주) 기업가치 제고 계획),YW
20260325900537,20260325,046440,밸류업,기업가치제고계획(자율공시)              ,KG파이낸셜
20260325900557,20260325,072020,밸류업,기업가치제고계획(자율공시)              (2026년 주식회사 중앙백신연구소 기업가치 제고 계획),중앙백신
20260325900621,20260325,073560,밸류업,기업가치제고계획(자율공시)              ,우리손에프앤지
20260325900660,20260325,060480,밸류업,기업가치제고계획(자율공시)              ,국일신동
20260325900768,20260325,031330,밸류업,기업가치제고계획(자율공시)              ,에스에이엠티
20260325900854,20260325,078020,밸류업,기업가치제고계획(자율공시)              ,LS증권
20260325900877,20260325,263860,밸류업,기업가치제고계획(자율공시)              ,지니언스
20260325901136,20260325,092730,밸류업,기업가치제고계획(자율공시)              ,네오팜
20260325901234,20260325,130580,밸류업,기업가치제고계획(자율공시)              ,나이스디앤비
20260326000277,20260326,138040,신탁,주요사항보고서(자기주식취득신탁계약체결결정),메리츠금융지주
20260326000909,20260326,204620,대량보유,주식등의대량보유상황보고서(약식),브이아이피자산운용
20260326001479,20260326,206650,신탁,주요사항보고서(자기주식취득신탁계약체결결정),유바이오로직스
20260326800252,20260326,100250,밸류업,기업가치제고계획(자율공시)              ,진양홀딩스
20260326800482,20260326,017800,밸류업,기업가치제고계획(자율공시)              ,현대엘리베이터
20260326800495,20260326,462520,밸류업,기업가치제고계획(자율공시)              ,조선내화
20260326800574,20260326,084010,밸류업,기업가치제고계획(자율공시)              ,대한제강
20260326800627,20260326,484870,밸류업,기업가치제고계획(자율공시)              ,엠앤씨솔루션
20260326800714,20260326,078930,밸류업,기업가치제고계획(자율공시)              ,GS
20260326800744,20260326,083420,밸류업,기업가치제고계획(자율공시)              ,그린케미칼
20260326800762,20260326,001560,밸류업,기업가치제고계획(자율공시)              ,제일연마
20260326800958,20260326,003780,밸류업,기업가치제고계획(자율공시)              ,진양산업
20260326800959,20260326,112610,밸류업,기업가치제고계획(자율공시)              ,씨에스윈드
20260326800994,20260326,114090,밸류업,기업가치제고계획(자율공시)              ,GKL
20260326801053,20260326,377740,밸류업,기업가치제고계획(자율공시)              ,바이오노트
20260326801072,20260326,175330,밸류업,기업가치제고계획(자율공시)              (2026년),JB금융지주
20260326801096,20260326,003670,밸류업,기업가치제고계획(자율공시)              ,포스코퓨처엠
20260326801425,20260326,000390,밸류업,기업가치제고계획(자율공시)              ,SP삼화
20260326801443,20260326,001120,밸류업,기업가치제고계획(자율공시)              ,LX인터내셔널
20260326801636,20260326,090430,밸류업,기업가치제고계획(자율공시)              (고배당기업 표시를 위한 재공시),아모레퍼시픽
20260326801690,20260326,002790,밸류업,기업가치제고계획(자율공시)              (고배당기업 표시를 위한 재공시),아모레퍼시픽홀딩스
20260326801798,20260326,002310,밸류업,기업가치제고계획(자율공시)              ,아세아제지
20260326801857,20260326,095570,밸류업,기업가치제고계획(자율공시)              ,AJ네트웍스
20260326801885,20260326,062040,밸류업,기업가치제고계획(자율공시)              ,산일전기
20260326801928,20260326,047050,밸류업,기업가치제고계획(자율공시)              ,포스코인터내셔널
20260326801970,20260326,044820,밸류업,기업가치제고계획(자율공시)              ,코스맥스비티아이
20260326802047,20260326,139480,밸류업,기업가치제고계획(자율공시)              (고배당기업 표시를 위한 재공시),이마트
20260326802241,20260326,381970,밸류업,기업가치제고계획(자율공시)              ,케이카
20260326802270,20260326,016610,밸류업,기업가치제고계획(자율공시)              ,DB증권
20260326802300,20260326,126560,밸류업,기업가치제고계획(자율공시)              ,현대퓨처넷
20260326802320,20260326,086280,밸류업,기업가치제고계획(자율공시)              ,현대글로비스
20260326802418,20260326,002100,밸류업,기업가치제고계획(자율공시)              ,경농
20260326802480,20260326,017390,밸류업,기업가치제고계획(자율공시)              ,서울도시가스
20260326802483,20260326,214390,밸류업,기업가치제고계획(자율공시)              ,경보제약
20260326802505,20260326,000880,밸류업,기업가치제고계획(자율공시)              ,한화
20260326802574,20260326,037710,밸류업,기업가치제고계획(자율공시)              (2026년 이행현황),광주신세계
20260326802662,20260326,000850,밸류업,기업가치제고계획(자율공시)              ,화천기공
20260326802676,20260326,028100,밸류업,기업가치제고계획(자율공시)              ,동아지질
20260326802713,20260326,003230,밸류업,기업가치제고계획(자율공시)              ((2025년 이행현황)),삼양식품
20260326802747,20260326,251270,밸류업,기업가치제고계획(자율공시)              ,넷마블
20260326802801,20260326,383220,밸류업,기업가치제고계획(자율공시)              (고배당기업 표시를 위한 재공시),F&F
20260326802894,20260326,003200,밸류업,기업가치제고계획(자율공시)              ,일신방직
20260326802942,20260326,195870,밸류업,기업가치제고계획(자율공시)              ,해성디에스
20260326802945,20260326,069260,밸류업,기업가치제고계획(자율공시)              ,티케이지휴켐스
20260326802962,20260326,039570,밸류업,기업가치제고계획(자율공시)              ,HDC랩스
20260326802997,20260326,271560,밸류업,기업가치제고계획(자율공시)              (고배당기업 표시를 위한 재공시),오리온
20260326803010,20260326,003460,밸류업,기업가치제고계획(자율공시)              ,유화증권
20260326803139,20260326,055550,밸류업,기업가치제고계획(자율공시)              (고배당기업 표시를 위한 재공시),신한지주
20260326803162,20260326,003550,밸류업,기업가치제고계획(자율공시)              (고배당기업 표시를 위한 재공시),LG
20260326803246,20260326,181710,밸류업,기업가치제고계획(자율공시)              ,NHN
20260326803318,20260326,023450,밸류업,기업가치제고계획(자율공시)              (기업가치 제고 계획(자율공시)(2026년)),동남합성
20260326803339,20260326,001800,밸류업,기업가치제고계획(자율공시)              ,오리온홀딩스
20260326803412,20260326,039490,밸류업,기업가치제고계획(자율공시)              ((고배당기업 표시를 위한 재공시)),키움증권
20260326803537,20260326,192820,밸류업,기업가치제고계획(자율공시)              (고배당기업 표시를 위한 재공시),코스맥스
20260326803541,20260326,138930,밸류업,기업가치제고계획(자율공시)              ,BNK금융지주
20260326803577,20260326,001750,밸류업,기업가치제고계획(자율공시)              ,한양증권
20260326900131,20260326,110990,밸류업,기업가치제고계획(자율공시)              ,디아이티
20260326900134,20260326,119610,밸류업,기업가치제고계획(자율공시)              ,인터로조
20260326900345,20260326,109860,밸류업,기업가치제고계획(자율공시)              ,동일금속
20260326900387,20260326,120240,밸류업,기업가치제고계획(자율공시)              (2026년 대정화금(주) 기업가치 제고 계획),대정화금
20260326900552,20260326,094170,밸류업,기업가치제고계획(자율공시)              ,동운아나텍
20260326900680,20260326,058610,밸류업,기업가치제고계획(자율공시)              ,에스피지
20260326900699,20260326,092460,밸류업,기업가치제고계획(자율공시)              ,한라IMS
20260326900705,20260326,296640,밸류업,기업가치제고계획(자율공시)              ,이노에이엑스
20260326900721,20260326,067730,밸류업,기업가치제고계획(자율공시)              ,로지시스
20260326900743,20260326,405100,밸류업,기업가치제고계획(자율공시)              ,큐알티
20260326900771,20260326,058470,밸류업,기업가치제고계획(자율공시)              ,리노공업
20260326900854,20260326,282880,밸류업,기업가치제고계획(자율공시)              ,코윈테크
20260326900921,20260326,419120,밸류업,기업가치제고계획(자율공시)              ,산돌
20260326900967,20260326,063760,밸류업,기업가치제고계획(자율공시)              ,이엘피
20260326901001,20260326,353190,밸류업,기업가치제고계획(자율공시)              ,휴럼
20260326901044,20260326,200780,밸류업,기업가치제고계획(자율공시)              ,비씨월드제약
20260326901090,20260326,102120,밸류업,기업가치제고계획(자율공시)              ,어보브반도체
20260326901093,20260326,298540,밸류업,기업가치제고계획(자율공시)              ,더네이쳐홀딩스
20260326901098,20260326,368770,밸류업,기업가치제고계획(자율공시)              ,파이버프로
20260326901101,20260326,134060,밸류업,기업가치제고계획(자율공시)              ,이퓨쳐
20260326901162,20260326,452160,밸류업,기업가치제고계획(자율공시)              ,제이엔비
20260326901337,20260326,038290,밸류업,기업가치제고계획(자율공시)              ,마크로젠
20260326901351,20260326,086710,밸류업,기업가치제고계획(자율공시)              ,선진뷰티사이언스
20260326901362,20260326,096250,밸류업,기업가치제고계획(자율공시)              ,와이즈넛
20260326901367,20260326,222800,밸류업,기업가치제고계획(자율공시)              ,심텍
20260326901480,20260326,033130,밸류업,기업가치제고계획(자율공시)              ,디지틀조선
20260326901566,20260326,015710,밸류업,기업가치제고계획(자율공시)              ,코콤
20260326901591,20260326,010240,밸류업,기업가치제고계획(자율공시)              ,흥국
20260326901600,20260326,019990,밸류업,기업가치제고계획(자율공시)              ,에너토크
20260326901892,20260326,256150,밸류업,기업가치제고계획(자율공시)              ,한독크린텍
20260326902020,20260326,038680,밸류업,기업가치제고계획(자율공시)              ,에스넷
20260326902131,20260326,318010,밸류업,기업가치제고계획(자율공시)              ,팜스빌
20260326902167,20260326,052600,밸류업,기업가치제고계획(자율공시)              ,한네트
20260326902189,20260326,115500,밸류업,기업가치제고계획(자율공시)              ,케이씨에스
20260326902444,20260326,041520,밸류업,기업가치제고계획(자율공시)              ,이엘씨
20260326902516,20260326,089010,밸류업,기업가치제고계획(자율공시)              ,켐트로닉스
20260326902593,20260326,344860,밸류업,기업가치제고계획(자율공시)              ,이노진
20260326902727,20260326,019210,밸류업,기업가치제고계획(자율공시)              ,와이지-원
20260326902896,20260326,005160,밸류업,기업가치제고계획(자율공시)              (2026년 동국산업(주) 기업가치 제고 계획),동국산업
20260326902960,20260326,092070,밸류업,기업가치제고계획(자율공시)              ,디엔에프
20260326903052,20260326,089150,밸류업,기업가치제고계획(자율공시)              ,케이씨티
20260326903354,20260326,241770,밸류업,기업가치제고계획(자율공시)              ,메카로
20260327001265,20260327,035150,대량보유,주식등의대량보유상황보고서(약식),브이아이피자산운용
20260327800160,20260327,034830,밸류업,기업가치제고계획(자율공시)              ,한국토지신탁
20260327800162,20260327,044450,밸류업,기업가치제고계획(자율공시)              ,KSS해운
20260327800179,20260327,053210,밸류업,기업가치제고계획(자율공시)              ,케이티스카이라이프
20260327800193,20260327,161390,밸류업,기업가치제고계획(자율공시)              ,한국타이어앤테크놀로지
20260327800198,20260327,060980,밸류업,기업가치제고계획(자율공시)              ,HL홀딩스
20260327800274,20260327,000240,밸류업,기업가치제고계획(자율공시)              ,한국앤컴퍼니
20260327800276,20260327,226320,밸류업,기업가치제고계획(자율공시)              ,잇츠한불
20260327800287,20260327,323410,밸류업,기업가치제고계획(자율공시)              (고배당기업 표시를 위한 재공시),카카오뱅크
20260327800313,20260327,094280,밸류업,기업가치제고계획(자율공시)              (기업가치 제고 계획(자율공시)(2026년)),효성 ITX
20260327800367,20260327,005940,밸류업,기업가치제고계획(자율공시)              ,NH투자증권
20260327800405,20260327,068290,밸류업,기업가치제고계획(자율공시)              ,삼성출판사
20260327800437,20260327,105630,밸류업,기업가치제고계획(자율공시)              ,한세실업
20260327800467,20260327,033780,밸류업,기업가치제고계획(자율공시)              (고배당기업 표시를 위한 재공시),케이티앤지
20260327800488,20260327,139130,밸류업,기업가치제고계획(자율공시)              (2026년 이행현황),iM금융지주
20260327800619,20260327,026940,밸류업,기업가치제고계획(자율공시)              ,부국철강
20260327800691,20260327,069730,밸류업,기업가치제고계획(자율공시)              ,DSR제강
20260327800703,20260327,033920,밸류업,기업가치제고계획(자율공시)              ,무학
20260327800819,20260327,130660,밸류업,기업가치제고계획(자율공시)              ,한전산업
20260327800866,20260327,002810,밸류업,기업가치제고계획(자율공시)              ,삼영무역
20260327800882,20260327,267850,밸류업,기업가치제고계획(자율공시)              ,아시아나IDT
20260327800893,20260327,007310,밸류업,기업가치제고계획(자율공시)              ,오뚜기
20260327800964,20260327,005820,밸류업,기업가치제고계획(자율공시)              ,원림
20260327801126,20260327,096760,밸류업,기업가치제고계획(자율공시)              ,JW홀딩스
20260327801197,20260327,155660,밸류업,기업가치제고계획(자율공시)              ,DSR
20260327801232,20260327,004830,밸류업,기업가치제고계획(자율공시)              ,덕성
20260327801235,20260327,035150,밸류업,기업가치제고계획(자율공시)              ,백산
20260327801254,20260327,000080,밸류업,기업가치제고계획(자율공시)              ,하이트진로
20260327801269,20260327,234080,밸류업,기업가치제고계획(자율공시)              ,JW생명과학
20260327801384,20260327,011200,밸류업,기업가치제고계획(자율공시)              ,HMM
20260327801386,20260327,017900,밸류업,기업가치제고계획(자율공시)              ,광전자
20260327801419,20260327,097520,밸류업,기업가치제고계획(자율공시)              ,엠씨넥스
20260327801429,20260327,317450,밸류업,기업가치제고계획(자율공시)              ,명인제약
20260327801436,20260327,353200,밸류업,기업가치제고계획(자율공시)              ,대덕전자
20260327801523,20260327,001820,밸류업,기업가치제고계획(자율공시)              ,삼화콘덴서공업
20260327801526,20260327,002240,밸류업,기업가치제고계획(자율공시)              ,고려제강
20260327801560,20260327,005850,밸류업,기업가치제고계획(자율공시)              ,에스엘
20260327801575,20260327,192650,밸류업,기업가치제고계획(자율공시)              ,드림텍
20260327801591,20260327,183190,밸류업,기업가치제고계획(자율공시)              ,아세아시멘트
20260327801623,20260327,079900,밸류업,기업가치제고계획(자율공시)              ,전진건설로봇
20260327801741,20260327,028670,밸류업,기업가치제고계획(자율공시)              ,팬오션
20260327801767,20260327,122900,밸류업,기업가치제고계획(자율공시)              ,아이마켓코리아
20260327801861,20260327,034120,밸류업,기업가치제고계획(자율공시)              ,SBS
20260327801871,20260327,001200,밸류업,기업가치제고계획(자율공시)              ,유진증권
20260327801878,20260327,009470,밸류업,기업가치제고계획(자율공시)              ,삼화전기
20260327801904,20260327,078000,밸류업,기업가치제고계획(자율공시)              ,텔코웨어
20260327801910,20260327,003690,밸류업,기업가치제고계획(자율공시)              ,코리안리
20260327801957,20260327,058650,밸류업,기업가치제고계획(자율공시)              ,세아홀딩스
20260327802183,20260327,241560,밸류업,기업가치제고계획(자율공시)              (이행현황 및 고배당기업 표시),두산밥캣
20260327802234,20260327,006120,밸류업,기업가치제고계획(자율공시)              ,SK디스커버리
20260327802251,20260327,081660,밸류업,[첨부추가]기업가치제고계획(자율공시)              ,미스토홀딩스
20260327802295,20260327,008060,밸류업,기업가치제고계획(자율공시)              (2026년),대덕
20260327802296,20260327,003120,밸류업,기업가치제고계획(자율공시)              ,일성아이에스
20260327802307,20260327,034730,밸류업,기업가치제고계획(자율공시)              (고배당기업 표시를 위한 재공시),SK
20260327802311,20260327,005680,밸류업,기업가치제고계획(자율공시)              ,삼영전자공업
20260327802328,20260327,009160,밸류업,기업가치제고계획(자율공시)              ,SIMPAC
20260327802341,20260327,001060,밸류업,기업가치제고계획(자율공시)              ,JW중외제약
20260327802428,20260327,105560,밸류업,기업가치제고계획(자율공시)              (고배당기업 표시를 위한 재공시),KB금융
20260327802511,20260327,001040,밸류업,기업가치제고계획(자율공시)              ,CJ
20260327802549,20260327,002460,밸류업,기업가치제고계획(자율공시)              ,HS화성
20260327802636,20260327,017940,밸류업,기업가치제고계획(자율공시)              ,E1
20260327802645,20260327,016590,밸류업,기업가치제고계획(자율공시)              ,신대양제지
20260327802680,20260327,019680,밸류업,기업가치제고계획(자율공시)              ,대교
20260327802722,20260327,002900,밸류업,기업가치제고계획(자율공시)              ,TYM
20260327802746,20260327,001500,밸류업,기업가치제고계획(자율공시)              ,현대차증권
20260327802788,20260327,003470,밸류업,기업가치제고계획(자율공시)              ,유안타증권
20260327802857,20260327,002170,밸류업,기업가치제고계획(자율공시)              ,SYTS
20260327802924,20260327,006260,밸류업,기업가치제고계획(자율공시)              ,LS
20260327900139,20260327,053160,밸류업,기업가치제고계획(자율공시)              ,프리엠스
20260327900142,20260327,035200,밸류업,기업가치제고계획(자율공시)              ,프럼파스트
20260327900144,20260327,067990,밸류업,기업가치제고계획(자율공시)              (2026년 도이치모터스(주) 기업가치 제고 계획),도이치모터스
20260327900234,20260327,041830,밸류업,기업가치제고계획(자율공시)              ,인바디
20260327900245,20260327,049960,밸류업,기업가치제고계획(자율공시)              ,쎌바이오텍
20260327900260,20260327,064480,밸류업,기업가치제고계획(자율공시)              ,브리지텍
20260327900303,20260327,262840,밸류업,기업가치제고계획(자율공시)              ,아이퀘스트
20260327900407,20260327,048470,밸류업,기업가치제고계획(자율공시)              ,대동스틸
20260327900436,20260327,038390,밸류업,기업가치제고계획(자율공시)              ,레드캡투어
20260327900495,20260327,396470,밸류업,기업가치제고계획(자율공시)              ,워트
20260327900650,20260327,037070,밸류업,기업가치제고계획(자율공시)              ,파세코
20260327900666,20260327,232680,밸류업,기업가치제고계획(자율공시)              ,라온로보틱스
20260327900684,20260327,065710,밸류업,기업가치제고계획(자율공시)              ,서호전기
20260327900736,20260327,051380,밸류업,기업가치제고계획(자율공시)              ,피씨디렉트
20260327900738,20260327,340570,밸류업,기업가치제고계획(자율공시)              ,티앤엘
20260327900771,20260327,216050,밸류업,기업가치제고계획(자율공시)              ,인크로스
20260327900805,20260327,079000,밸류업,기업가치제고계획(자율공시)              ,와토스코리아
20260327900815,20260327,057030,밸류업,기업가치제고계획(자율공시)              ,YBM넷
20260327900864,20260327,035600,밸류업,기업가치제고계획(자율공시)              (고배당기업 표시를 위한 재공시),KG이니시스
20260327900887,20260327,203450,밸류업,기업가치제고계획(자율공시)              ,유니온바이오메트릭스
20260327900902,20260327,205100,밸류업,기업가치제고계획(자율공시)              ,엑셈
20260327900957,20260327,333050,밸류업,기업가치제고계획(자율공시)              ,이노테나
20260327900991,20260327,086520,밸류업,기업가치제고계획(자율공시)              ,에코프로
20260327900995,20260327,133750,밸류업,기업가치제고계획(자율공시)              ,메가엠디
20260327901025,20260327,033830,밸류업,기업가치제고계획(자율공시)              ,티비씨
20260327901026,20260327,204020,밸류업,기업가치제고계획(자율공시)              ,그리티
20260327901041,20260327,053260,밸류업,기업가치제고계획(자율공시)              ,금강철강
20260327901045,20260327,034950,밸류업,기업가치제고계획(자율공시)              ,한국기업평가
20260327901061,20260327,067160,밸류업,기업가치제고계획(자율공시)              ,SOOP
20260327901092,20260327,317850,밸류업,기업가치제고계획(자율공시)              ,대모
20260327901172,20260327,060380,밸류업,기업가치제고계획(자율공시)              ,동양에스텍
20260327901230,20260327,073110,밸류업,기업가치제고계획(자율공시)              ,엘엠에스
20260327901251,20260327,083450,밸류업,기업가치제고계획(자율공시)              ,GST
20260327901261,20260327,237820,밸류업,기업가치제고계획(자율공시)              ,플레이디
20260327901356,20260327,072870,밸류업,기업가치제고계획(자율공시)              ,메가스터디
20260327901382,20260327,131220,밸류업,기업가치제고계획(자율공시)              ,대한과학
20260327901568,20260327,101330,밸류업,기업가치제고계획(자율공시)              ,모베이스
20260327901602,20260327,128660,밸류업,기업가치제고계획(자율공시)              ,피제이메탈
20260327901918,20260327,465480,밸류업,기업가치제고계획(자율공시)              ,인스피언
20260327901977,20260327,053280,밸류업,기업가치제고계획(자율공시)              ,예스24
20260327901987,20260327,037230,밸류업,기업가치제고계획(자율공시)              ,한국팩키지
20260327902070,20260327,001540,밸류업,기업가치제고계획(자율공시)              ,안국약품
20260327902075,20260327,069080,밸류업,기업가치제고계획(자율공시)              ,웹젠
20260327902099,20260327,420570,밸류업,기업가치제고계획(자율공시)              ,제이투케이바이오
20260327902104,20260327,039830,밸류업,기업가치제고계획(자율공시)              ,오로라
20260327902128,20260327,162300,밸류업,기업가치제고계획(자율공시)              ,신스틸
20260327902191,20260327,093520,밸류업,기업가치제고계획(자율공시)              ,매커스
20260327902270,20260327,049520,밸류업,기업가치제고계획(자율공시)              ,유아이엘
20260327902335,20260327,009300,밸류업,기업가치제고계획(자율공시)              ,삼아제약
20260327902339,20260327,420770,밸류업,기업가치제고계획(자율공시)              ,기가비스
20260327902340,20260327,032960,밸류업,기업가치제고계획(자율공시)              ,동일기연
20260327902352,20260327,065510,밸류업,기업가치제고계획(자율공시)              ,휴비츠
20260327902360,20260327,142210,밸류업,기업가치제고계획(자율공시)              ,유니트론텍
20260327902633,20260327,081150,밸류업,기업가치제고계획(자율공시)              ,티플랙스
20260327902688,20260327,089600,밸류업,기업가치제고계획(자율공시)              ,KT나스미디어
20260327902710,20260327,013120,밸류업,기업가치제고계획(자율공시)              (2026년 (주)동원개발 기업가치 제고 계획),동원개발
20260327902739,20260327,253590,밸류업,기업가치제고계획(자율공시)              ,네오셈
20260327902817,20260327,096530,밸류업,기업가치제고계획(자율공시)              ,씨젠
20260327902836,20260327,005290,밸류업,기업가치제고계획(자율공시)              ,동진쎄미켐
20260327903091,20260327,045660,밸류업,기업가치제고계획(자율공시)              ,에이텍
20260327903104,20260327,451250,밸류업,기업가치제고계획(자율공시)              ,삐아
20260327903254,20260327,224110,밸류업,기업가치제고계획(자율공시)              ,에이텍모빌리티
20260330001316,20260330,093050,대량보유,주식등의대량보유상황보고서(약식),브이아이피자산운용
20260330800002,20260330,003540,밸류업,기업가치제고계획(자율공시)              (고배당기업 표시를 위한 재공시),대신증권
20260330800005,20260330,001270,밸류업,기업가치제고계획(자율공시)              ,부국증권
20260330800219,20260330,072130,밸류업,기업가치제고계획(자율공시)              ,유엔젤
20260330800245,20260330,111380,밸류업,기업가치제고계획(자율공시)              ,동인기연
20260330800365,20260330,000970,밸류업,기업가치제고계획(자율공시)              ,한국주철관공업
20260330800401,20260330,004080,밸류업,기업가치제고계획(자율공시)              ,신흥
20260330800474,20260330,024070,밸류업,기업가치제고계획(자율공시)              ,WISCOM
20260330800486,20260330,123700,밸류업,기업가치제고계획(자율공시)              ,에스제이엠
20260330800578,20260330,025530,밸류업,기업가치제고계획(자율공시)              ,에스제이엠홀딩스
20260330800636,20260330,002960,밸류업,기업가치제고계획(자율공시)              ,한국쉘석유
20260330801364,20260330,039130,밸류업,기업가치제고계획(자율공시)              (고배당기업 표시를 위한 재공시),하나투어
20260330801407,20260330,003920,밸류업,기업가치제고계획(자율공시)              ,남양유업
20260330801665,20260330,002700,밸류업,기업가치제고계획(자율공시)              ,신일전자
20260330900205,20260330,012700,밸류업,기업가치제고계획(자율공시)              ,리드코프
20260330900248,20260330,214450,밸류업,기업가치제고계획(자율공시)              ,파마리서치
20260330900294,20260330,435570,밸류업,기업가치제고계획(자율공시)              ,에르코스
20260330900327,20260330,221980,밸류업,기업가치제고계획(자율공시)              ,케이디켐
20260330900337,20260330,075130,밸류업,기업가치제고계획(자율공시)              ,플랜티넷
20260330900381,20260330,330730,밸류업,기업가치제고계획(자율공시)              ,스톤브릿지벤처스
20260330900390,20260330,382800,밸류업,기업가치제고계획(자율공시)              ,지앤비에스 에코
20260330900525,20260330,250000,밸류업,기업가치제고계획(자율공시)              ,보라티알
20260330900579,20260330,086670,밸류업,기업가치제고계획(자율공시)              ,비엠티
20260330900792,20260330,190510,밸류업,기업가치제고계획(자율공시)              ,나무가
20260330900872,20260330,031980,밸류업,기업가치제고계획(자율공시)              ,피에스케이홀딩스
20260330900943,20260330,018120,밸류업,기업가치제고계획(자율공시)              ,진로발효
20260330901111,20260330,321260,밸류업,기업가치제고계획(자율공시)              ,프로이천
20260330901170,20260330,415380,밸류업,기업가치제고계획(자율공시)              ,스튜디오삼익
20260330901194,20260330,024120,밸류업,기업가치제고계획(자율공시)              ,KB오토시스
20260330901248,20260330,042500,밸류업,기업가치제고계획(자율공시)              ,링네트
20260330901250,20260330,067920,밸류업,기업가치제고계획(자율공시)              ,이글루
20260330901255,20260330,011040,밸류업,기업가치제고계획(자율공시)              ,경동제약
20260330901365,20260330,007680,밸류업,기업가치제고계획(자율공시)              ,대원
20260330901372,20260330,173130,밸류업,기업가치제고계획(자율공시)              ,오파스넷
20260330901412,20260330,017510,밸류업,기업가치제고계획(자율공시)              ,세명전기
20260330901528,20260330,218410,밸류업,기업가치제고계획(자율공시)              ,RFHIC
20260330901538,20260330,121600,밸류업,기업가치제고계획(자율공시)              ,나노신소재
20260330901562,20260330,363260,밸류업,기업가치제고계획(자율공시)              ,모비데이즈
20260330901632,20260330,008370,밸류업,기업가치제고계획(자율공시)              ,원풍
20260330901681,20260330,099430,밸류업,기업가치제고계획(자율공시)              ,바이오플러스
20260330901715,20260330,027360,밸류업,기업가치제고계획(자율공시)              ,아주IB투자
20260330901878,20260330,319660,밸류업,기업가치제고계획(자율공시)              ,피에스케이
20260330901990,20260330,260930,밸류업,기업가치제고계획(자율공시)              ,씨티케이
20260330902027,20260330,126730,밸류업,기업가치제고계획(자율공시)              ,코칩
20260330902099,20260330,285490,밸류업,기업가치제고계획(자율공시)              ,노바텍
20260330902336,20260330,215000,밸류업,기업가치제고계획(자율공시)              ,골프존
20260331001668,20260331,373160,신탁,주요사항보고서(자기주식취득신탁계약체결결정),데이원컴퍼니
20260331801064,20260331,120110,밸류업,기업가치제고계획(자율공시)              ,코오롱인더
20260331801353,20260331,084870,밸류업,기업가치제고계획(자율공시)              ,티비에이치글로벌
20260331801744,20260331,035250,밸류업,기업가치제고계획(자율공시)              (이행현황 재공시 (고배당기업에 해당)),강원랜드
20260331801943,20260331,014530,밸류업,기업가치제고계획(자율공시)              ,극동유화
20260331802163,20260331,079550,밸류업,기업가치제고계획(자율공시)              ,LIG디펜스앤에어로스페이스
20260331802277,20260331,017860,밸류업,기업가치제고계획(자율공시)              ,DS단석
20260331802354,20260331,000700,밸류업,기업가치제고계획(자율공시)              ,유수홀딩스
20260331802508,20260331,339770,밸류업,기업가치제고계획(자율공시)              (2026년),교촌에프앤비
20260331802701,20260331,023800,밸류업,기업가치제고계획(자율공시)              ,인지컨트롤스
20260331803193,20260331,034310,밸류업,기업가치제고계획(자율공시)              ,NICE
20260331803324,20260331,483650,밸류업,기업가치제고계획(자율공시)              ,달바글로벌
20260331803408,20260331,017800,밸류업,기업가치제고계획(자율공시)              ,현대엘리베이터
20260331803499,20260331,031210,밸류업,기업가치제고계획(자율공시)              (고배당기업 표시를 위한 재공시),서울보증보험
20260331803789,20260331,075580,밸류업,기업가치제고계획(자율공시)              ,세진중공업
20260331804340,20260331,030200,밸류업,기업가치제고계획(자율공시)              ,케이티
20260331804449,20260331,278470,밸류업,기업가치제고계획(자율공시)              ,에이피알
20260331900577,20260331,259630,밸류업,기업가치제고계획(자율공시)              (2025년 이행현황),엠플러스
20260331900765,20260331,187220,밸류업,기업가치제고계획(자율공시)              ,디티앤씨
20260331900927,20260331,211050,밸류업,기업가치제고계획(자율공시)              ,인카금융서비스
20260331901017,20260331,140520,밸류업,기업가치제고계획(자율공시)              ,대창스틸
20260331901095,20260331,170790,밸류업,기업가치제고계획(자율공시)              ,파이오링크
20260331901112,20260331,093920,밸류업,기업가치제고계획(자율공시)              ,서원인텍
20260331901221,20260331,085910,밸류업,기업가치제고계획(자율공시)              ,네오티스
20260331901371,20260331,065370,밸류업,기업가치제고계획(자율공시)              ,위세아이텍
20260331901424,20260331,183300,밸류업,기업가치제고계획(자율공시)              ,코미코
20260331901470,20260331,054540,밸류업,기업가치제고계획(자율공시)              ,삼영엠텍
20260331901509,20260331,187870,밸류업,기업가치제고계획(자율공시)              ,디바이스
20260331901564,20260331,060720,밸류업,기업가치제고계획(자율공시)              ,KH바텍
20260331901886,20260331,002290,밸류업,기업가치제고계획(자율공시)              ,삼일기업공사
20260331901998,20260331,417500,밸류업,기업가치제고계획(자율공시)              ,제이아이테크
20260331902268,20260331,064850,밸류업,기업가치제고계획(자율공시)              ,에프앤가이드
20260331902292,20260331,264660,밸류업,기업가치제고계획(자율공시)              ,씨앤지하이테크
20260331902300,20260331,377450,밸류업,기업가치제고계획(자율공시)              ,리파인
20260331902306,20260331,472850,밸류업,기업가치제고계획(자율공시)              ,폰드그룹
20260331902337,20260331,100120,밸류업,기업가치제고계획(자율공시)              ,뷰웍스
20260331902742,20260331,063570,밸류업,기업가치제고계획(자율공시)              ,NICE인프라
20260331902846,20260331,038500,밸류업,기업가치제고계획(자율공시)              ,삼표시멘트
20260331903348,20260331,050960,밸류업,기업가치제고계획(자율공시)              ,수산아이앤티
20260331903462,20260331,256840,밸류업,기업가치제고계획(자율공시)              ,한국비엔씨
20260331903555,20260331,039010,밸류업,기업가치제고계획(자율공시)              ,현대에이치티
20260331903594,20260331,388050,밸류업,기업가치제고계획(자율공시)              ,지투파워
20260331903715,20260331,158430,밸류업,기업가치제고계획(자율공시)              ,아톤
20260331903987,20260331,078340,밸류업,기업가치제고계획(자율공시)              ,컴투스
20260331904091,20260331,037330,밸류업,기업가치제고계획(자율공시)              ,인지디스플레
20260331904117,20260331,214150,밸류업,기업가치제고계획(자율공시)              ,클래시스
20260331904234,20260331,059210,밸류업,기업가치제고계획(자율공시)              ,메타바이오메드
20260331904281,20260331,408920,밸류업,기업가치제고계획(자율공시)              ,메쎄이상
20260331904355,20260331,036120,밸류업,기업가치제고계획(자율공시)              ,서울평가정보
20260331904361,20260331,160980,밸류업,기업가치제고계획(자율공시)              ,싸이맥스
20260331904778,20260331,171120,밸류업,기업가치제고계획(자율공시)              ,라이온켐텍
20260401000721,20260401,043370,대량보유,주식등의대량보유상황보고서(약식),브이아이피자산운용
20260401002181,20260401,020120,신탁,주요사항보고서(자기주식취득신탁계약체결결정),키다리스튜디오
20260401002252,20260401,277070,신탁,주요사항보고서(자기주식취득신탁계약체결결정),린드먼아시아
20260401800077,20260401,000150,밸류업,기업가치제고계획(자율공시)              ,두산
20260401800181,20260401,078520,밸류업,기업가치제고계획(자율공시)              ,에이블씨엔씨
20260401800247,20260401,009540,밸류업,기업가치제고계획(자율공시)              ,HD한국조선해양
20260401800278,20260401,329180,밸류업,기업가치제고계획(자율공시)              ,HD현대중공업
20260401800426,20260401,049800,밸류업,기업가치제고계획(자율공시)              ,우진플라임
20260401800438,20260401,244920,밸류업,기업가치제고계획(자율공시)              ,에이플러스에셋
20260401800498,20260401,088790,밸류업,기업가치제고계획(자율공시)              ,진도
20260401800529,20260401,126720,밸류업,기업가치제고계획(자율공시)              ,수산인더스트리
20260401800638,20260401,051910,밸류업,기업가치제고계획(자율공시)              (고배당기업 표시를 위한 재공시),LG화학
20260401800646,20260401,248070,밸류업,기업가치제고계획(자율공시)              ,솔루엠
20260401800656,20260401,475560,밸류업,기업가치제고계획(자율공시)              ,더본코리아
20260401801225,20260401,267250,밸류업,기업가치제고계획(자율공시)              ,HD현대
20260401801240,20260401,007280,밸류업,기업가치제고계획(자율공시)              ,한국특강
20260401801513,20260401,052690,밸류업,기업가치제고계획(자율공시)              (고배당기업 표시를 위한 재공시),한전기술
20260401900238,20260401,318410,밸류업,기업가치제고계획(자율공시)              ,비비씨
20260401900251,20260401,099390,밸류업,기업가치제고계획(자율공시)              ,브레인즈컴퍼니
20260401900261,20260401,189980,밸류업,기업가치제고계획(자율공시)              ,흥국에프엔비
20260401900294,20260401,064820,밸류업,기업가치제고계획(자율공시)              ,케이프
20260401900376,20260401,471820,밸류업,기업가치제고계획(자율공시)              ,셀로맥스사이언스
20260401900489,20260401,347740,밸류업,기업가치제고계획(자율공시)              ,피엔케이피부임상연구센타
20260401900597,20260401,290650,밸류업,기업가치제고계획(자율공시)              ,엘앤씨바이오
20260401900630,20260401,056190,밸류업,기업가치제고계획(자율공시)              ,SFA
20260401900671,20260401,230360,밸류업,기업가치제고계획(자율공시)              ,에코마케팅
20260401900677,20260401,131970,밸류업,기업가치제고계획(자율공시)              ,두산테스나
20260401900703,20260401,352090,밸류업,기업가치제고계획(자율공시)              ,스톰테크
20260401900718,20260401,067080,밸류업,기업가치제고계획(자율공시)              ,대화제약
20260401900793,20260401,091580,밸류업,기업가치제고계획(자율공시)              ,상신이디피
20260401900849,20260401,239890,밸류업,기업가치제고계획(자율공시)              ,피엔에이치테크
20260401900866,20260401,073540,밸류업,기업가치제고계획(자율공시)              ,에프알텍
20260401900971,20260401,018310,밸류업,기업가치제고계획(자율공시)              ,삼목에스폼
20260401900988,20260401,010470,밸류업,기업가치제고계획(자율공시)              ,오리콤
20260401901004,20260401,035810,밸류업,기업가치제고계획(자율공시)              ,이지홀딩스
20260401901006,20260401,353810,밸류업,기업가치제고계획(자율공시)              ,이지바이오
20260401901013,20260401,027710,밸류업,기업가치제고계획(자율공시)              ,팜스토리
20260401901021,20260401,163730,밸류업,기업가치제고계획(자율공시)              ,핑거
20260401901065,20260401,478560,밸류업,기업가치제고계획(자율공시)              ,블랙야크아이앤씨
20260401901071,20260401,034810,밸류업,기업가치제고계획(자율공시)              ,해성산업
20260401901083,20260401,104460,밸류업,기업가치제고계획(자율공시)              ,디와이피엔에프
20260401901119,20260401,039030,밸류업,기업가치제고계획(자율공시)              (기업가치 제고 계획),이오테크닉스
20260401901144,20260401,033160,밸류업,기업가치제고계획(자율공시)              ,엠케이전자
20260401901316,20260401,413630,밸류업,기업가치제고계획(자율공시)              ,씨피시스템
20260401901489,20260401,337930,밸류업,기업가치제고계획(자율공시)              ,젝시믹스
20260401901577,20260401,357230,밸류업,기업가치제고계획(자율공시)              ,에이치피오
20260402900791,20260402,101170,밸류업,기업가치제고계획(자율공시)              ,우림피티에스
20260403901003,20260403,348350,밸류업,기업가치제고계획(자율공시)              ,위드텍
20260406002853,20260406,043360,신탁,주요사항보고서(자기주식취득신탁계약체결결정),디지아이
20260406003608,20260406,272550,대량보유,주식등의대량보유상황보고서(약식),브이아이피자산운용
20260406901059,20260406,200470,양수도,최대주주변경을수반하는주식양수도계약체결              ,에이팩트
20260407003414,20260407,183190,대량보유,주식등의대량보유상황보고서(약식),브이아이피자산운용
20260407900877,20260407,123570,밸류업,기업가치제고계획(자율공시)              ,이엠넷
20260408003297,20260408,145720,대량보유,주식등의대량보유상황보고서(일반),얼라인파트너스자산운용
20260408900859,20260408,007330,밸류업,기업가치제고계획(자율공시)              ,푸른저축은행
20260409900650,20260409,105740,밸류업,기업가치제고계획(자율공시)              ,디케이락
20260410000295,20260410,053300,신탁,주요사항보고서(자기주식취득신탁계약체결결정),한국정보인증
20260410001265,20260410,336570,신탁,주요사항보고서(자기주식취득신탁계약체결결정),원텍
20260410001746,20260410,039420,신탁,주요사항보고서(자기주식취득신탁계약체결결정),케이엘넷
20260410002781,20260410,272110,대량보유,주식등의대량보유상황보고서(약식),에셋플러스자산운용
20260410002918,20260410,098120,대량보유,주식등의대량보유상황보고서(약식),에셋플러스자산운용
20260410002929,20260410,204610,대량보유,주식등의대량보유상황보고서(약식),브이아이피자산운용
20260410002953,20260410,204620,대량보유,주식등의대량보유상황보고서(약식),브이아이피자산운용
20260410002970,20260410,086390,대량보유,주식등의대량보유상황보고서(약식),브이아이피자산운용
20260410003522,20260410,005810,대량보유,주식등의대량보유상황보고서(약식),브이아이피자산운용
20260410900510,20260410,277070,밸류업,기업가치제고계획(자율공시)              ,린드먼아시아
20260413002662,20260413,244920,대량보유,주식등의대량보유상황보고서(일반),얼라인파트너스자산운용
20260413002729,20260413,248070,대량보유,주식등의대량보유상황보고서(일반),얼라인파트너스자산운용
20260413002731,20260413,084440,신탁,주요사항보고서(자기주식취득신탁계약체결결정),유비온
20260413800696,20260413,306200,밸류업,기업가치제고계획(자율공시)              ,세아제강
20260413900082,20260413,016600,밸류업,기업가치제고계획(자율공시)              ,큐캐피탈
20260414001305,20260414,318160,신탁,주요사항보고서(자기주식취득신탁계약체결결정),셀바이오휴먼텍
20260414001763,20260414,302430,신탁,주요사항보고서(자기주식취득신탁계약체결결정),이노메트리
20260414002600,20260414,226340,신탁,주요사항보고서(자기주식취득신탁계약체결결정),본느
20260414800334,20260414,001740,밸류업,기업가치제고계획(자율공시)              (고배당기업 표시를 위한 재공시),SK네트웍스
20260415000243,20260415,038540,신탁,주요사항보고서(자기주식취득신탁계약체결결정),상상인
20260415900489,20260415,032190,밸류업,기업가치제고계획(자율공시)              (2025년 이행현황),다우데이타
20260415900713,20260415,106240,양수도,최대주주변경을수반하는주식양수도계약체결              ,파인테크닉스
20260416900092,20260416,129890,밸류업,기업가치제고계획(자율공시)              ,앱코
20260417900854,20260417,489460,밸류업,기업가치제고계획(자율공시)              ,바이오비쥬
20260417900906,20260417,039340,밸류업,기업가치제고계획(자율공시)              ,한국경제TV
20260420000147,20260420,471820,신탁,주요사항보고서(자기주식취득신탁계약체결결정),셀로맥스사이언스
20260420800122,20260420,105840,밸류업,기업가치제고계획(자율공시)              ,우진
20260420800137,20260420,272210,밸류업,기업가치제고계획(자율공시)              (고배당기업 표시를 위한 재공시),한화시스템
20260420800447,20260420,014710,밸류업,기업가치제고계획(자율공시)              ,사조씨푸드
20260420800496,20260420,004270,밸류업,기업가치제고계획(자율공시)              ,남성
20260420800500,20260420,047050,밸류업,기업가치제고계획(자율공시)              ((이행현황)),포스코인터내셔널
20260420800598,20260420,293480,밸류업,기업가치제고계획(자율공시)              ,하나제약
20260420800652,20260420,128820,밸류업,기업가치제고계획(자율공시)              ,대성산업
20260420900076,20260420,373170,밸류업,기업가치제고계획(자율공시)              ,엠아이큐브솔루션
20260420900149,20260420,008470,밸류업,기업가치제고계획(자율공시)              ,부스타
20260420900158,20260420,336680,밸류업,기업가치제고계획(자율공시)              ,탑런토탈솔루션
20260420900180,20260420,026040,밸류업,기업가치제고계획(자율공시)              ,제이에스티나
20260420900291,20260420,418470,밸류업,기업가치제고계획(자율공시)              (2026년 기업가치제고계획),KT밀리의서재
20260420900293,20260420,080520,밸류업,기업가치제고계획(자율공시)              ,오디텍
20260420900303,20260420,234300,밸류업,기업가치제고계획(자율공시)              ,에스트래픽
20260420900314,20260420,256630,밸류업,기업가치제고계획(자율공시)              ,포인트엔지니어링
20260420900330,20260420,453860,밸류업,기업가치제고계획(자율공시)              ,에이에스텍
20260420900346,20260420,458650,밸류업,기업가치제고계획(자율공시)              ,성우
20260420900363,20260420,041460,밸류업,기업가치제고계획(자율공시)              ,한국전자인증
20260420900370,20260420,397810,밸류업,기업가치제고계획(자율공시)              ,애드포러스
20260420900378,20260420,263770,밸류업,기업가치제고계획(자율공시)              ,유에스티
20260420900394,20260420,208140,밸류업,기업가치제고계획(자율공시)              ,정다운
20260420900411,20260420,098460,밸류업,기업가치제고계획(자율공시)              ,고영
20260420900455,20260420,005860,밸류업,기업가치제고계획(자율공시)              ,한일사료
20260420900468,20260420,382480,밸류업,기업가치제고계획(자율공시)              ,지아이텍
20260420900472,20260420,024060,밸류업,기업가치제고계획(자율공시)              ,흥구석유
20260420900501,20260420,042110,밸류업,기업가치제고계획(자율공시)              ,에스씨디
20260420900544,20260420,039560,밸류업,기업가치제고계획(자율공시)              (2026년 기업가치 제고 계획),다산네트웍스
20260420900564,20260420,048830,밸류업,기업가치제고계획(자율공시)              ,엔피케이
20260420900692,20260420,318020,밸류업,기업가치제고계획(자율공시)              ,포인트모바일
20260420900739,20260420,189300,밸류업,기업가치제고계획(자율공시)              ,인텔리안테크
20260420900752,20260420,086900,밸류업,기업가치제고계획(자율공시)              ,메디톡스
20260420900851,20260420,036480,밸류업,기업가치제고계획(자율공시)              ,대성미생물
20260420900882,20260420,123010,양수도,최대주주변경을수반하는주식양수도계약체결              ,MSDI
20260421000306,20260421,094840,신탁,주요사항보고서(자기주식취득신탁계약체결결정),슈프리마에이치큐
20260421000337,20260421,236200,신탁,주요사항보고서(자기주식취득신탁계약체결결정),슈프리마
20260421000365,20260421,039830,대량보유,주식등의대량보유상황보고서(약식),브이아이피자산운용
20260421800152,20260421,092790,밸류업,기업가치제고계획(자율공시)              ,넥스틸
20260421800406,20260421,029530,밸류업,기업가치제고계획(자율공시)              ,신도리코
20260421800490,20260421,007160,밸류업,기업가치제고계획(자율공시)              ,사조산업
20260421900110,20260421,170030,밸류업,기업가치제고계획(자율공시)              ,현대공업
20260421900167,20260421,038070,밸류업,기업가치제고계획(자율공시)              ,서린바이오
20260421900177,20260421,479960,밸류업,기업가치제고계획(자율공시)              ,위너스일렉
20260421900202,20260421,307930,밸류업,기업가치제고계획(자율공시)              ,컴퍼니케이
20260421900204,20260421,241690,밸류업,기업가치제고계획(자율공시)              (고배당기업 표시를 위한 재공시),유니테크노
20260421900265,20260421,153490,밸류업,기업가치제고계획(자율공시)              ,우리이앤엘하루틴
20260421900276,20260421,082850,밸류업,기업가치제고계획(자율공시)              ,우리바이오
20260421900277,20260421,037400,밸류업,기업가치제고계획(자율공시)              ,우리엔터프라이즈
20260421900321,20260421,123860,밸류업,기업가치제고계획(자율공시)              ,아나패스
20260421900350,20260421,060540,밸류업,기업가치제고계획(자율공시)              ,에스에이티
20260421900413,20260421,094840,밸류업,기업가치제고계획(자율공시)              ((주)슈프리마에이치큐 기업가치 제고 계획(2026년)),슈프리마에이치큐
20260421900439,20260421,122310,밸류업,기업가치제고계획(자율공시)              ,제노레이
20260421900591,20260421,155650,밸류업,기업가치제고계획(자율공시)              ,와이엠씨
20260421900639,20260421,236200,밸류업,기업가치제고계획(자율공시)              ,슈프리마
20260421900643,20260421,448280,밸류업,기업가치제고계획(자율공시)              ,에코아이
20260421900675,20260421,217190,밸류업,기업가치제고계획(자율공시)              ,제너셈
20260421900703,20260421,475460,밸류업,기업가치제고계획(자율공시)              ,미트박스
20260421000527,20260422,483650,신탁,주요사항보고서(자기주식취득신탁계약체결결정),달바글로벌
20260422800082,20260422,012690,밸류업,기업가치제고계획(자율공시)              ,모나리자
20260422800383,20260422,090350,밸류업,기업가치제고계획(자율공시)              ,노루페인트
20260422800407,20260422,015860,밸류업,기업가치제고계획(자율공시)              ,일진홀딩스
20260422800440,20260422,081000,밸류업,기업가치제고계획(자율공시)              ,일진다이아
20260422800446,20260422,036460,밸류업,기업가치제고계획(자율공시)              ,한국가스공사
20260422800457,20260422,004770,밸류업,기업가치제고계획(자율공시)              ,써니전자
20260422800723,20260422,011700,밸류업,기업가치제고계획(자율공시)              ,한신기계공업
20260422900161,20260422,192250,밸류업,기업가치제고계획(자율공시)              ,케이사인
20260422900271,20260422,347890,밸류업,기업가치제고계획(자율공시)              ,엠엑스온
20260422900448,20260422,356890,밸류업,기업가치제고계획(자율공시)              ,싸이버원
20260422900513,20260422,053300,밸류업,기업가치제고계획(자율공시)              ,한국정보인증
20260423000697,20260423,046310,대량보유,주식등의대량보유상황보고서(일반),차파트너스자산운용
20260423800235,20260423,055550,밸류업,기업가치제고계획(자율공시)              (2026년),신한지주
20260423800356,20260423,010640,밸류업,기업가치제고계획(자율공시)              ,진양폴리우레탄
20260423800633,20260423,352820,밸류업,기업가치제고계획(자율공시)              ,하이브
20260423900192,20260423,101930,밸류업,기업가치제고계획(자율공시)              ,인화정공
20260423900319,20260423,085670,밸류업,기업가치제고계획(자율공시)              ,뉴프렉스
20260423900858,20260423,096240,밸류업,기업가치제고계획(자율공시)              ,크레버스
20260424000651,20260424,248070,대량보유,주식등의대량보유상황보고서(일반),얼라인파트너스자산운용
20260424000783,20260424,021240,대량보유,주식등의대량보유상황보고서(일반),얼라인파트너스자산운용
20260424800495,20260424,009680,밸류업,기업가치제고계획(자율공시)              ,모토닉
20260424800678,20260424,002220,밸류업,기업가치제고계획(자율공시)              ,한일철강
20260424900166,20260424,026150,밸류업,기업가치제고계획(자율공시)              ,특수건설
20260424900653,20260424,319400,밸류업,기업가치제고계획(자율공시)              ,현대무벡스
20260427000109,20260427,011560,신탁,주요사항보고서(자기주식취득신탁계약체결결정),세보엠이씨
20260427800754,20260427,013570,밸류업,기업가치제고계획(자율공시)              (2026년),디와이
20260427801020,20260427,267270,밸류업,기업가치제고계획(자율공시)              ,HD건설기계
20260427900328,20260427,457370,밸류업,기업가치제고계획(자율공시)              ,한켐
20260427900337,20260427,002230,밸류업,기업가치제고계획(자율공시)              (2026 피에스텍(주) 기업가치 제고 계획),피에스텍
20260427900734,20260427,416180,밸류업,기업가치제고계획(자율공시)              ,신성에스티
20260428800230,20260428,004450,밸류업,기업가치제고계획(자율공시)              ,삼화왕관
20260428800271,20260428,336370,밸류업,기업가치제고계획(자율공시)              ,솔루스첨단소재
20260428800617,20260428,014820,밸류업,기업가치제고계획(자율공시)              ,동원시스템즈
20260428900634,20260428,297570,양수도,최대주주변경을수반하는주식양수도계약체결              ,아틀라스링크
20260428000829,20260429,019570,대량보유,주식등의대량보유상황보고서(약식),케이씨지아이대체투자운용
20260429800563,20260429,030190,밸류업,기업가치제고계획(자율공시)              ,NICE평가정보
20260429800734,20260429,145720,밸류업,기업가치제고계획(자율공시)              ,덴티움
20260429800936,20260429,071050,밸류업,기업가치제고계획(자율공시)              ,한국금융지주
20260430000910,20260430,138930,신탁,주요사항보고서(자기주식취득신탁계약체결결정),BNK금융지주
20260430800358,20260430,014680,밸류업,기업가치제고계획(자율공시)              ,한솔케미칼
20260430800856,20260430,259960,밸류업,기업가치제고계획(자율공시)              (2026년),크래프톤
20260430800992,20260430,007660,밸류업,기업가치제고계획(자율공시)              ,이수페타시스
20260430800997,20260430,383220,밸류업,기업가치제고계획(자율공시)              ((2025년 이행현황 및 2026년 기업가치제고계획)),F&F
20260430801024,20260430,000990,밸류업,기업가치제고계획(자율공시)              ,DB하이텍
20260430801156,20260430,000270,밸류업,기업가치제고계획(자율공시)              (이행현황),기아
20260430801310,20260430,047810,밸류업,기업가치제고계획(자율공시)              ,한국항공우주
20260430801364,20260430,282330,밸류업,기업가치제고계획(자율공시)              (2026년 이행현황),BGF리테일
20260430900483,20260430,319660,밸류업,기업가치제고계획(자율공시)              (2025년 이행현황),피에스케이
20260430900522,20260430,031980,밸류업,기업가치제고계획(자율공시)              ((2025년 이행현황)),피에스케이홀딩스
20260430900722,20260430,263920,밸류업,기업가치제고계획(자율공시)              (2026년 (주)휴엠앤씨 기업가치 제고 계획),휴엠앤씨
20260430900877,20260430,215200,밸류업,기업가치제고계획(자율공시)              (2025년 이행현황),메가스터디교육
20260430900924,20260430,383310,밸류업,기업가치제고계획(자율공시)              ,에코프로에이치엔
20260430901259,20260430,403870,밸류업,기업가치제고계획(자율공시)              ,HPSP
20260430901336,20260430,084110,밸류업,기업가치제고계획(자율공시)              (2026년 (주)휴온스글로벌 기업가치 제고 계획),휴온스글로벌
20260430901413,20260430,243070,밸류업,기업가치제고계획(자율공시)              (2026년 (주)휴온스 기업가치 제고 계획),휴온스
20260504900405,20260504,064760,밸류업,기업가치제고계획(자율공시)              (2025년 이행현황),티씨케이
20260504900585,20260504,025950,밸류업,기업가치제고계획(자율공시)              (2026년 동신건설(주) 기업가치 제고 계획),동신건설
20260506000324,20260506,331520,신탁,주요사항보고서(자기주식취득신탁계약체결결정),밸로프
20260506800367,20260506,126560,밸류업,기업가치제고계획(자율공시)              (2025년 이행현황),현대퓨처넷
20260506800422,20260506,069960,밸류업,기업가치제고계획(자율공시)              (2025년 이행현황),현대백화점
20260506800485,20260506,453340,밸류업,기업가치제고계획(자율공시)              (2025년 이행현황),현대그린푸드
20260506900291,20260506,014950,밸류업,기업가치제고계획(자율공시)              (2026년 삼익제약(주) 기업가치 제고 계획),삼익제약
20260506900531,20260506,090850,밸류업,기업가치제고계획(자율공시)              (2025년 이행현황),현대이지웰
20260506900537,20260506,277880,밸류업,기업가치제고계획(자율공시)              ,티에스아이
20260507000721,20260507,042000,신탁,주요사항보고서(자기주식취득신탁계약체결결정),카페24
20260507800287,20260507,000490,밸류업,기업가치제고계획(자율공시)              ,대동
20260507800409,20260507,020000,밸류업,기업가치제고계획(자율공시)              (2025년 이행현황),한섬
20260507900325,20260507,020400,밸류업,기업가치제고계획(자율공시)              ,대동금속
20260507900354,20260507,036030,밸류업,기업가치제고계획(자율공시)              ,케이티알파
20260507900388,20260507,008830,밸류업,기업가치제고계획(자율공시)              (2026년 대동기어(주) 기업가치 제고 계획),대동기어
20260507900652,20260507,036630,밸류업,기업가치제고계획(자율공시)              (2026년 세종텔레콤(주) 기업가치 제고 계획),세종텔레콤
20260508000573,20260508,013990,신탁,주요사항보고서(자기주식취득신탁계약체결결정),아가방컴퍼니
20260508000947,20260508,049080,대량보유,주식등의대량보유상황보고서(일반),케플러밸류파트너스
20260508001019,20260508,183190,대량보유,주식등의대량보유상황보고서(약식),브이아이피자산운용
20260508800416,20260508,005440,밸류업,기업가치제고계획(자율공시)              (2025년 이행현황),현대지에프홀딩스
20260508901066,20260508,440290,밸류업,기업가치제고계획(자율공시)              (2026년 기업가치 제고 계획),HB인베스트먼트
20260511000060,20260511,093050,대량보유,주식등의대량보유상황보고서(약식),브이아이피자산운용
20260511000065,20260511,051360,대량보유,주식등의대량보유상황보고서(약식),브이아이피자산운용
20260511000502,20260511,039830,대량보유,주식등의대량보유상황보고서(약식),브이아이피자산운용
20260512000546,20260512,024800,대량보유,주식등의대량보유상황보고서(약식),브이아이피자산운용
20260512800479,20260512,001790,밸류업,기업가치제고계획(자율공시)              ,대한제당
20260512900200,20260512,221800,밸류업,기업가치제고계획(자율공시)              (2026 지구홀딩스 주식회사 기업가치 제고 계획),지구홀딩스
20260513900413,20260513,411080,밸류업,기업가치제고계획(자율공시)              (2026년 (주)샌즈랩의 기업가치 제고 계획),샌즈랩
20260513900498,20260513,092130,밸류업,기업가치제고계획(자율공시)              (2026년 (주)이크레더블 기업가치 제고 계획),이크레더블
20260514000293,20260514,273060,신탁,주요사항보고서(자기주식취득신탁계약체결결정),와이즈버즈
20260514800847,20260514,138040,밸류업,기업가치제고계획(자율공시)              (2026년 1분기 이행현황),메리츠금융지주
20260514901418,20260514,067310,밸류업,기업가치제고계획(자율공시)              (2025년 이행현황),하나마이크론
20260515000711,20260515,002310,신탁,주요사항보고서(자기주식취득신탁계약체결결정),아세아제지
20260515002660,20260515,019570,대량보유,주식등의대량보유상황보고서(약식),케이씨지아이대체투자운용
20260515901617,20260515,140860,밸류업,기업가치제고계획(자율공시)              ,파크시스템스
20260518000267,20260518,042420,신탁,주요사항보고서(자기주식취득신탁계약체결결정),네오위즈홀딩스
20260518000285,20260518,092460,대량보유,주식등의대량보유상황보고서(약식),브이아이피자산운용
20260519900391,20260519,065420,밸류업,기업가치제고계획(자율공시)              ,에스아이리소스
20260520000306,20260520,302550,신탁,주요사항보고서(자기주식취득신탁계약체결결정),리메드
20260521000136,20260521,114840,신탁,주요사항보고서(자기주식취득신탁계약체결결정),아이패밀리에스씨
20260521000461,20260521,053610,대량보유,주식등의대량보유상황보고서(약식),브이아이피자산운용
20260521000710,20260521,123410,신탁,주요사항보고서(자기주식취득신탁계약체결결정),코리아에프티
20260521900803,20260521,027040,양수도,최대주주변경을수반하는주식양수도계약체결              ,서울전자통신
20260526000063,20260526,089860,대량보유,주식등의대량보유상황보고서(약식),브이아이피자산운용
20260526000181,20260526,352480,신탁,주요사항보고서(자기주식취득신탁계약체결결정),씨앤씨인터내셔널
20260526000333,20260526,403490,신탁,주요사항보고서(자기주식취득신탁계약체결결정),우듬지팜
20260526000493,20260526,419080,대량보유,주식등의대량보유상황보고서(약식),라이프자산운용
20260527000261,20260527,131090,신탁,주요사항보고서(자기주식취득신탁계약체결결정),시큐브
20260527000416,20260527,004780,신탁,주요사항보고서(자기주식취득신탁계약체결결정),대륙제관
20260527000558,20260527,049080,대량보유,주식등의대량보유상황보고서(일반),케플러밸류파트너스
20260528000311,20260528,008700,신탁,주요사항보고서(자기주식취득신탁계약체결결정),아남전자
20260528000521,20260528,328380,신탁,주요사항보고서(자기주식취득신탁계약체결결정),솔트웨어
20260528000528,20260528,462310,신탁,주요사항보고서(자기주식취득신탁계약체결결정),뉴키즈온
20260528000890,20260528,005810,대량보유,주식등의대량보유상황보고서(약식),브이아이피자산운용
20260529001641,20260529,069960,대량보유,주식등의대량보유상황보고서(약식),브이아이피자산운용
20260529801791,20260529,014790,밸류업,기업가치제고계획(자율공시)              ,HL D&I
20260529802007,20260529,005380,밸류업,기업가치제고계획(자율공시)              (2025년 이행현황),현대자동차
20260529802034,20260529,055490,밸류업,기업가치제고계획(자율공시)              ,테이팩스
20260601000628,20260601,130740,신탁,주요사항보고서(자기주식취득신탁계약체결결정),티피씨글로벌
20260601000993,20260601,472850,신탁,주요사항보고서(자기주식취득신탁계약체결결정),폰드그룹
20260601001298,20260601,068290,신탁,주요사항보고서(자기주식취득신탁계약체결결정),삼성출판사
20260602000084,20260602,192390,신탁,주요사항보고서(자기주식취득신탁계약체결결정),윈하이텍
20260602000189,20260602,134060,신탁,주요사항보고서(자기주식취득신탁계약체결결정),이퓨쳐
20260602000317,20260602,439090,신탁,주요사항보고서(자기주식취득신탁계약체결결정),마녀공장
20260602000537,20260602,036800,신탁,주요사항보고서(자기주식취득신탁계약체결결정),나이스정보통신
20260604000053,20260604,337930,신탁,주요사항보고서(자기주식취득신탁계약체결결정),젝시믹스
20260604000344,20260604,439580,신탁,주요사항보고서(자기주식취득신탁계약체결결정),블루엠텍
20260605000150,20260605,148930,신탁,주요사항보고서(자기주식취득신탁계약체결결정),에이치와이티씨
20260605000266,20260605,348030,신탁,주요사항보고서(자기주식취득신탁계약체결결정),모비릭스
20260605000397,20260605,459550,신탁,주요사항보고서(자기주식취득신탁계약체결결정),알트
20260605800738,20260605,008500,밸류업,기업가치제고계획(자율공시)              ,일정실업
20260605900810,20260605,183300,밸류업,기업가치제고계획(자율공시)              (2025년 이행현황),코미코
20260608000061,20260608,020180,신탁,주요사항보고서(자기주식취득신탁계약체결결정),대신정보통신
20260608000199,20260608,060260,신탁,주요사항보고서(자기주식취득신탁계약체결결정),뉴보텍
20260608000243,20260608,211050,신탁,주요사항보고서(자기주식취득신탁계약체결결정),인카금융서비스
20260608000288,20260608,353810,대량보유,주식등의대량보유상황보고서(약식),브이아이피자산운용
20260609000008,20260609,101160,대량보유,주식등의대량보유상황보고서(약식),브이아이피자산운용
20260609000097,20260609,065510,신탁,주요사항보고서(자기주식취득신탁계약체결결정),휴비츠
20260609000231,20260609,451250,신탁,주요사항보고서(자기주식취득신탁계약체결결정),삐아
20260609000237,20260609,270870,신탁,주요사항보고서(자기주식취득신탁계약체결결정),뉴트리
20260609000334,20260609,200670,신탁,주요사항보고서(자기주식취득신탁계약체결결정),휴메딕스
20260609000374,20260609,263750,신탁,주요사항보고서(자기주식취득신탁계약체결결정),펄어비스
20260609000403,20260609,104700,신탁,주요사항보고서(자기주식취득신탁계약체결결정),한국철강
20260609000407,20260609,001940,신탁,주요사항보고서(자기주식취득신탁계약체결결정),KISCO홀딩스
20260609000457,20260609,054090,신탁,주요사항보고서(자기주식취득신탁계약체결결정),삼진엘앤디
20260609000507,20260609,009240,신탁,주요사항보고서(자기주식취득신탁계약체결결정),한샘
20260609900498,20260609,263750,밸류업,기업가치제고계획(자율공시)              ,펄어비스
20260610000076,20260610,036120,신탁,주요사항보고서(자기주식취득신탁계약체결결정),서울평가정보
20260610000207,20260610,318160,신탁,주요사항보고서(자기주식취득신탁계약체결결정),셀바이오휴먼텍
20260610000233,20260610,023160,신탁,주요사항보고서(자기주식취득신탁계약체결결정),태광
20260610000263,20260610,388050,신탁,주요사항보고서(자기주식취득신탁계약체결결정),지투파워
20260610000346,20260610,028100,신탁,주요사항보고서(자기주식취득신탁계약체결결정),동아지질
20260610000371,20260610,197140,신탁,주요사항보고서(자기주식취득신탁계약체결결정),디지캡
20260610000379,20260610,002030,신탁,주요사항보고서(자기주식취득신탁계약체결결정),아세아
20260610000443,20260610,383220,대량보유,주식등의대량보유상황보고서(약식),브이아이피자산운용
20260610000451,20260610,037460,대량보유,주식등의대량보유상황보고서(약식),브이아이피자산운용
20260610000460,20260610,005300,대량보유,주식등의대량보유상황보고서(약식),브이아이피자산운용
20260610000471,20260610,483650,대량보유,주식등의대량보유상황보고서(약식),브이아이피자산운용
20260610000475,20260610,290650,대량보유,주식등의대량보유상황보고서(약식),브이아이피자산운용
20260610000482,20260610,039830,대량보유,주식등의대량보유상황보고서(약식),브이아이피자산운용
20260610000487,20260610,032350,대량보유,주식등의대량보유상황보고서(약식),브이아이피자산운용
20260610000577,20260610,098120,대량보유,주식등의대량보유상황보고서(약식),에셋플러스자산운용
20260610000587,20260610,272110,대량보유,주식등의대량보유상황보고서(약식),에셋플러스자산운용
20260610000597,20260610,002030,대량보유,주식등의대량보유상황보고서(약식),브이아이피자산운용
20260610000608,20260610,248070,대량보유,주식등의대량보유상황보고서(약식),브이아이피자산운용
20260611000094,20260611,024800,대량보유,주식등의대량보유상황보고서(약식),브이아이피자산운용
20260611000182,20260611,039290,신탁,주요사항보고서(자기주식취득신탁계약체결결정),인포뱅크
20260611000219,20260611,403550,신탁,주요사항보고서(자기주식취득신탁계약체결결정),쏘카
20260611000290,20260611,263920,신탁,주요사항보고서(자기주식취득신탁계약체결결정),휴엠앤씨
20260611000319,20260611,020400,신탁,주요사항보고서(자기주식취득신탁계약체결결정),대동금속
20260611000338,20260611,224110,신탁,주요사항보고서(자기주식취득신탁계약체결결정),에이텍모빌리티
20260611000364,20260611,419540,신탁,주요사항보고서(자기주식취득신탁계약체결결정),비스토스
20260611000454,20260611,143240,신탁,주요사항보고서(자기주식취득신탁계약체결결정),사람인
20260611000550,20260611,079370,신탁,주요사항보고서(자기주식취득신탁계약체결결정),제우스
20260611000681,20260611,041460,신탁,주요사항보고서(자기주식취득신탁계약체결결정),한국전자인증
20260612000628,20260612,002170,신탁,주요사항보고서(자기주식취득신탁계약체결결정),SYTS
20260612800668,20260612,039490,밸류업,기업가치제고계획(자율공시)              ,키움증권
20260615000037,20260615,057050,대량보유,주식등의대량보유상황보고서(약식),브이아이피자산운용
20260615000119,20260615,049430,신탁,주요사항보고서(자기주식취득신탁계약체결결정),코메론
20260615000212,20260615,049070,신탁,주요사항보고서(자기주식취득신탁계약체결결정),인탑스
20260616000133,20260616,310870,신탁,주요사항보고서(자기주식취득신탁계약체결결정),디와이씨
20260616000253,20260616,038540,신탁,주요사항보고서(자기주식취득신탁계약체결결정),상상인
20260616900320,20260616,025870,밸류업,기업가치제고계획(자율공시)              (2026년 신라에스지(주) 기업가치제고 계획),신라에스지
20260617000116,20260617,101970,신탁,주요사항보고서(자기주식취득신탁계약체결결정),우양에이치씨
20260617900209,20260617,101160,밸류업,[첨부추가]기업가치제고계획(자율공시)              ,월덱스
20260618000072,20260618,046390,신탁,주요사항보고서(자기주식취득신탁계약체결결정),삼화네트웍스
20260618000129,20260618,209640,신탁,주요사항보고서(자기주식취득신탁계약체결결정),와이제이링크
20260618900254,20260618,079960,밸류업,기업가치제고계획(자율공시)              ,동양이엔피
20260619000522,20260619,248070,대량보유,주식등의대량보유상황보고서(일반),얼라인파트너스자산운용
20260622000092,20260622,336570,신탁,주요사항보고서(자기주식취득신탁계약체결결정),원텍
20260622000157,20260622,446070,신탁,주요사항보고서(자기주식취득신탁계약체결결정),유니드비티플러스
20260622000363,20260622,211050,대량보유,주식등의대량보유상황보고서(약식),머스트자산운용
20260622800590,20260622,001720,밸류업,기업가치제고계획(자율공시)              ,신영증권
20260622900387,20260622,067010,밸류업,기업가치제고계획(자율공시)              (2026년 (주)이씨에스텔레콤 기업가치 제고 계획),이씨에스
20260623000051,20260623,177350,신탁,주요사항보고서(자기주식취득신탁계약체결결정),베셀
20260623000084,20260623,012280,신탁,주요사항보고서(자기주식취득신탁계약체결결정),영화금속
20260623000155,20260623,440320,대량보유,주식등의대량보유상황보고서(약식),라이프자산운용
20260623800322,20260623,001130,밸류업,기업가치제고계획(자율공시)              ,대한제분
20260624000088,20260624,282880,신탁,주요사항보고서(자기주식취득신탁계약체결결정),코윈테크
20260624000152,20260624,020120,신탁,주요사항보고서(자기주식취득신탁계약체결결정),키다리스튜디오
20260624000190,20260624,031510,신탁,주요사항보고서(자기주식취득신탁계약체결결정),오스템
20260624000194,20260624,134060,신탁,주요사항보고서(자기주식취득신탁계약체결결정),이퓨쳐
20260624000198,20260624,458350,신탁,주요사항보고서(자기주식취득신탁계약체결결정),에스팀
20260624000220,20260624,035200,신탁,주요사항보고서(자기주식취득신탁계약체결결정),프럼파스트
20260624000284,20260624,439090,신탁,주요사항보고서(자기주식취득신탁계약체결결정),마녀공장
20260624000491,20260624,473980,신탁,주요사항보고서(자기주식취득신탁계약체결결정),노머스
20260625000093,20260625,053580,신탁,주요사항보고서(자기주식취득신탁계약체결결정),웹케시
20260625000245,20260625,047560,신탁,주요사항보고서(자기주식취득신탁계약체결결정),이스트소프트
20260625900505,20260625,189690,밸류업,기업가치제고계획(자율공시)              (2026년 (주)포시에스의 기업가치 제고 계획),포시에스
20260626000322,20260626,068050,신탁,주요사항보고서(자기주식취득신탁계약체결결정),팬엔터테인먼트
20260626000389,20260626,150900,신탁,주요사항보고서(자기주식취득신탁계약체결결정),파수AI
20260626900610,20260626,215480,양수도,최대주주변경을수반하는주식양수도계약체결              ,토박스코리아
20260629000123,20260629,413390,신탁,주요사항보고서(자기주식취득신탁계약체결결정),엠오티
20260629000184,20260629,376980,신탁,주요사항보고서(자기주식취득신탁계약체결결정),원티드랩
20260629000448,20260629,357550,신탁,주요사항보고서(자기주식취득신탁계약체결결정),석경에이티
20260629800414,20260629,002820,밸류업,기업가치제고계획(자율공시)              ,SUN&L
20260629800515,20260629,004370,밸류업,기업가치제고계획(자율공시)              (2025년 이행현황),농심
20260629900688,20260629,289080,밸류업,기업가치제고계획(자율공시)              (2026년 에스브이인베스트먼트(주) 기업가치 제고 계획),SV인베스트먼트
20260630000236,20260630,376290,신탁,주요사항보고서(자기주식취득신탁계약체결결정),씨유테크
20260630800891,20260630,003240,밸류업,기업가치제고계획(자율공시)              ,태광산업
20260630800908,20260630,271560,밸류업,기업가치제고계획(자율공시)              (2025년 이행현황),오리온
20260630800976,20260630,007700,밸류업,기업가치제고계획(자율공시)              ,F&F 홀딩스
20260630900888,20260630,112040,양수도,최대주주변경을수반하는주식양수도계약체결              ,위메이드
20260701000096,20260701,215200,신탁,주요사항보고서(자기주식취득신탁계약체결결정),메가스터디교육
20260701000173,20260701,067770,신탁,주요사항보고서(자기주식취득신탁계약체결결정),세진티에스
20260701000298,20260701,025770,신탁,주요사항보고서(자기주식취득신탁계약체결결정),한국정보통신
20260701900248,20260701,082920,밸류업,기업가치제고계획(자율공시)              (2026년 ㈜비츠로셀 기업가치 제고 계획),비츠로셀
20260701900334,20260701,190650,밸류업,기업가치제고계획(자율공시)              ,코리아에셋투자증권
20260702000181,20260702,052420,신탁,주요사항보고서(자기주식취득신탁계약체결결정),오성첨단소재
20260702000271,20260702,415380,신탁,주요사항보고서(자기주식취득신탁계약체결결정),스튜디오삼익
20260702000431,20260702,244920,대량보유,주식등의대량보유상황보고서(일반),얼라인파트너스자산운용
20260702900639,20260702,463480,양수도,최대주주변경을수반하는주식양수도계약체결              ,모티브링크
20260702900916,20260702,026910,양수도,최대주주변경을수반하는주식양수도계약체결              ,광진실업
20260703000468,20260703,005300,대량보유,주식등의대량보유상황보고서(약식),브이아이피자산운용
20260703900890,20260703,206400,양수도,최대주주변경을수반하는주식양수도계약체결              ,베노티앤알
20260706000036,20260706,029530,대량보유,주식등의대량보유상황보고서(약식),브이아이피자산운용
20260706000092,20260706,364950,신탁,주요사항보고서(자기주식취득신탁계약체결결정),에이아이코리아
20260706000214,20260706,002760,신탁,주요사항보고서(자기주식취득신탁계약체결결정),보락
20260706000245,20260706,084440,신탁,주요사항보고서(자기주식취득신탁계약체결결정),유비온
20260706000264,20260706,037460,신탁,주요사항보고서(자기주식취득신탁계약체결결정),삼지전자
20260706000326,20260706,332570,신탁,주요사항보고서(자기주식취득신탁계약체결결정),PS일렉트로닉스
20260706000447,20260706,001790,신탁,주요사항보고서(자기주식취득신탁계약체결결정),대한제당
20260706900536,20260706,332570,신탁,자기주식취득신탁계약체결결정              ,PS일렉트로닉스
20260707000081,20260707,146060,신탁,주요사항보고서(자기주식취득신탁계약체결결정),율촌
20260707000434,20260707,021240,대량보유,주식등의대량보유상황보고서(일반),얼라인파트너스자산운용
20260708000105,20260708,042510,신탁,주요사항보고서(자기주식취득신탁계약체결결정),라온시큐어
20260708000285,20260708,026890,신탁,주요사항보고서(자기주식취득신탁계약체결결정),스틱인베스트먼트
20260708900181,20260708,036120,밸류업,기업가치제고계획(자율공시)              (2026년 서울평가정보(주) 기업가치 제고 계획),서울평가정보
20260708900386,20260708,226590,밸류업,기업가치제고계획(자율공시)              (2026년 엠디바이스(주) 기업가치 제고 계획),엠디바이스
20260709000002,20260709,215480,신탁,주요사항보고서(자기주식취득신탁계약체결결정),토박스코리아
20260709000346,20260709,190510,신탁,주요사항보고서(자기주식취득신탁계약체결결정),나무가
20260709000388,20260709,192650,신탁,주요사항보고서(자기주식취득신탁계약체결결정),드림텍
20260710000080,20260710,093050,대량보유,주식등의대량보유상황보고서(약식),브이아이피자산운용
20260710000085,20260710,043370,대량보유,주식등의대량보유상황보고서(약식),브이아이피자산운용
20260710000134,20260710,046310,신탁,주요사항보고서(자기주식취득신탁계약체결결정),백금T&A
20260710000468,20260710,086390,대량보유,주식등의대량보유상황보고서(약식),브이아이피자산운용
20260710000487,20260710,104830,대량보유,주식등의대량보유상황보고서(약식),브이아이피자산운용
20260710000503,20260710,102710,대량보유,주식등의대량보유상황보고서(약식),브이아이피자산운용
20260710000514,20260710,348210,대량보유,주식등의대량보유상황보고서(약식),브이아이피자산운용
20260710000522,20260710,057050,대량보유,주식등의대량보유상황보고서(약식),브이아이피자산운용
20260710000644,20260710,104460,대량보유,주식등의대량보유상황보고서(약식),브이아이피자산운용
20260710000713,20260710,271830,대량보유,주식등의대량보유상황보고서(약식),라이프자산운용
20260710900671,20260710,003100,양수도,최대주주변경을수반하는주식양수도계약체결              ,선광
20260713000038,20260713,085310,신탁,주요사항보고서(자기주식취득신탁계약체결결정),엔케이
20260713000268,20260713,196700,신탁,주요사항보고서(자기주식취득신탁계약체결결정),웹스
20260714000127,20260714,244920,신탁,주요사항보고서(자기주식취득신탁계약체결결정),에이플러스에셋
20260715000100,20260715,048830,신탁,주요사항보고서(자기주식취득신탁계약체결결정),엔피케이
20260715000323,20260715,473980,신탁,주요사항보고서(자기주식취득신탁계약체결결정),노머스
20260715000397,20260715,001750,대량보유,주식등의대량보유상황보고서(일반),케이씨지아이제2호사모투자
20260715000459,20260715,381620,신탁,주요사항보고서(자기주식취득신탁계약체결결정),제닉스로보틱스
20260715000473,20260715,030190,신탁,주요사항보고서(자기주식취득신탁계약체결결정),NICE평가정보
20260716000571,20260716,041520,신탁,주요사항보고서(자기주식취득신탁계약체결결정),이엘씨
20260720800314,20260720,042700,밸류업,기업가치제고계획(자율공시)              ,한미반도체
20260720900272,20260720,066590,양수도,최대주주변경을수반하는주식양수도계약체결              ,스모트로닉
20260720900339,20260720,079940,양수도,최대주주변경을수반하는주식양수도계약체결              ,가비아
20260721000053,20260721,065690,신탁,주요사항보고서(자기주식취득신탁계약체결결정),파커스
20260721000111,20260721,024070,신탁,주요사항보고서(자기주식취득신탁계약체결결정),WISCOM
20260722000216,20260722,387570,신탁,주요사항보고서(자기주식취득신탁계약체결결정),파인메딕스
20260722000292,20260722,006620,신탁,주요사항보고서(자기주식취득신탁계약체결결정),동구바이오제약
20260722000564,20260722,001070,신탁,주요사항보고서(자기주식취득신탁계약체결결정),대한방직
20260722900396,20260722,246690,밸류업,기업가치제고계획(자율공시)              ,TS인베스트먼트
20260723000197,20260723,403550,신탁,주요사항보고서(자기주식취득신탁계약체결결정),쏘카
20260723000234,20260723,028100,신탁,주요사항보고서(자기주식취득신탁계약체결결정),동아지질
20260723000235,20260723,246690,신탁,주요사항보고서(자기주식취득신탁계약체결결정),TS인베스트먼트
20260723000345,20260723,105560,신탁,주요사항보고서(자기주식취득신탁계약체결결정),KB금융
20260723000463,20260723,403850,신탁,주요사항보고서(자기주식취득신탁계약체결결정),더핑크퐁컴퍼니
20260723000490,20260723,175330,신탁,주요사항보고서(자기주식취득신탁계약체결결정),JB금융지주
20260723000536,20260723,008700,신탁,주요사항보고서(자기주식취득신탁계약체결결정),아남전자
20260724000359,20260724,316140,신탁,주요사항보고서(자기주식취득신탁계약체결결정),우리금융지주
20260724000413,20260724,069960,대량보유,주식등의대량보유상황보고서(약식),브이아이피자산운용
20260724800373,20260724,086790,밸류업,기업가치제고계획(자율공시)              (2026년),하나금융지주
20260724900877,20260724,247660,밸류업,기업가치제고계획(자율공시)              (2026년 나노씨엠에스 기업가치 제고 계획),나노씨엠에스
20260727000157,20260727,101160,신탁,주요사항보고서(자기주식취득신탁계약체결결정),월덱스
20260727000163,20260727,206640,신탁,주요사항보고서(자기주식취득신탁계약체결결정),바디텍메드
20260727000177,20260727,018470,신탁,주요사항보고서(자기주식취득신탁계약체결결정),조일알미늄
20260727000211,20260727,139130,신탁,주요사항보고서(자기주식취득신탁계약체결결정),iM금융지주
20260727800377,20260727,018470,밸류업,기업가치제고계획(자율공시)              ,조일알미늄
20260728000369,20260728,083450,신탁,주요사항보고서(자기주식취득신탁계약체결결정),GST
20260728800869,20260728,004370,밸류업,기업가치제고계획(자율공시)              (2026년),농심
20260729000320,20260729,241840,신탁,주요사항보고서(자기주식취득신탁계약체결결정),에이스토리
20260729000479,20260729,032640,신탁,주요사항보고서(자기주식취득신탁계약체결결정),LG유플러스
20260729900243,20260729,351870,밸류업,기업가치제고계획(자율공시)              ,차이커뮤니케이션
20260730000315,20260730,375500,신탁,주요사항보고서(자기주식취득신탁계약체결결정),DL이앤씨
20260730800722,20260730,005490,밸류업,기업가치제고계획(자율공시)              ,POSCO홀딩스
20260731000126,20260731,037460,대량보유,주식등의대량보유상황보고서(약식),브이아이피자산운용
20260731000128,20260731,051360,대량보유,주식등의대량보유상황보고서(약식),브이아이피자산운용
20260731000235,20260731,005290,신탁,주요사항보고서(자기주식취득신탁계약체결결정),동진쎄미켐
20260731000491,20260731,357780,신탁,주요사항보고서(자기주식취득신탁계약체결결정),솔브레인
20260731900983,20260731,226340,양수도,최대주주변경을수반하는주식양수도계약체결              ,본느
20260803000103,20260803,079170,신탁,주요사항보고서(자기주식취득신탁계약체결결정),한창산업
20260803000287,20260803,119850,대량보유,주식등의대량보유상황보고서(약식),브이아이피자산운용
20260803900546,20260803,368970,밸류업,기업가치제고계획(자율공시)              (2026년 오에스피 기업가치 제고 계획),오에스피
20260803901011,20260803,027580,양수도,최대주주변경을수반하는주식양수도계약체결              ,상보
20260803000487,20260804,302550,신탁,주요사항보고서(자기주식취득신탁계약체결결정),리메드
20260804000104,20260804,406820,대량보유,주식등의대량보유상황보고서(약식),라이프자산운용
20260804000280,20260804,425040,신탁,주요사항보고서(자기주식취득신탁계약체결결정),티이엠씨
20260804900354,20260804,418620,밸류업,기업가치제고계획(자율공시)              (2026년 E8 기업가치 제고 계획),E8
20260805000373,20260805,294570,신탁,주요사항보고서(자기주식취득신탁계약체결결정),쿠콘
20260805000410,20260805,098660,신탁,주요사항보고서(자기주식취득신탁계약체결결정),에스티오
20260805000450,20260805,001460,신탁,주요사항보고서(자기주식취득신탁계약체결결정),BYC
20260805900186,20260805,046440,밸류업,기업가치제고계획(자율공시)              (2026년 KG파이낸셜 기업가치제고계획 ),KG파이낸셜
20260806000214,20260806,356860,신탁,주요사항보고서(자기주식취득신탁계약체결결정),티엘비
20260806000431,20260806,007980,신탁,주요사항보고서(자기주식취득신탁계약체결결정),TP
20260806800574,20260806,000430,밸류업,기업가치제고계획(자율공시)              ,대원강업
20260806900648,20260806,457600,양수도,최대주주변경을수반하는주식양수도계약체결              ,벡트
20260807000220,20260807,397810,신탁,주요사항보고서(자기주식취득신탁계약체결결정),애드포러스
20260807000274,20260807,462310,신탁,주요사항보고서(자기주식취득신탁계약체결결정),뉴키즈온
20260807000317,20260807,461300,신탁,주요사항보고서(자기주식취득신탁계약체결결정),아이스크림미디어
20260807000613,20260807,045340,신탁,주요사항보고서(자기주식취득신탁계약체결결정),토탈소프트
20260807800127,20260807,007070,밸류업,기업가치제고계획(자율공시)              ,GS리테일
20260807800208,20260807,011930,밸류업,기업가치제고계획(자율공시)              (기업가치 제고 계획(자율공시)(2026년)),신성이엔지
20260807800986,20260807,078930,밸류업,기업가치제고계획(자율공시)              (2025년 이행현황),GS
20260807900964,20260807,083470,양수도,최대주주변경을수반하는주식양수도계약체결              ,이엠앤아이
20260810000087,20260810,353810,대량보유,주식등의대량보유상황보고서(약식),브이아이피자산운용
20260810000244,20260810,363260,신탁,주요사항보고서(자기주식취득신탁계약체결결정),모비데이즈
20260810000292,20260810,035080,신탁,주요사항보고서(자기주식취득신탁계약체결결정),그래디언트
20260810000489,20260810,204620,대량보유,주식등의대량보유상황보고서(약식),브이아이피자산운용
20260810000495,20260810,194700,대량보유,주식등의대량보유상황보고서(약식),브이아이피자산운용
20260810000500,20260810,032350,대량보유,주식등의대량보유상황보고서(약식),브이아이피자산운용
20260810000506,20260810,204610,대량보유,주식등의대량보유상황보고서(약식),브이아이피자산운용
20260810000511,20260810,053610,대량보유,주식등의대량보유상황보고서(약식),브이아이피자산운용
20260810000522,20260810,092460,대량보유,주식등의대량보유상황보고서(약식),브이아이피자산운용
20260810900896,20260810,228670,양수도,최대주주변경을수반하는주식양수도계약체결              ,레이
20260811000158,20260811,450330,신탁,주요사항보고서(자기주식취득신탁계약체결결정),하스
20260811800374,20260811,031210,밸류업,기업가치제고계획(자율공시)              ,서울보증보험
20260811800701,20260811,009970,밸류업,기업가치제고계획(자율공시)              (2025년 이행현황),영원무역홀딩스
20260811800871,20260811,111770,밸류업,기업가치제고계획(자율공시)              (2025년 이행현황),영원무역
20260812000035,20260812,095660,신탁,주요사항보고서(자기주식취득신탁계약체결결정),네오위즈
20260812000327,20260812,352480,신탁,주요사항보고서(자기주식취득신탁계약체결결정),씨앤씨인터내셔널
20260812800092,20260812,030200,밸류업,기업가치제고계획(자율공시)              ,케이티
20260812800545,20260812,138040,밸류업,기업가치제고계획(자율공시)              (2026년 2분기 이행현황),메리츠금융지주
20260812900459,20260812,038060,양수도,최대주주변경을수반하는주식양수도계약체결              ,루멘스
20260813800529,20260813,001080,밸류업,기업가치제고계획(자율공시)              ,만호제강
20260813900332,20260813,285800,밸류업,기업가치제고계획(자율공시)              ,진영
20260814001439,20260814,419540,신탁,주요사항보고서(자기주식취득신탁계약체결결정),비스토스
20260814802534,20260814,014130,밸류업,기업가치제고계획(자율공시)              ,한익스프레스
20260818800178,20260818,024720,밸류업,기업가치제고계획(자율공시)              ,콜마홀딩스
20260819000069,20260819,067010,신탁,주요사항보고서(자기주식취득신탁계약체결결정),이씨에스
20260819000226,20260819,277070,신탁,주요사항보고서(자기주식취득신탁계약체결결정),린드먼아시아
20260820000015,20260820,010780,신탁,주요사항보고서(자기주식취득신탁계약체결결정),아이에스동서
20260820000049,20260820,118990,신탁,주요사항보고서(자기주식취득신탁계약체결결정),모트렉스
20260820000244,20260820,053300,신탁,주요사항보고서(자기주식취득신탁계약체결결정),한국정보인증
20260820800085,20260820,002380,밸류업,기업가치제고계획(자율공시)              (2026년),케이씨씨
20260821000067,20260821,024800,대량보유,주식등의대량보유상황보고서(약식),브이아이피자산운용
20260821000423,20260821,487400,대량보유,주식등의대량보유상황보고서(약식),라이프자산운용
20260821000481,20260821,033160,대량보유,주식등의대량보유상황보고서(약식),브이아이피자산운용
20260821800122,20260821,035720,밸류업,기업가치제고계획(자율공시)              ,카카오
20260824000072,20260824,015860,신탁,주요사항보고서(자기주식취득신탁계약체결결정),일진홀딩스
20260824000155,20260824,008250,신탁,주요사항보고서(자기주식취득신탁계약체결결정),이건산업
20260825000418,20260825,046310,대량보유,주식등의대량보유상황보고서(일반),차파트너스자산운용
20260827800180,20260827,030720,밸류업,기업가치제고계획(자율공시)              ,동원수산
20260827900563,20260827,035600,밸류업,기업가치제고계획(자율공시)              (2026년 이행현황),KG이니시스
20260827900703,20260827,035600,밸류업,기업가치제고계획(자율공시)              ,KG이니시스
20260828000539,20260828,003350,대량보유,주식등의대량보유상황보고서(약식),에셋플러스자산운용
20260828001290,20260828,484870,신탁,주요사항보고서(자기주식취득신탁계약체결결정),엠앤씨솔루션
20260828001650,20260828,138040,신탁,주요사항보고서(자기주식취득신탁계약체결결정),메리츠금융지주
20260828800352,20260828,005830,밸류업,기업가치제고계획(자율공시)              ,DB손해보험
20260831000712,20260831,241790,신탁,주요사항보고서(자기주식취득신탁계약체결결정),티이엠씨씨엔에스
20260831000880,20260831,049520,신탁,주요사항보고서(자기주식취득신탁계약체결결정),유아이엘
20260831000901,20260831,261520,신탁,주요사항보고서(자기주식취득신탁계약체결결정),이지스
20260831800228,20260831,016610,밸류업,기업가치제고계획(자율공시)              (2026년 이행현황),DB증권
20260901000016,20260901,336680,신탁,주요사항보고서(자기주식취득신탁계약체결결정),탑런토탈솔루션
20260901000067,20260901,088790,신탁,주요사항보고서(자기주식취득신탁계약체결결정),진도
20260901000092,20260901,039860,신탁,주요사항보고서(자기주식취득신탁계약체결결정),나노엔텍
20260902000044,20260902,234300,신탁,주요사항보고서(자기주식취득신탁계약체결결정),에스트래픽
20260902000070,20260902,272110,신탁,주요사항보고서(자기주식취득신탁계약체결결정),케이엔제이
20260902000240,20260902,089600,대량보유,주식등의대량보유상황보고서(약식),브이아이피자산운용
20260902800519,20260902,123890,밸류업,기업가치제고계획(자율공시)              ,한국자산신탁
20260903000061,20260903,015230,신탁,주요사항보고서(자기주식취득신탁계약체결결정),대창단조
20260903000072,20260903,149950,신탁,주요사항보고서(자기주식취득신탁계약체결결정),아바텍
20260903000301,20260903,399720,신탁,주요사항보고서(자기주식취득신탁계약체결결정),가온칩스
20260903800537,20260903,138930,밸류업,기업가치제고계획(자율공시)              ,BNK금융지주
20260904000047,20260904,049430,신탁,주요사항보고서(자기주식취득신탁계약체결결정),코메론
20260907000065,20260907,130580,신탁,주요사항보고서(자기주식취득신탁계약체결결정),나이스디앤비
20260908000248,20260908,018310,신탁,주요사항보고서(자기주식취득신탁계약체결결정),삼목에스폼
20260908000269,20260908,016740,신탁,주요사항보고서(자기주식취득신탁계약체결결정),두올
20260909000019,20260909,333050,신탁,주요사항보고서(자기주식취득신탁계약체결결정),이노테나
20260909000074,20260909,066310,신탁,주요사항보고서(자기주식취득신탁계약체결결정),큐에스아이
20260910000340,20260910,119850,대량보유,주식등의대량보유상황보고서(약식),브이아이피자산운용
20260910800735,20260910,002880,밸류업,기업가치제고계획(자율공시)              (2026년 ㈜디와이에이 기업가치 제고 계획),디와이에이
20260914000076,20260914,365900,신탁,주요사항보고서(자기주식취득신탁계약체결결정),브이씨
20260914000105,20260914,004590,신탁,주요사항보고서(자기주식취득신탁계약체결결정),한국가구
20260915900552,20260915,201490,양수도,최대주주변경을수반하는주식양수도계약체결              ,미투온
20260915900712,20260915,061250,양수도,최대주주변경을수반하는주식양수도계약체결              ,화일약품
20260916900155,20260916,155650,밸류업,기업가치제고계획(자율공시)              ,와이엠씨
20260917000063,20260917,063440,신탁,주요사항보고서(자기주식취득신탁계약체결결정),SM Life Design
20260917000158,20260917,007530,신탁,주요사항보고서(자기주식취득신탁계약체결결정),와이엠
20260917000366,20260917,079940,대량보유,주식등의대량보유상황보고서(일반),얼라인파트너스자산운용
20260918900096,20260918,241690,밸류업,기업가치제고계획(자율공시)              (2026년 이행현황),유니테크노
20260921000218,20260921,068930,신탁,주요사항보고서(자기주식취득신탁계약체결결정),디지털대성
20260921900571,20260921,127710,양수도,최대주주변경을수반하는주식양수도계약체결              ,아시아경제
20260922800624,20260922,017810,밸류업,기업가치제고계획(자율공시)              (2025년 이행현황),풀무원
20260922900152,20260922,189690,밸류업,기업가치제고계획(자율공시)              (고배당기업 표시를 위한 재공시),포시에스
20260923900518,20260923,431190,양수도,최대주주변경을수반하는주식양수도계약체결              ,케이쓰리아이
20260923900730,20260923,109670,양수도,최대주주변경을수반하는주식양수도계약체결              ,씨싸이트
20260928000146,20260928,483650,신탁,주요사항보고서(자기주식취득신탁계약체결결정),달바글로벌
20260928000175,20260928,094360,신탁,주요사항보고서(자기주식취득신탁계약체결결정),칩스앤미디어
20260928000280,20260928,064850,신탁,주요사항보고서(자기주식취득신탁계약체결결정),에프앤가이드
20260928900425,20260928,064850,밸류업,기업가치제고계획(자율공시)              (2026년 (주)에프앤가이드 기업가치 제고 계획),에프앤가이드
20260929000172,20260929,310200,신탁,주요사항보고서(자기주식취득신탁계약체결결정),애니플러스
20260929000178,20260929,376300,신탁,주요사항보고서(자기주식취득신탁계약체결결정),디어유
20260929800230,20260929,272550,밸류업,기업가치제고계획(자율공시)              ,삼양패키징
20260930000301,20260930,005720,신탁,주요사항보고서(자기주식취득신탁계약체결결정),넥센
20260930800099,20260930,049800,밸류업,기업가치제고계획(자율공시)              ,우진플라임
20260930800157,20260930,010400,밸류업,기업가치제고계획(자율공시)              (PBR 개선 계획 제출 기업),우진아이엔에스
20260930800835,20260930,003030,밸류업,기업가치제고계획(자율공시)              ,세아제강지주
20260930900240,20260930,263020,밸류업,기업가치제고계획(자율공시)              (2026 (주)디케이앤디 기업가치 제고 계획),디케이앤디
20260930900281,20260930,388050,밸류업,기업가치제고계획(자율공시)              (2026년),지투파워
20260930900385,20260930,097870,밸류업,기업가치제고계획(자율공시)              (2026년 효성오앤비(주) 기업가치 제고 계획),효성오앤비
20260930900525,20260930,215480,밸류업,기업가치제고계획(자율공시)              ,토박스코리아
20260930900551,20260930,317530,밸류업,기업가치제고계획(자율공시)              (2026년 (주)에피소드컴퍼니 기업가치 제고 계획),에피소드컴퍼니
20260930901024,20260930,169330,밸류업,기업가치제고계획(자율공시)              ,엠브레인
20261001000062,20261001,014620,신탁,주요사항보고서(자기주식취득신탁계약체결결정),성광벤드
20261001000418,20261001,403550,신탁,주요사항보고서(자기주식취득신탁계약체결결정),쏘카
20261001000479,20261001,306040,신탁,주요사항보고서(자기주식취득신탁계약체결결정),에스제이그룹
20261002000123,20261002,032300,신탁,주요사항보고서(자기주식취득신탁계약체결결정),한국파마
20261002000288,20261002,033240,신탁,주요사항보고서(자기주식취득신탁계약체결결정),자화전자
20261002000600,20261002,439090,신탁,주요사항보고서(자기주식취득신탁계약체결결정),마녀공장
20261002900880,20261002,066410,양수도,최대주주변경을수반하는주식양수도계약체결              ,버킷스튜디오
20261006000180,20261006,241710,대량보유,주식등의대량보유상황보고서(약식),트러스톤자산운용
20261006000327,20261006,348030,신탁,주요사항보고서(자기주식취득신탁계약체결결정),모비릭스
20261006000337,20261006,111770,신탁,주요사항보고서(자기주식취득신탁계약체결결정),영원무역
20261007900577,20261007,105330,양수도,최대주주변경을수반하는주식양수도계약체결              ,케이엔더블유
