ticker,market,industry
060310,KOSDAQ,"측정, 시험, 항해, 제어 및 기타 정밀기기 제조업; 광학기기 제외"
095570,KOSPI,산업용 기계 및 장비 임대업
006840,KOSPI,기타 금융업
054620,KOSDAQ,기타 금융업
079810,KOSDAQ,기타 전기장비 제조업
265520,KOSDAQ,특수 목적용 기계 제조업
211270,KOSDAQ,통신 및 방송 장비 제조업
027410,KOSPI,기타 금융업
282330,KOSPI,종합 소매업
126600,KOSDAQ,합성고무 및 플라스틱 물질 제조업
138930,KOSPI,기타 금융업
001460,KOSPI,봉제의복 제조업
083790,KOSDAQ,자연과학 및 공학 연구개발업
001040,KOSPI,기타 금융업
079160,KOSPI,"영화, 비디오물, 방송프로그램 제작 및 배급업"
035760,KOSDAQ GLOBAL,텔레비전 방송업
311690,KOSDAQ,자연과학 및 공학 연구개발업
000120,KOSPI,도로 화물 운송업
011150,KOSPI,기타 식품 제조업
097950,KOSPI,기타 식품 제조업
051500,KOSDAQ,음·식료품 및 담배 도매업
058820,KOSDAQ,의약품 제조업
056730,KOSDAQ,건물 건설업
000480,KOSPI,"내화, 비내화 요업제품 제조업"
065770,KOSDAQ,통신 및 방송 장비 제조업
083660,KOSDAQ,기타 화학제품 제조업
000590,KOSPI,기타 금융업
012030,KOSPI,"컴퓨터 프로그래밍, 시스템 통합 및 관리업"
477760,KOSDAQ,기타 금융업
005830,KOSPI,보험업
016610,KOSPI,금융 지원 서비스업
000990,KOSPI,반도체 제조업
099520,KOSDAQ,영상 및 음향기기 제조업
000300,KOSPI,자동차 신품 부품 제조업
290120,KOSDAQ,자동차 신품 부품 제조업
025440,KOSDAQ,영상 및 음향기기 제조업
001530,KOSPI,상품 중개업
015590,KOSPI,일반 목적용 기계 제조업
000210,KOSPI,기초 화학물질 제조업
375500,KOSPI,토목 건설업
068790,KOSDAQ,특수 목적용 기계 제조업
007340,KOSPI,일차전지 및 이차전지 제조업
004840,KOSPI,고무제품 제조업
241520,KOSDAQ,신탁업 및 집합투자업
155660,KOSPI,1차 비철금속 제조업
069730,KOSPI,1차 철강 제조업
017860,KOSPI,기타 화학제품 제조업
180400,KOSDAQ,기타 과학기술 서비스업
092780,KOSPI,자동차용 엔진 및 자동차 제조업
017940,KOSPI,기타 전문 도매업
418620,KOSDAQ,소프트웨어 개발 및 공급업
245620,KOSDAQ,자연과학 및 공학 연구개발업
037370,KOSDAQ,기초 화학물질 제조업
278990,KONEX,"전동기, 발전기 및 전기 변환 · 공급 · 제어 장치 제조업"
365550,KOSPI,부동산 임대 및 공급업
050120,KOSDAQ,생활용품 도매업
383220,KOSPI,봉제의복 제조업
007700,KOSPI,기타 금융업
214270,KOSDAQ,소프트웨어 개발 및 공급업
032620,KOSDAQ,소프트웨어 개발 및 공급업
130500,KOSDAQ,기타 섬유제품 제조업
114090,KOSPI,유원지 및 기타 오락관련 서비스업
019570,KOSDAQ,신탁업 및 집합투자업
900290,KOSDAQ,기타 금융업
078930,KOSPI,기타 금융업
083450,KOSDAQ,특수 목적용 기계 제조업
006360,KOSPI,건물 건설업
001250,KOSPI,상품 종합 도매업
007070,KOSPI,종합 소매업
499790,KOSPI,기타 금융업
297890,KOSDAQ,특수 목적용 기계 제조업
440290,KOSDAQ,기타 금융업
078150,KOSDAQ,특수 목적용 기계 제조업
225530,KOSDAQ,기타 비금속 광물제품 제조업
060560,KOSDAQ,기타 전문 도매업
012630,KOSPI,기타 금융업
039570,KOSPI,전기 및 통신 공사업
089470,KOSPI,기타 화학제품 제조업
267270,KOSPI,특수 목적용 기계 제조업
009540,KOSPI,기타 금융업
267250,KOSPI,기타 금융업
443060,KOSPI,"건축기술, 엔지니어링 및 관련 기술 서비스업"
071970,KOSPI,일반 목적용 기계 제조업
322000,KOSPI,반도체 제조업
267260,KOSPI,"전동기, 발전기 및 전기 변환 · 공급 · 제어 장치 제조업"
329180,KOSPI,선박 및 보트 건조업
376270,KOSDAQ,자연과학 및 공학 연구개발업
097230,KOSPI,토목 건설업
195940,KOSDAQ GLOBAL,의약품 제조업
014790,KOSPI,토목 건설업
028300,KOSDAQ,의료용품 및 기타 의약 관련제품 제조업
003580,KOSPI,종합 소매업
278650,KOSDAQ,자연과학 및 공학 연구개발업
067630,KOSDAQ,의료용품 및 기타 의약 관련제품 제조업
024850,KOSDAQ,전자부품 제조업
187420,KOSDAQ,기초 의약물질 제조업
047920,KOSDAQ,자연과학 및 공학 연구개발업
115450,KOSDAQ,기타 전문 도매업
046210,KOSDAQ,의료용품 및 기타 의약 관련제품 제조업
196300,KOSDAQ,기초 의약물질 제조업
204320,KOSPI,자동차 신품 부품 제조업
060980,KOSPI,기타 금융업
011200,KOSPI,해상 운송업
403870,KOSDAQ GLOBAL,특수 목적용 기계 제조업
036640,KOSDAQ,합성고무 및 플라스틱 물질 제조업
035000,KOSPI,광고업
002460,KOSPI,건물 건설업
487570,KOSPI,기타 금융업
298050,KOSPI,화학섬유 제조업
469480,KOSDAQ,금융 지원 서비스업
0099X0,KOSDAQ,금융 지원 서비스업
015360,KOSPI,회사 본부 및 경영 컨설팅 서비스업
294870,KOSPI,건물 건설업
095340,KOSDAQ,기계장비 및 관련 물품 도매업
175330,KOSPI,기타 금융업
950170,KOSDAQ,종합 소매업
234080,KOSPI,의약품 제조업
067290,KOSDAQ,의약품 제조업
001060,KOSPI,의약품 제조업
096760,KOSPI,기타 금융업
035900,KOSDAQ GLOBAL,오디오물 출판 및 원판 녹음업
318000,KOSDAQ,합성고무 및 플라스틱 물질 제조업
008970,KOSPI,1차 철강 제조업
024840,KOSDAQ,1차 비철금속 제조업
105560,KOSPI,기타 금융업
415640,KOSPI,신탁업 및 집합투자업
432320,KOSPI,부동산 임대 및 공급업
024120,KOSDAQ,자동차 신품 부품 제조업
478390,KOSDAQ,금융 지원 서비스업
486630,KOSDAQ,금융 지원 서비스업
492220,KOSDAQ,금융 지원 서비스업
0037T0,KOSDAQ,금융 지원 서비스업
0072Z0,KOSDAQ,금융 지원 서비스업
002380,KOSPI,기타 화학제품 제조업
021320,KOSDAQ,건물 건설업
344820,KOSPI,유리 및 유리제품 제조업
009070,KOSPI,도로 화물 운송업
009440,KOSPI,기타 금융업
112190,KONEX,토목 건설업
119650,KOSPI,일반 목적용 기계 제조업
044180,KOSDAQ,건물 건설업
092220,KOSPI,반도체 제조업
003620,KOSPI,자동차용 엔진 및 자동차 제조업
016380,KOSPI,1차 철강 제조업
151860,KOSDAQ,자동차 차체나 트레일러 제조업
035600,KOSDAQ,소프트웨어 개발 및 공급업
001390,KOSPI,기초 화학물질 제조업
046440,KOSDAQ,소프트웨어 개발 및 공급업
060720,KOSDAQ,전자부품 제조업
001940,KOSPI,1차 철강 제조업
058400,KOSDAQ,텔레비전 방송업
025000,KOSPI,기초 화학물질 제조업
092230,KOSPI,기초 화학물질 제조업
000040,KOSPI,그외 기타 운송장비 제조업
044450,KOSPI,해상 운송업
101000,KOSDAQ,특수 목적용 기계 제조업
030200,KOSPI,전기 통신업
033780,KOSPI,담배 제조업
058850,KOSPI,기타 정보 서비스업
058860,KOSPI,기타 정보 서비스업
089600,KOSDAQ,광고업
418470,KOSDAQ,"서적, 잡지 및 기타 인쇄물 출판업"
043610,KOSDAQ,영상·오디오물 제공 서비스업
122450,KOSDAQ,텔레비전 방송업
052900,KOSDAQ,플라스틱제품 제조업
036560,KOSDAQ,일반 목적용 기계 제조업
061970,KOSDAQ,반도체 제조업
309960,KOSDAQ,기타 금융업
093050,KOSPI,봉제의복 제조업
003550,KOSPI,기타 금융업
034220,KOSPI,전자부품 제조업
051900,KOSPI,기타 화학제품 제조업
064400,KOSPI,"컴퓨터 프로그래밍, 시스템 통합 및 관리업"
373220,KOSPI,일차전지 및 이차전지 제조업
032640,KOSPI,전기 통신업
011070,KOSPI,전자부품 제조업
066570,KOSPI,통신 및 방송 장비 제조업
037560,KOSPI,텔레비전 방송업
051910,KOSPI,기초 화학물질 제조업
079550,KOSPI,무기 및 총포탄 제조업
073490,KOSDAQ,통신 및 방송 장비 제조업
225190,KOSDAQ,사진장비 및 광학기기 제조업
006260,KOSPI,기타 금융업
010120,KOSPI,"전동기, 발전기 및 전기 변환 · 공급 · 제어 장치 제조업"
091970,KOSDAQ,플라스틱제품 제조업
000680,KOSPI,상품 종합 도매업
060370,KOSDAQ,전기 및 통신 공사업
417200,KOSDAQ,전자부품 제조업
229640,KOSPI,기타 금융업
078020,KOSDAQ,금융 지원 서비스업
322180,KOSDAQ,소프트웨어 개발 및 공급업
108320,KOSPI,반도체 제조업
001120,KOSPI,상품 중개업
108670,KOSPI,플라스틱제품 제조업
383800,KOSPI,기타 금융업
476080,KOSDAQ,"영화, 비디오물, 방송프로그램 제작 및 배급업"
009810,KOSPI,기타 전문 도매업
086960,KOSDAQ,소프트웨어 개발 및 공급업
023150,KOSPI,알코올음료 제조업
123010,KOSDAQ,전자부품 제조업
035420,KOSPI,"자료처리, 호스팅, 포털 및 기타 인터넷 정보매개 서비스업"
036570,KOSPI,소프트웨어 개발 및 공급업
160550,KOSDAQ,"영화, 비디오물, 방송프로그램 제작 및 배급업"
053290,KOSDAQ,"서적, 잡지 및 기타 인쇄물 출판업"
181710,KOSPI,소프트웨어 개발 및 공급업
060250,KOSDAQ,금융 지원 서비스업
104200,KOSDAQ,기타 정보 서비스업
054050,KOSDAQ,작물 재배업
400760,KOSPI,부동산 임대 및 공급업
005940,KOSPI,금융 지원 서비스업
338100,KOSPI,부동산 임대 및 공급업
034310,KOSPI,회사 본부 및 경영 컨설팅 서비스업
063570,KOSDAQ,기타 사업지원 서비스업
030190,KOSPI,기타 정보 서비스업
008260,KOSPI,1차 철강 제조업
004250,KOSPI,플라스틱제품 제조업
456040,KOSPI,기초 화학물질 제조업
010060,KOSPI,기타 금융업
178920,KOSPI,플라스틱제품 제조업
001340,KOSPI,기초 화학물질 제조업
024940,KOSDAQ,생활용품 도매업
005490,KOSPI,1차 철강 제조업
332570,KOSDAQ,전자부품 제조업
218410,KOSDAQ,통신 및 방송 장비 제조업
327260,KOSDAQ,전자부품 제조업
474610,KOSDAQ,기타 금속 가공제품 제조업
091340,KOSDAQ,전자부품 제조업
010950,KOSPI,석유 정제품 제조업
419530,KOSDAQ,"영화, 비디오물, 방송프로그램 제작 및 배급업"
019550,KOSDAQ,신탁업 및 집합투자업
034120,KOSPI,텔레비전 방송업
003080,KOSPI,"비료, 농약 및 살균, 살충제 제조업"
246960,KOSDAQ,의료용품 및 기타 의약 관련제품 제조업
099220,KOSDAQ,기계장비 및 관련 물품 도매업
056190,KOSDAQ GLOBAL,특수 목적용 기계 제조업
222080,KOSDAQ GLOBAL,특수 목적용 기계 제조업
036540,KOSDAQ,반도체 제조업
255220,KOSDAQ,기타 비금속 광물제품 제조업
040610,KOSDAQ,자동차 신품 부품 제조업
184230,KOSDAQ,소프트웨어 개발 및 공급업
016250,KOSDAQ,건물 건설업
005090,KOSPI,전기업
001380,KOSPI,자동차 신품 부품 제조업
004060,KOSPI,상품 종합 도매업
001770,KOSPI,1차 철강 제조업
002360,KOSPI,기초 화학물질 제조업
009160,KOSPI,1차 철강 제조업
033530,KOSPI,자동차 신품 부품 제조업
123700,KOSPI,자동차 신품 부품 제조업
025530,KOSPI,자동차 부품 및 내장품 판매업
034730,KOSPI,기타 금융업
357880,KOSDAQ,소프트웨어 개발 및 공급업
011790,KOSPI,기타 화학제품 제조업
018670,KOSPI,기타 전문 도매업
001740,KOSPI,기타 전문 도매업
006120,KOSPI,기타 금융업
210980,KOSPI,부동산 임대 및 공급업
395400,KOSPI,부동산 임대 및 공급업
302440,KOSPI,기초 의약물질 제조업
326030,KOSPI,자연과학 및 공학 연구개발업
402340,KOSPI,기타 금융업
260870,KONEX,"전동기, 발전기 및 전기 변환 · 공급 · 제어 장치 제조업"
361610,KOSPI,일차전지 및 이차전지 제조업
100090,KOSPI,1차 철강 제조업
096770,KOSPI,석유 정제품 제조업
475150,KOSPI,건물 건설업
001510,KOSPI,금융 지원 서비스업
285130,KOSPI,합성고무 및 플라스틱 물질 제조업
017670,KOSPI,전기 통신업
000660,KOSPI,반도체 제조업
048550,KOSDAQ,광고업
063440,KOSDAQ,기록매체 복제업
003570,KOSPI,자동차 신품 부품 제조업
064960,KOSPI,자동차 신품 부품 제조업
100840,KOSPI,일반 목적용 기계 제조업
036530,KOSPI,기타 금융업
067160,KOSDAQ GLOBAL,소프트웨어 개발 및 공급업
000390,KOSPI,기타 화학제품 제조업
011810,KOSPI,상품 종합 도매업
465770,KOSPI,해상 운송업
077970,KOSPI,일반 목적용 기계 제조업
002820,KOSPI,플라스틱제품 제조업
289080,KOSDAQ,기타 금융업
002170,KOSPI,"가죽, 가방 및 유사제품 제조업"
041930,KOSDAQ,고무제품 제조업
084870,KOSPI,봉제의복 제조업
002710,KOSPI,1차 철강 제조업
089230,KOSDAQ,기타 정보 서비스업
032540,KOSDAQ,영상 및 음향기기 제조업
069260,KOSPI,기타 화학제품 제조업
007980,KOSPI,봉제의복 제조업
048770,KOSDAQ,일반 목적용 기계 제조업
246690,KOSDAQ,신탁업 및 집합투자업
317240,KOSDAQ,기타 화학제품 제조업
002900,KOSPI,특수 목적용 기계 제조업
024070,KOSPI,플라스틱제품 제조업
057030,KOSDAQ,교육지원 서비스업
037270,KOSPI,"자료처리, 호스팅, 포털 및 기타 인터넷 정보매개 서비스업"
040300,KOSDAQ,"영화, 비디오물, 방송프로그램 제작 및 배급업"
051390,KOSDAQ,상품 종합 도매업
052220,KOSDAQ,영상·오디오물 제공 서비스업
139130,KOSPI,기타 금융업
079940,KOSDAQ,소프트웨어 개발 및 공급업
078890,KOSDAQ,통신 및 방송 장비 제조업
000500,KOSPI,절연선 및 케이블 제조업
399720,KOSDAQ,반도체 제조업
296520,KONEX,생활용품 도매업
036620,KOSDAQ,기타 전문 도매업
000860,KOSPI,기타 화학제품 제조업
198440,KOSDAQ,"시멘트, 석회, 플라스터 및 그 제품 제조업"
217730,KOSDAQ,기초 의약물질 제조업
035250,KOSPI,유원지 및 기타 오락관련 서비스업
114190,KOSDAQ,기타 전기장비 제조업
094480,KOSDAQ,소프트웨어 개발 및 공급업
011420,KOSPI,스포츠 서비스업
039240,KOSDAQ,1차 철강 제조업
053950,KOSDAQ,의약품 제조업
002100,KOSPI,"비료, 농약 및 살균, 살충제 제조업"
009450,KOSPI,가정용 기기 제조업
267290,KOSPI,연료용 가스 제조 및 배관공급업
012320,KOSPI,기타 금융업
011040,KOSDAQ,의약품 제조업
000050,KOSPI,종합 소매업
214390,KOSPI,기초 의약물질 제조업
012610,KOSPI,기초 화학물질 제조업
009140,KOSPI,전자부품 제조업
024910,KOSDAQ,자동차 신품 부품 제조업
013580,KOSPI,토목 건설업
012200,KOSPI,일반 목적용 기계 제조업
002140,KOSPI,"곡물가공품, 전분 및 전분제품 제조업"
049720,KOSDAQ,기타 사업지원 서비스업
010130,KOSPI,1차 비철금속 제조업
002240,KOSPI,1차 철강 제조업
014570,KOSDAQ,의약품 제조업
348150,KOSDAQ,자연과학 및 공학 연구개발업
950190,KOSDAQ,소프트웨어 개발 및 공급업
098460,KOSDAQ,특수 목적용 기계 제조업
035290,KOSDAQ,"서적, 잡지 및 기타 인쇄물 출판업"
215000,KOSDAQ,소프트웨어 개발 및 공급업
121440,KOSDAQ,상품 중개업
009290,KOSPI,의약품 제조업
086220,KONEX,기타 식품 제조업
017040,KOSPI,"전동기, 발전기 및 전기 변환 · 공급 · 제어 장치 제조업"
029480,KOSDAQ,통신 및 방송 장비 제조업
017900,KOSPI,반도체 제조업
037710,KOSPI,종합 소매업
026910,KOSDAQ,1차 철강 제조업
465320,KOSDAQ,금융 지원 서비스업
482520,KOSDAQ,금융 지원 서비스업
489210,KOSDAQ,금융 지원 서비스업
0041B0,KOSDAQ,금융 지원 서비스업
0098T0,KOSDAQ,금융 지원 서비스업
0132G0,KOSDAQ,기타 금융업
030610,KOSPI,금융 지원 서비스업
339770,KOSPI,음·식료품 및 담배 도매업
053270,KOSDAQ,자동차 신품 부품 제조업
007690,KOSPI,기초 화학물질 제조업
066620,KOSDAQ,실내건축 및 건축마무리 공사업
043650,KOSDAQ,알코올음료 제조업
006050,KOSDAQ,유리 및 유리제품 제조업
060480,KOSDAQ,1차 비철금속 제조업
078130,KOSDAQ,기타 종이 및 판지 제품 제조업
307750,KOSDAQ,의약품 제조업
002720,KOSPI,의약품 제조업
035080,KOSDAQ,무점포 소매업
318060,KOSDAQ,합성고무 및 플라스틱 물질 제조업
453450,KOSDAQ,"그외 기타 전문, 과학 및 기술 서비스업"
204020,KOSDAQ,봉제의복 제조업
0015G0,KOSDAQ,사진장비 및 광학기기 제조업
402490,KOSDAQ,반도체 제조업
114450,KOSDAQ,기초 의약물질 제조업
083420,KOSPI,기타 화학제품 제조업
186230,KOSDAQ,1차 비철금속 제조업
014530,KOSPI,석유 정제품 제조업
900070,KOSDAQ,기타 금융업
204620,KOSDAQ,금융 지원 서비스업
019660,KOSDAQ,상품 종합 도매업
014280,KOSPI,1차 철강 제조업
053260,KOSDAQ,1차 철강 제조업
008870,KOSPI,유리 및 유리제품 제조업
001570,KOSPI,기초 화학물질 제조업
282720,KOSDAQ,전기 및 통신 공사업
002990,KOSPI,건물 건설업
011780,KOSPI,기초 화학물질 제조업
214330,KOSPI,자동차 신품 부품 제조업
001210,KOSPI,전구 및 조명장치 제조업
073240,KOSPI,고무제품 제조업
036190,KOSDAQ,전기 및 통신 공사업
049080,KOSDAQ,전자부품 제조업
420770,KOSDAQ,특수 목적용 기계 제조업
282620,KOSDAQ,봉제의복 제조업
035460,KOSDAQ,통신 및 방송 장비 제조업
092440,KOSPI,특수 목적용 기계 제조업
000270,KOSPI,자동차용 엔진 및 자동차 제조업
024110,KOSPI,은행 및 저축기관
013700,KOSPI,건물 건설업
004540,KOSPI,"펄프, 종이 및 판지 제조업"
407400,KOSDAQ,가구 제조업
187790,KOSDAQ,기초 화학물질 제조업
238540,KONEX,기타 화학제품 제조업
121600,KOSDAQ,기타 화학제품 제조업
286750,KOSDAQ,기초 화학물질 제조업
247660,KOSDAQ,전자부품 제조업
039860,KOSDAQ,의료용 기기 제조업
417010,KOSDAQ,일반 목적용 기계 제조업
244880,KONEX,의료용 기기 제조업
405920,KOSDAQ,음·식료품 및 담배 도매업
478340,KOSDAQ,"항공기,우주선 및 부품 제조업"
051490,KOSDAQ,특수 목적용 기계 제조업
137080,KOSDAQ,특수 목적용 기계 제조업
190510,KOSDAQ,전자부품 제조업
242040,KOSDAQ,소프트웨어 개발 및 공급업
293580,KOSDAQ,기타 금융업
459510,KOSDAQ,특수 목적용 기계 제조업
138610,KOSDAQ,의료용품 및 기타 의약 관련제품 제조업
130580,KOSDAQ,기타 사업지원 서비스업
036800,KOSDAQ,전기 통신업
366030,KOSDAQ,의복 액세서리 제조업
267320,KOSDAQ,특수 목적용 기계 제조업
001260,KOSPI,토목 건설업
008350,KOSPI,1차 비철금속 제조업
004270,KOSPI,기타 전문 도매업
003920,KOSPI,동·식물성 유지 및 낙농제품 제조업
025860,KOSPI,"비료, 농약 및 살균, 살충제 제조업"
111710,KOSDAQ,스포츠 서비스업
091590,KOSDAQ,건물 건설업
168330,KOSDAQ,자연과학 및 공학 연구개발업
094860,KOSDAQ,소프트웨어 개발 및 공급업
0218L0,KOSDAQ,영상 및 음향기기 제조업
253590,KOSDAQ,특수 목적용 기계 제조업
212560,KOSDAQ,자동차 신품 부품 제조업
095660,KOSDAQ,소프트웨어 개발 및 공급업
042420,KOSDAQ,소프트웨어 개발 및 공급업
950220,KOSDAQ,자연과학 및 공학 연구개발업
311390,KOSDAQ,기타 식품 제조업
085910,KOSDAQ,자동차 신품 부품 제조업
092730,KOSDAQ,기타 화학제품 제조업
153460,KOSDAQ,소프트웨어 개발 및 공급업
007390,KOSDAQ,기초 의약물질 제조업
033640,KOSDAQ,반도체 제조업
330860,KOSDAQ,"그외 기타 전문, 과학 및 기술 서비스업"
351320,KOSDAQ,특수 목적용 기계 제조업
005720,KOSPI,고무제품 제조업
002350,KOSPI,고무제품 제조업
089140,KOSDAQ,특수 목적용 기계 제조업
389650,KOSDAQ,의료용 기기 제조업
137940,KOSDAQ,"측정, 시험, 항해, 제어 및 기타 정밀기기 제조업; 광학기기 제외"
396270,KOSDAQ,반도체 제조업
348210,KOSDAQ,특수 목적용 기계 제조업
092790,KOSPI,1차 철강 제조업
225570,KOSDAQ,소프트웨어 개발 및 공급업
205500,KOSDAQ,소프트웨어 개발 및 공급업
217270,KOSDAQ,소프트웨어 개발 및 공급업
251270,KOSPI,소프트웨어 개발 및 공급업
317860,KONEX,기타 화학제품 제조업
104620,KOSDAQ,여행사 및 기타 여행보조 서비스업
090350,KOSPI,기타 화학제품 제조업
000320,KOSPI,기타 금융업
473980,KOSDAQ,창작 및 예술관련 서비스업
194700,KOSDAQ,기타 식품 제조업
285490,KOSDAQ,그외 기타 제품 제조업
145170,KOSDAQ,편조의복 제조업
229500,KONEX,자연과학 및 공학 연구개발업
376930,KOSDAQ,의료용 기기 제조업
486990,KOSDAQ,소프트웨어 개발 및 공급업
006280,KOSPI,의약품 제조업
142280,KOSDAQ,의료용품 및 기타 의약 관련제품 제조업
234690,KOSDAQ,의약품 제조업
005250,KOSPI,회사 본부 및 경영 컨설팅 서비스업
004370,KOSPI,기타 식품 제조업
072710,KOSPI,기타 금융업
069140,KOSDAQ,"구조용 금속제품, 탱크 및 증기발생기 제조업"
040160,KOSDAQ,소프트웨어 개발 및 공급업
332290,KOSDAQ,"비료, 농약 및 살균, 살충제 제조업"
348340,KOSDAQ,특수 목적용 기계 제조업
380550,KOSDAQ,소프트웨어 개발 및 공급업
060260,KOSDAQ,플라스틱제품 제조업
463020,KOSDAQ,소프트웨어 개발 및 공급업
123840,KOSDAQ,기타 식품 제조업
012340,KOSDAQ,자동차 신품 부품 제조업
462310,KOSDAQ,봉제의복 제조업
270870,KOSDAQ,기타 식품 제조업
144960,KOSDAQ,특수 목적용 기계 제조업
085670,KOSDAQ,전자부품 제조업
417030,KOSDAQ,소프트웨어 개발 및 공급업
064260,KOSDAQ,소프트웨어 개발 및 공급업
340360,KOSDAQ,통신 및 방송 장비 제조업
039560,KOSDAQ,통신 및 방송 장비 제조업
208860,KOSDAQ,소프트웨어 개발 및 공급업
154040,KOSDAQ,전자부품 제조업
058730,KOSPI,"구조용 금속제품, 탱크 및 증기발생기 제조업"
030210,KOSPI,금융 지원 서비스업
023590,KOSPI,"자료처리, 호스팅, 포털 및 기타 인터넷 정보매개 서비스업"
032190,KOSDAQ,기계장비 및 관련 물품 도매업
323350,KOSDAQ,특수 목적용 기계 제조업
068240,KOSDAQ,"전동기, 발전기 및 전기 변환 · 공급 · 제어 장치 제조업"
145210,KOSPI,특수 목적용 기계 제조업
290660,KOSDAQ,의료용 기기 제조업
483650,KOSPI,기타 화학제품 제조업
464580,KOSDAQ,"영화, 비디오물, 방송프로그램 제작 및 배급업"
019680,KOSPI,초등 교육기관
006370,KOSPI,종합 소매업
008060,KOSPI,기타 금융업
353200,KOSPI,전자부품 제조업
000490,KOSPI,특수 목적용 기계 제조업
178600,KONEX,기타 식품 제조업
020400,KOSDAQ,금속 주조업
008830,KOSDAQ,특수 목적용 기계 제조업
048470,KOSDAQ,기타 전문 도매업
004780,KOSDAQ,기타 금속 가공제품 제조업
005750,KOSPI,"내화, 비내화 요업제품 제조업"
017650,KOSDAQ,기타 종이 및 판지 제품 제조업
006570,KOSPI,기타 금속 가공제품 제조업
389260,KOSDAQ,건물 건설업
317850,KOSDAQ,특수 목적용 기계 제조업
290670,KOSDAQ,기타 전기장비 제조업
078140,KOSDAQ,의약품 제조업
065150,KOSDAQ,음·식료품 및 담배 도매업
001680,KOSPI,기타 식품 제조업
084690,KOSPI,기타 금융업
036480,KOSDAQ,의약품 제조업
128820,KOSPI,연료 소매업
117580,KOSPI,연료용 가스 제조 및 배관공급업
027830,KOSDAQ,신탁업 및 집합투자업
129920,KOSDAQ,특수 목적용 기계 제조업
016710,KOSPI,회사 본부 및 경영 컨설팅 서비스업
471050,KOSDAQ,금융 지원 서비스업
482690,KOSDAQ,금융 지원 서비스업
0134X0,KOSDAQ,금융 지원 서비스업
0030R0,KOSPI,신탁업 및 집합투자업
020180,KOSDAQ,"컴퓨터 프로그래밍, 시스템 통합 및 관리업"
003540,KOSPI,금융 지원 서비스업
045390,KOSDAQ,기타 전기장비 제조업
009190,KOSPI,1차 철강 제조업
108380,KOSDAQ,선박 및 보트 건조업
014160,KOSPI,"골판지, 종이 상자 및 종이용기 제조업"
047040,KOSPI,건물 건설업
003090,KOSPI,의약품 제조업
069620,KOSPI,의약품 제조업
007680,KOSDAQ,건물 건설업
000430,KOSPI,자동차 신품 부품 제조업
048910,KOSDAQ,기타 전문 도매업
005710,KOSDAQ,자동차 신품 부품 제조업
006340,KOSPI,절연선 및 케이블 제조업
003220,KOSPI,의약품 제조업
024890,KOSPI,플라스틱제품 제조업
120240,KOSDAQ,기초 화학물질 제조업
003310,KOSDAQ,동물용 사료 및 조제식품 제조업
114920,KONEX,1차 철강 제조업
078600,KOSDAQ,전자부품 제조업
393970,KOSDAQ,플라스틱제품 제조업
012800,KOSPI,1차 비철금속 제조업
015230,KOSPI,자동차 신품 부품 제조업
096350,KOSDAQ,"구조용 금속제품, 탱크 및 증기발생기 제조업"
140520,KOSDAQ,1차 철강 제조업
131220,KOSDAQ,기계장비 및 관련 물품 도매업
010170,KOSDAQ,절연선 및 케이블 제조업
054670,KOSDAQ,의약품 제조업
001070,KOSPI,직물직조 및 직물제품 제조업
023910,KOSDAQ,의약품 제조업
006650,KOSPI,기초 화학물질 제조업
001440,KOSPI,절연선 및 케이블 제조업
084010,KOSPI,1차 철강 제조업
001790,KOSPI,"곡물가공품, 전분 및 전분제품 제조업"
001130,KOSPI,"곡물가공품, 전분 및 전분제품 제조업"
439260,KOSPI,선박 및 보트 건조업
003490,KOSPI,항공 여객 운송업
005880,KOSPI,해상 운송업
003830,KOSPI,화학섬유 제조업
016090,KOSPI,봉제의복 제조업
069460,KOSPI,1차 비철금속 제조업
021040,KOSDAQ,1차 철강 제조업
067080,KOSDAQ,의약품 제조업
298540,KOSDAQ,의복 액세서리 제조업
032860,KOSDAQ,"해체, 선별 및 원료 재생업"
475560,KOSPI,상품 종합 도매업
192080,KOSPI,소프트웨어 개발 및 공급업
393890,KOSDAQ,일차전지 및 이차전지 제조업
299170,KOSDAQ,생활용품 도매업
462860,KOSDAQ,전기 통신업
224060,KOSDAQ,전자부품 제조업
302920,KONEX,"영화, 비디오물, 방송프로그램 제작 및 배급업"
403850,KOSDAQ,"영화, 비디오물, 방송프로그램 제작 및 배급업"
213420,KOSDAQ,전자부품 제조업
317330,KOSDAQ,기타 화학제품 제조업
077360,KOSDAQ,반도체 제조업
004830,KOSPI,플라스틱제품 제조업
090410,KOSDAQ,"구조용 금속제품, 탱크 및 증기발생기 제조업"
0001A0,KOSDAQ,연료용 가스 제조 및 배관공급업
263600,KOSDAQ,전자부품 제조업
194480,KOSDAQ,소프트웨어 개발 및 공급업
373160,KOSDAQ,기타 교육기관
263800,KOSDAQ,기계장비 및 관련 물품 도매업
199150,KONEX,소프트웨어 개발 및 공급업
206560,KOSDAQ,"영화, 비디오물, 방송프로그램 제작 및 배급업"
261200,KOSDAQ,의료용 기기 제조업
145720,KOSPI,의료용 기기 제조업
227420,KONEX,직물직조 및 직물제품 제조업
484120,KOSDAQ,전자부품 제조업
067990,KOSDAQ,자동차 판매업
002150,KOSPI,"건축기술, 엔지니어링 및 관련 기술 서비스업"
006620,KOSDAQ,의약품 제조업
100130,KOSDAQ,"구조용 금속제품, 탱크 및 증기발생기 제조업"
005160,KOSDAQ,1차 철강 제조업
303810,KOSDAQ,의약품 제조업
460850,KOSPI,1차 철강 제조업
075970,KOSDAQ,기타 비금속 광물제품 제조업
460860,KOSPI,1차 철강 제조업
086450,KOSDAQ GLOBAL,의약품 제조업
001230,KOSPI,기타 금융업
023450,KOSPI,기초 화학물질 제조업
004140,KOSPI,기타 운송관련 서비스업
240550,KOSDAQ,의료용 기기 제조업
099410,KOSDAQ,선박 및 보트 건조업
007590,KOSPI,"비료, 농약 및 살균, 살충제 제조업"
005960,KOSPI,토목 건설업
026960,KOSPI,음·식료품 및 담배 도매업
002210,KOSPI,의약품 제조업
102260,KOSPI,합성고무 및 플라스틱 물질 제조업
033500,KOSDAQ,기초 화학물질 제조업
025950,KOSDAQ,토목 건설업
000640,KOSPI,기타 금융업
170900,KOSPI,의약품 제조업
088130,KOSDAQ,특수 목적용 기계 제조업
028100,KOSPI,기반조성 및 시설물 축조관련 전문공사업
001520,KOSPI,"시멘트, 석회, 플라스터 및 그 제품 제조업"
084670,KOSPI,육상 여객 운송업
082640,KOSPI,보험업
060380,KOSDAQ,1차 철강 제조업
079960,KOSDAQ,"전동기, 발전기 및 전기 변환 · 공급 · 제어 장치 제조업"
228340,KOSDAQ,"시멘트, 석회, 플라스터 및 그 제품 제조업"
088910,KOSDAQ,"도축, 육류 가공 및 저장 처리업"
094170,KOSDAQ,반도체 제조업
013120,KOSDAQ,건물 건설업
018500,KOSPI,자동차 신품 부품 제조업
006040,KOSPI,기타 금융업
030720,KOSPI,어로 어업
014820,KOSPI,플라스틱제품 제조업
111380,KOSPI,"가죽, 가방 및 유사제품 제조업"
163560,KOSPI,고무제품 제조업
109860,KOSDAQ,금속 주조업
032960,KOSDAQ,전자부품 제조업
004890,KOSPI,1차 철강 제조업
023790,KOSDAQ,1차 철강 제조업
002690,KOSPI,1차 철강 제조업
005290,KOSDAQ,기초 화학물질 제조업
025900,KOSDAQ,나무제품 제조업
000020,KOSPI,의약품 제조업
000150,KOSPI,전자부품 제조업
454910,KOSPI,특수 목적용 기계 제조업
241560,KOSPI,특수 목적용 기계 제조업
034020,KOSPI,일반 목적용 기계 제조업
131970,KOSDAQ GLOBAL,"그외 기타 전문, 과학 및 기술 서비스업"
336260,KOSPI,"전동기, 발전기 및 전기 변환 · 공급 · 제어 장치 제조업"
016740,KOSPI,자동차 신품 부품 제조업
073190,KOSDAQ,가구 제조업
176750,KOSDAQ,의약품 제조업
030350,KOSDAQ,소프트웨어 개발 및 공급업
203650,KOSDAQ,소프트웨어 개발 및 공급업
223250,KOSDAQ,자연과학 및 공학 연구개발업
060570,KOSDAQ,영상·오디오물 제공 서비스업
362990,KOSDAQ,광고업
192650,KOSPI,전자부품 제조업
016670,KOSDAQ,기타 전문 도매업
187870,KOSDAQ,특수 목적용 기계 제조업
489730,KOSDAQ,기타 금융업
0004Y0,KOSDAQ,기타 금융업
024090,KOSPI,1차 철강 제조업
003160,KOSPI,"측정, 시험, 항해, 제어 및 기타 정밀기기 제조업; 광학기기 제외"
092200,KOSPI,자동차 신품 부품 제조업
110990,KOSDAQ,특수 목적용 기계 제조업
263690,KOSDAQ,의료용 기기 제조업
214680,KOSDAQ,의료용 기기 제조업
347850,KOSDAQ,자연과학 및 공학 연구개발업
377190,KOSPI,부동산 임대 및 공급업
263720,KOSDAQ,"서적, 잡지 및 기타 인쇄물 출판업"
376300,KOSDAQ,소프트웨어 개발 및 공급업
104040,KOSDAQ,자동차 신품 부품 제조업
109740,KOSDAQ,특수 목적용 기계 제조업
031860,KOSDAQ,상품 종합 도매업
196490,KOSDAQ,특수 목적용 기계 제조업
066900,KOSDAQ,전자부품 제조업
092070,KOSDAQ,기타 화학제품 제조업
039840,KOSDAQ,의료용 기기 제조업
013570,KOSPI,기타 금융업
024900,KOSPI,자동차 신품 부품 제조업
219550,KOSDAQ,생활용품 도매업
310870,KOSDAQ,자동차 신품 부품 제조업
002880,KOSPI,자동차 신품 부품 제조업
210540,KOSPI,특수 목적용 기계 제조업
104460,KOSDAQ,일반 목적용 기계 제조업
113810,KOSDAQ,자동차 신품 부품 제조업
043360,KOSDAQ,컴퓨터 및 주변장치 제조업
197140,KOSDAQ,소프트웨어 개발 및 공급업
068930,KOSDAQ,일반 교습 학원
033130,KOSDAQ,"자료처리, 호스팅, 포털 및 기타 인터넷 정보매개 서비스업"
105740,KOSDAQ,일반 목적용 기계 제조업
263020,KOSDAQ,플라스틱제품 제조업
290550,KOSDAQ,전자부품 제조업
066670,KOSDAQ,부동산 임대 및 공급업
187220,KOSDAQ,기타 과학기술 서비스업
383930,KOSDAQ,자연과학 및 공학 연구개발업
131180,KOSDAQ,컴퓨터 및 주변장치 제조업
483350,KOSDAQ,무점포 소매업
315640,KOSDAQ,소프트웨어 개발 및 공급업
900110,KOSDAQ,기타 금융업
317120,KOSDAQ,반도체 제조업
462510,KOSDAQ,의료용 기기 제조업
232680,KOSDAQ,특수 목적용 기계 제조업
042510,KOSDAQ,소프트웨어 개발 및 공급업
418420,KOSDAQ,전자부품 제조업
300120,KOSDAQ,소프트웨어 개발 및 공급업
171120,KOSDAQ,기타 화학제품 제조업
388790,KOSDAQ,통신 및 방송 장비 제조업
214260,KOSDAQ,기타 화학제품 제조업
403360,KONEX,소프트웨어 개발 및 공급업
171010,KOSDAQ,기초 화학물질 제조업
084650,KOSDAQ,자연과학 및 공학 연구개발업
217500,KOSDAQ,특수 목적용 기계 제조업
092590,KONEX,반도체 제조업
266170,KONEX,"영화, 비디오물, 방송프로그램 제작 및 배급업"
038390,KOSDAQ,여행사 및 기타 여행보조 서비스업
387690,KOSDAQ,의료용 기기 제조업
294140,KOSDAQ,화학섬유 제조업
365660,KOSDAQ,소프트웨어 개발 및 공급업
443250,KOSDAQ,광고업
228670,KOSDAQ,의료용 기기 제조업
228850,KOSDAQ,의료용 기기 제조업
412350,KOSDAQ,특수 목적용 기계 제조업
199550,KOSDAQ,의료용 기기 제조업
281740,KOSDAQ,기타 화학제품 제조업
277810,KOSDAQ,특수 목적용 기계 제조업
215100,KOSDAQ,기타 전기장비 제조업
090360,KOSDAQ,특수 목적용 기계 제조업
108490,KOSDAQ,특수 목적용 기계 제조업
900260,KOSDAQ,기타 금융업
033290,KOSDAQ,"섬유, 의복, 신발 및 가죽제품 소매업"
223220,KONEX,기타 운송관련 서비스업
067730,KOSDAQ,"컴퓨터 프로그래밍, 시스템 통합 및 관리업"
071280,KOSDAQ,특수 목적용 기계 제조업
376900,KOSDAQ,의료용품 및 기타 의약 관련제품 제조업
214610,KOSDAQ,의료용 기기 제조업
032350,KOSPI,여행사 및 기타 여행보조 서비스업
089860,KOSPI,운송장비 임대업
330590,KOSPI,부동산 임대 및 공급업
000400,KOSPI,보험업
023530,KOSPI,종합 소매업
020150,KOSPI,전자부품 제조업
280360,KOSPI,기타 식품 제조업
286940,KOSPI,"컴퓨터 프로그래밍, 시스템 통합 및 관리업"
004000,KOSPI,기초 화학물질 제조업
004990,KOSPI,기타 금융업
005300,KOSPI,비알코올음료 및 얼음 제조업
011170,KOSPI,기초 화학물질 제조업
071840,KOSPI,가전제품 및 정보통신장비 소매업
328130,KOSDAQ,소프트웨어 개발 및 공급업
038060,KOSDAQ,반도체 제조업
474170,KOSDAQ,"항공기,우주선 및 부품 제조업"
162120,KONEX,기타 전기장비 제조업
195990,KOSDAQ,특수 목적용 기계 제조업
253610,KONEX,기타 전문 도매업
141080,KOSDAQ GLOBAL,자연과학 및 공학 연구개발업
058470,KOSDAQ GLOBAL,전자부품 제조업
016100,KOSDAQ,"골판지, 종이 상자 및 종이용기 제조업"
012700,KOSDAQ,기타 전문 도매업
302550,KOSDAQ,의료용 기기 제조업
491000,KOSDAQ,의료용 기기 제조업
394420,KOSDAQ,의료용 기기 제조업
073570,KOSDAQ,그외 기타 제품 제조업
377450,KOSDAQ,기타 정보 서비스업
277070,KOSDAQ,신탁업 및 집합투자업
042500,KOSDAQ,"컴퓨터 프로그래밍, 시스템 통합 및 관리업"
193250,KOSDAQ,전자부품 제조업
474650,KOSDAQ,특수 목적용 기계 제조업
219420,KOSDAQ,소프트웨어 개발 및 공급업
439090,KOSDAQ,기타 화학제품 제조업
027740,KOSPI,"도축, 육류 가공 및 저장 처리업"
195500,KOSDAQ,"도축, 육류 가공 및 저장 처리업"
357430,KOSPI,부동산 임대 및 공급업
377480,KOSDAQ,소프트웨어 개발 및 공급업
305090,KOSDAQ,의료용 기기 제조업
448780,KONEX,의료용 기기 제조업
098120,KOSDAQ,전자부품 제조업
424980,KOSDAQ,반도체 제조업
038290,KOSDAQ,"그외 기타 전문, 과학 및 기술 서비스업"
477850,KOSDAQ,소프트웨어 개발 및 공급업
001080,KOSPI,1차 철강 제조업
0039P0,KOSDAQ,광고업
267980,KOSDAQ,동·식물성 유지 및 낙농제품 제조업
005990,KOSDAQ,동·식물성 유지 및 낙농제품 제조업
093520,KOSDAQ,기계장비 및 관련 물품 도매업
088980,KOSPI,신탁업 및 집합투자업
094800,KOSPI,신탁업 및 집합투자업
179720,KONEX,기타 금융업
100590,KOSDAQ,통신 및 방송 장비 제조업
067280,KOSDAQ,기타 교육기관
072870,KOSDAQ,"서적, 잡지 및 기타 인쇄물 출판업"
215200,KOSDAQ,일반 교습 학원
133750,KOSDAQ,일반 교습 학원
446540,KOSDAQ,일차전지 및 이차전지 제조업
235980,KOSDAQ,자연과학 및 공학 연구개발업
200580,KONEX,의료용 기기 제조업
041920,KOSDAQ,의료용 기기 제조업
233250,KONEX,의료용품 및 기타 의약 관련제품 제조업
014100,KOSDAQ,상품 종합 도매업
236340,KONEX,자연과학 및 공학 연구개발업
054180,KOSDAQ,선박 및 보트 건조업
086900,KOSDAQ,기초 의약물질 제조업
078160,KOSDAQ,기초 의약물질 제조업
138040,KOSPI,기타 금융업
0088D0,KOSDAQ,금융 지원 서비스업
0165X0,KOSDAQ,금융 지원 서비스업
408920,KOSDAQ,기타 사업지원 서비스업
021880,KOSDAQ,기타 금융업
0088M0,KOSDAQ,의료용 기기 제조업
140410,KOSDAQ,자연과학 및 공학 연구개발업
241770,KOSDAQ,반도체 제조업
090370,KOSPI,봉제의복 제조업
059210,KOSDAQ,의료용품 및 기타 의약 관련제품 제조업
118000,KOSPI,기계장비 및 관련 물품 도매업
058110,KOSDAQ,의료용 기기 제조업
072770,KOSDAQ,"컴퓨터 프로그래밍, 시스템 통합 및 관리업"
017180,KOSPI,의약품 제조업
009900,KOSPI,자동차 신품 부품 제조업
317450,KOSPI,의약품 제조업
012690,KOSPI,기타 종이 및 판지 제품 제조업
005360,KOSPI,생활용품 도매업
070960,KOSPI,일반 및 생활 숙박시설 운영업
434480,KOSDAQ,소프트웨어 개발 및 공급업
080420,KOSDAQ,"섬유, 의복, 신발 및 가죽제품 소매업"
417970,KOSDAQ,특수 목적용 기계 제조업
080160,KOSDAQ,여행사 및 기타 여행보조 서비스업
087260,KOSDAQ,소프트웨어 개발 및 공급업
101330,KOSDAQ,통신 및 방송 장비 제조업
012860,KOSDAQ,자동차 신품 부품 제조업
363260,KOSDAQ,광고업
348030,KOSDAQ,소프트웨어 개발 및 공급업
250060,KOSDAQ,"컴퓨터 프로그래밍, 시스템 통합 및 관리업"
288980,KOSDAQ,소프트웨어 개발 및 공급업
142760,KOSDAQ,자연과학 및 공학 연구개발업
033200,KOSDAQ,전자부품 제조업
009680,KOSPI,자동차 신품 부품 제조업
118990,KOSDAQ,자동차 신품 부품 제조업
463480,KOSDAQ,전자부품 제조업
006920,KOSDAQ,"시멘트, 석회, 플라스터 및 그 제품 제조업"
009580,KOSPI,"펄프, 종이 및 판지 제조업"
001810,KOSDAQ,"펄프, 종이 및 판지 제조업"
009200,KOSPI,"펄프, 종이 및 판지 제조업"
322970,KONEX,자연과학 및 공학 연구개발업
033920,KOSPI,알코올음료 제조업
008420,KOSPI,1차 철강 제조업
279600,KOSDAQ,소프트웨어 개발 및 공급업
095500,KOSDAQ,플라스틱제품 제조업
254490,KOSDAQ,기타 전문 도매업
025560,KOSPI,"측정, 시험, 항해, 제어 및 기타 정밀기기 제조업; 광학기기 제외"
218150,KOSDAQ,동물용 사료 및 조제식품 제조업
007120,KOSPI,"컴퓨터 프로그래밍, 시스템 통합 및 관리업"
396690,KOSPI,부동산 임대 및 공급업
357250,KOSPI,부동산 임대 및 공급업
100790,KOSDAQ,기타 금융업
0097F0,KOSDAQ,금융 지원 서비스업
0099W0,KOSDAQ,금융 지원 서비스업
477380,KOSDAQ,금융 지원 서비스업
477470,KOSDAQ,금융 지원 서비스업
478440,KOSDAQ,금융 지원 서비스업
482680,KOSDAQ,금융 지원 서비스업
0093G0,KOSDAQ,금융 지원 서비스업
0096D0,KOSDAQ,금융 지원 서비스업
085620,KOSPI,보험업
006800,KOSPI,금융 지원 서비스업
208890,KONEX,교육지원 서비스업
049950,KOSDAQ,특수 목적용 기계 제조업
207760,KOSDAQ,기타 정보 서비스업
081660,KOSPI,생활용품 도매업
002840,KOSPI,기타 화학제품 제조업
268280,KOSPI,기초 화학물질 제조업
107590,KOSPI,기타 금융업
134380,KOSPI,기타 화학제품 제조업
351020,KONEX,봉제의복 제조업
003650,KOSPI,석유 정제품 제조업
059090,KOSDAQ,반도체 제조업
201490,KOSDAQ,소프트웨어 개발 및 공급업
475460,KOSDAQ,기타 정보 서비스업
452200,KOSDAQ,"측정, 시험, 항해, 제어 및 기타 정밀기기 제조업; 광학기기 제외"
206640,KOSDAQ,의료용품 및 기타 의약 관련제품 제조업
035620,KOSDAQ,"영화, 비디오물, 방송프로그램 제작 및 배급업"
354390,KONEX,의약품 제조업
053030,KOSDAQ,의약품 제조업
301300,KOSDAQ,소프트웨어 개발 및 공급업
377740,KOSPI,의료용품 및 기타 의약 관련제품 제조업
064550,KOSDAQ,의료용품 및 기타 의약 관련제품 제조업
314930,KOSDAQ,의료용 기기 제조업
489460,KOSDAQ,기타 화학제품 제조업
086820,KOSDAQ,기초 의약물질 제조업
038460,KOSDAQ,전자부품 제조업
251120,KOSDAQ,기초 의약물질 제조업
199730,KOSDAQ,자연과학 및 공학 연구개발업
266470,KONEX,자연과학 및 공학 연구개발업
289170,KONEX,기타 식품 제조업
086040,KOSDAQ,자연과학 및 공학 연구개발업
188040,KOSDAQ,기타 식품 제조업
199290,KONEX,의료용 기기 제조업
099430,KOSDAQ,기초 의약물질 제조업
308080,KOSDAQ,자연과학 및 공학 연구개발업
043150,KOSDAQ,의료용 기기 제조업
323990,KOSDAQ,자연과학 및 공학 연구개발업
003610,KOSPI,직물직조 및 직물제품 제조업
267790,KOSDAQ,봉제의복 제조업
046310,KOSDAQ,통신 및 방송 장비 제조업
035150,KOSPI,플라스틱제품 제조업
331520,KOSDAQ,소프트웨어 개발 및 공급업
199480,KOSDAQ,소프트웨어 개발 및 공급업
438700,KOSDAQ,소프트웨어 개발 및 공급업
066410,KOSDAQ,전기 통신업
002410,KOSPI,건물 건설업
382900,KOSDAQ,"전동기, 발전기 및 전기 변환 · 공급 · 제어 장치 제조업"
206400,KOSDAQ,실내건축 및 건축마무리 공사업
019010,KOSDAQ,종합 소매업
177350,KOSDAQ,플라스틱제품 제조업
457600,KOSDAQ,영상 및 음향기기 제조업
424760,KOSDAQ,"컴퓨터 프로그래밍, 시스템 통합 및 관리업"
007210,KOSPI,기타 비금속 광물제품 제조업
250000,KOSDAQ,음·식료품 및 담배 도매업
002760,KOSPI,기타 화학제품 제조업
003850,KOSPI,의약품 제조업
310210,KOSDAQ,자연과학 및 공학 연구개발업
006910,KOSDAQ,"구조용 금속제품, 탱크 및 증기발생기 제조업"
0010F0,KOSDAQ,플라스틱제품 제조업
000890,KOSPI,알코올음료 제조업
226340,KOSDAQ,기타 화학제품 제조업
496320,KONEX,특수 목적용 기계 제조업
206950,KONEX,운동 및 경기용구 제조업
003000,KOSPI,의약품 제조업
001270,KOSPI,금융 지원 서비스업
026940,KOSPI,1차 철강 제조업
014470,KOSDAQ,부동산 임대 및 공급업
011390,KOSPI,"시멘트, 석회, 플라스터 및 그 제품 제조업"
005030,KOSPI,자동차 신품 부품 제조업
008470,KOSDAQ,"구조용 금속제품, 탱크 및 증기발생기 제조업"
338220,KOSDAQ,소프트웨어 개발 및 공급업
100120,KOSDAQ,의료용 기기 제조업
406820,KOSDAQ,기타 화학제품 제조업
099390,KOSDAQ,소프트웨어 개발 및 공급업
064480,KOSDAQ,소프트웨어 개발 및 공급업
365900,KOSDAQ,운동 및 경기용구 제조업
089970,KOSDAQ,특수 목적용 기계 제조업
251630,KOSDAQ,특수 목적용 기계 제조업
018290,KOSDAQ,기타 화학제품 제조업
478560,KOSDAQ,신발 및 신발 부분품 제조업
006740,KOSPI,"골판지, 종이 상자 및 종이용기 제조업"
439580,KOSDAQ,기타 전문 도매업
033560,KOSDAQ,영상 및 음향기기 제조업
191600,KONEX,전자부품 제조업
369370,KOSDAQ,창작 및 예술관련 서비스업
126340,KOSDAQ,일차전지 및 이차전지 제조업
121800,KOSDAQ,통신 및 방송 장비 제조업
082800,KOSDAQ,의약품 제조업
318410,KOSDAQ,기타 화학제품 제조업
002070,KOSPI,봉제의복 제조업
100220,KOSPI,"서적, 잡지 및 기타 인쇄물 출판업"
419540,KOSDAQ,의료용 기기 제조업
146320,KOSDAQ,반도체 제조업
200780,KOSDAQ,의약품 제조업
413640,KOSDAQ,소프트웨어 개발 및 공급업
141000,KOSDAQ,특수 목적용 기계 제조업
090460,KOSPI,전자부품 제조업
083650,KOSDAQ,일반 목적용 기계 제조업
0068Y0,KOSDAQ,금융 지원 서비스업
065170,KOSDAQ,음·식료품 및 담배 도매업
086670,KOSDAQ,일반 목적용 기계 제조업
488900,KOSDAQ,"항공기,우주선 및 부품 제조업"
082920,KOSDAQ GLOBAL,일차전지 및 이차전지 제조업
054220,KOSDAQ,"전동기, 발전기 및 전기 변환 · 공급 · 제어 장치 제조업"
042370,KOSDAQ,기타 금융업
050090,KOSDAQ,광고업
148780,KOSDAQ,소프트웨어 개발 및 공급업
307870,KOSDAQ,소프트웨어 개발 및 공급업
377030,KOSDAQ,소프트웨어 개발 및 공급업
032850,KOSDAQ,소프트웨어 개발 및 공급업
049470,KOSDAQ,소프트웨어 개발 및 공급업
238200,KOSDAQ,기타 식품 제조업
093190,KOSDAQ,컴퓨터 및 주변장치 제조업
065450,KOSDAQ,"측정, 시험, 항해, 제어 및 기타 정밀기기 제조업; 광학기기 제외"
044480,KOSDAQ,창작 및 예술관련 서비스업
005180,KOSPI,동·식물성 유지 및 낙농제품 제조업
069540,KOSDAQ,통신 및 방송 장비 제조업
072950,KOSDAQ,전자부품 제조업
451250,KOSDAQ,기타 화학제품 제조업
143240,KOSDAQ,"자료처리, 호스팅, 포털 및 기타 인터넷 정보매개 서비스업"
466410,KOSDAQ,소프트웨어 개발 및 공급업
003960,KOSPI,수산물 가공 및 저장 처리업
008040,KOSPI,"곡물가공품, 전분 및 전분제품 제조업"
007160,KOSPI,수산물 가공 및 저장 처리업
014710,KOSPI,수산물 가공 및 저장 처리업
006090,KOSPI,수산물 가공 및 저장 처리업
223310,KOSDAQ,상품 종합 도매업
452430,KOSDAQ,반도체 제조업
419120,KOSDAQ,소프트웨어 개발 및 공급업
062040,KOSPI,"전동기, 발전기 및 전기 변환 · 공급 · 제어 장치 제조업"
122350,KOSDAQ,자동차 신품 부품 제조업
419050,KOSDAQ,자동차 신품 부품 제조업
014970,KOSDAQ,"골판지, 종이 상자 및 종이용기 제조업"
005610,KOSPI,기타 식품 제조업
018310,KOSDAQ,"구조용 금속제품, 탱크 및 증기발생기 제조업"
012210,KOSDAQ,기타 금속 가공제품 제조업
053700,KOSDAQ,자동차 신품 부품 제조업
009620,KOSDAQ,1차 비철금속 제조업
023600,KOSDAQ,"펄프, 종이 및 판지 제조업"
001470,KOSPI,토목 건설업
028050,KOSPI,"건축기술, 엔지니어링 및 관련 기술 서비스업"
448730,KOSPI,부동산 임대 및 공급업
006400,KOSPI,일차전지 및 이차전지 제조업
006660,KOSPI,자동차 신품 부품 제조업
028260,KOSPI,기타 전문 도매업
207940,KOSPI,기초 의약물질 제조업
032830,KOSPI,보험업
0044K0,KOSDAQ,금융 지원 서비스업
0071M0,KOSDAQ,금융 지원 서비스업
0096B0,KOSDAQ,기타 금융업
0115H0,KOSDAQ,금융 지원 서비스업
018260,KOSPI,"컴퓨터 프로그래밍, 시스템 통합 및 관리업"
0126Z0,KOSPI,기타 금융업
009150,KOSPI,전자부품 제조업
005930,KOSPI,통신 및 방송 장비 제조업
001360,KOSPI,의약품 제조업
010140,KOSPI,선박 및 보트 건조업
016360,KOSPI,금융 지원 서비스업
068290,KOSPI,"서적, 잡지 및 기타 인쇄물 출판업"
029780,KOSPI,기타 금융업
000810,KOSPI,보험업
006110,KOSPI,1차 비철금속 제조업
009300,KOSDAQ,의약품 제조업
0120G0,KOSPI,의약품 제조업
145990,KOSPI,기타 식품 제조업
003230,KOSPI,기타 식품 제조업
482630,KOSDAQ,기타 화학제품 제조업
484590,KOSDAQ,무기 및 총포탄 제조업
036670,KOSDAQ,기타 화학제품 제조업
272550,KOSPI,플라스틱제품 제조업
000070,KOSPI,기타 금융업
003720,KOSPI,플라스틱제품 제조업
002810,KOSPI,기타 전문 도매업
361670,KOSDAQ,전자부품 제조업
054540,KOSDAQ,"구조용 금속제품, 탱크 및 증기발생기 제조업"
065570,KOSDAQ,통신 및 방송 장비 제조업
005680,KOSPI,전자부품 제조업
023000,KOSPI,자동차 신품 부품 제조업
004380,KOSPI,일반 목적용 기계 제조업
002450,KOSPI,악기 제조업
014950,KOSDAQ,의약품 제조업
032280,KOSDAQ,도로 화물 운송업
002290,KOSDAQ,건물 건설업
004440,KOSPI,"시멘트, 석회, 플라스터 및 그 제품 제조업"
000520,KOSPI,의약품 제조업
009770,KOSPI,"펄프, 종이 및 판지 제조업"
037460,KOSDAQ,통신 및 방송 장비 제조업
032750,KOSDAQ,통신 및 방송 장비 제조업
0013V0,KOSDAQ,수산물 가공 및 저장 처리업
054090,KOSDAQ,그외 기타 제품 제조업
005500,KOSPI,의약품 제조업
000250,KOSDAQ,의약품 제조업
004690,KOSPI,연료용 가스 제조 및 배관공급업
024950,KOSDAQ,생활용품 도매업
038500,KOSDAQ GLOBAL,기타 비금속 광물제품 제조업
437730,KOSDAQ,자동차 신품 부품 제조업
017480,KOSDAQ,1차 철강 제조업
010960,KOSPI,기반조성 및 시설물 축조관련 전문공사업
046390,KOSDAQ,"영화, 비디오물, 방송프로그램 제작 및 배급업"
004450,KOSPI,기타 금속 가공제품 제조업
009470,KOSPI,전자부품 제조업
011230,KOSPI,영상 및 음향기기 제조업
001820,KOSPI,전자부품 제조업
027580,KOSDAQ,플라스틱제품 제조업
038540,KOSDAQ,"컴퓨터 프로그래밍, 시스템 통합 및 관리업"
001290,KOSPI,금융 지원 서비스업
041650,KOSPI,자동차 신품 부품 제조업
091580,KOSDAQ,일차전지 및 이차전지 제조업
263810,KOSDAQ,전자부품 제조업
089980,KOSDAQ,플라스틱제품 제조업
042940,KOSDAQ,건물 건설업
042600,KOSDAQ,전자부품 제조업
075180,KOSPI,자동차 신품 부품 제조업
107600,KOSDAQ,기타 화학제품 제조업
411080,KOSDAQ,소프트웨어 개발 및 공급업
252990,KOSDAQ,전자부품 제조업
007540,KOSPI,기타 금융업
248170,KOSPI,기타 식품 제조업
378800,KOSDAQ,기초 의약물질 제조업
294630,KOSDAQ,기타 전기장비 제조업
038070,KOSDAQ,기타 전문 도매업
006730,KOSDAQ GLOBAL,일반 및 생활 숙박시설 운영업
079650,KOSDAQ,"시멘트, 석회, 플라스터 및 그 제품 제조업"
100660,KOSDAQ,일반 목적용 기계 제조업
007860,KOSPI,기타 금융업
200880,KOSPI,자동차 신품 부품 제조업
019770,KOSDAQ,특수 목적용 기계 제조업
017390,KOSPI,연료용 가스 제조 및 배관공급업
092190,KOSDAQ,반도체 제조업
046890,KOSDAQ GLOBAL,반도체 제조업
031210,KOSPI,보험업
004410,KOSPI,기타 식품 제조업
063170,KOSDAQ,상품 중개업
027040,KOSDAQ,"전동기, 발전기 및 전기 변환 · 공급 · 제어 장치 제조업"
018680,KOSDAQ,의약품 제조업
036120,KOSDAQ,기타 정보 서비스업
021050,KOSPI,금속 주조업
093920,KOSDAQ,통신 및 방송 장비 제조업
189860,KOSDAQ,"전동기, 발전기 및 전기 변환 · 공급 · 제어 장치 제조업"
178320,KOSDAQ,기타 전기장비 제조업
122690,KOSDAQ,자동차 신품 부품 제조업
140070,KOSDAQ,기계장비 및 관련 물품 도매업
011370,KOSDAQ,건물 건설업
065710,KOSDAQ,"전동기, 발전기 및 전기 변환 · 공급 · 제어 장치 제조업"
008490,KOSPI,기타 화학제품 제조업
035890,KOSDAQ,건물 건설업
357550,KOSDAQ,기초 화학물질 제조업
003100,KOSDAQ,기타 운송관련 서비스업
007610,KOSPI,"전동기, 발전기 및 전기 변환 · 공급 · 제어 장치 제조업"
067370,KOSDAQ,의약품 제조업
171090,KOSDAQ,특수 목적용 기계 제조업
136490,KOSPI,동물용 사료 및 조제식품 제조업
086710,KOSDAQ,기타 화학제품 제조업
014620,KOSDAQ GLOBAL,1차 철강 제조업
037350,KOSDAQ,"건축기술, 엔지니어링 및 관련 기술 서비스업"
014910,KOSPI,전자부품 제조업
004980,KOSPI,"시멘트, 석회, 플라스터 및 그 제품 제조업"
458650,KOSDAQ,일차전지 및 이차전지 제조업
081580,KOSDAQ,통신 및 방송 장비 제조업
045300,KOSDAQ,전자부품 제조업
015750,KOSDAQ,자동차 신품 부품 제조업
340930,KOSDAQ,특수 목적용 기계 제조업
365340,KOSDAQ,기초 화학물질 제조업
000180,KOSPI,회사 본부 및 경영 컨설팅 서비스업
080470,KOSDAQ,자동차 신품 부품 제조업
043260,KOSDAQ,전자부품 제조업
148150,KOSDAQ,전자부품 제조업
002420,KOSPI,연료 소매업
061090,KOSDAQ,통신 및 방송 장비 제조업
188260,KOSDAQ,그외 기타 제품 제조업
053060,KOSDAQ,자동차 신품 부품 제조업
340440,KOSDAQ,플라스틱제품 제조업
017510,KOSDAQ,기타 금속 가공제품 제조업
0017J0,KOSDAQ,특수 목적용 기계 제조업
490470,KOSDAQ,"건축기술, 엔지니어링 및 관련 기술 서비스업"
004360,KOSPI,도로 화물 운송업
004490,KOSPI,일차전지 및 이차전지 제조업
011560,KOSDAQ,건물설비 설치 공사업
267080,KONEX,알코올음료 제조업
396300,KOSDAQ,기타 금속 가공제품 제조업
001430,KOSPI,1차 철강 제조업
306200,KOSPI,1차 철강 제조업
003030,KOSPI,기타 금융업
058650,KOSPI,1차 철강 제조업
013000,KOSPI,기타 전문 도매업
100700,KOSDAQ,의료용품 및 기타 의약 관련제품 제조업
024830,KOSDAQ,자동차 신품 부품 제조업
021820,KOSPI,자동차 신품 부품 제조업
067830,KOSPI,종합 소매업
258830,KOSDAQ,의료용 기기 제조업
036630,KOSDAQ,전기 및 통신 공사업
039310,KOSDAQ,소프트웨어 개발 및 공급업
075580,KOSPI,선박 및 보트 건조업
067770,KOSDAQ,전자부품 제조업
053450,KOSDAQ,사진장비 및 광학기기 제조업
252500,KOSDAQ,기타 화학제품 제조업
321370,KOSDAQ,전자부품 제조업
347000,KOSDAQ,"측정, 시험, 항해, 제어 및 기타 정밀기기 제조업; 광학기기 제외"
331920,KOSDAQ,기초 의약물질 제조업
352770,KOSDAQ,의료용품 및 기타 의약 관련제품 제조업
471820,KOSDAQ,기타 식품 제조업
049180,KOSDAQ,기초 의약물질 제조업
299660,KOSDAQ,자연과학 및 공학 연구개발업
108860,KOSDAQ,소프트웨어 개발 및 공급업
208370,KOSDAQ,의료용 기기 제조업
318160,KOSDAQ,기타 섬유제품 제조업
308430,KOSDAQ,의약품 제조업
068270,KOSPI,기초 의약물질 제조업
068760,KOSDAQ,의약품 제조업
068940,KOSDAQ,전자부품 제조업
007720,KOSDAQ,상품 종합 도매업
950200,KOSDAQ,"그외 기타 전문, 과학 및 기술 서비스업"
032680,KOSDAQ,기타 정보 서비스업
258790,KOSDAQ,소프트웨어 개발 및 공급업
066910,KOSDAQ,기타 전문 도매업
215090,KOSDAQ,"측정, 시험, 항해, 제어 및 기타 정밀기기 제조업; 광학기기 제외"
238500,KONEX,"그외 기타 전문, 과학 및 기술 서비스업"
336370,KOSPI,전자부품 제조업
248070,KOSPI,전자부품 제조업
035610,KOSDAQ,회사 본부 및 경영 컨설팅 서비스업
357780,KOSDAQ GLOBAL,기타 화학제품 제조업
036830,KOSDAQ GLOBAL,회사 본부 및 경영 컨설팅 서비스업
304100,KOSDAQ,소프트웨어 개발 및 공급업
328380,KOSDAQ,"컴퓨터 프로그래밍, 시스템 통합 및 관리업"
0203K0,KONEX,소프트웨어 개발 및 공급업
004430,KOSPI,기타 화학제품 제조업
086980,KOSDAQ,"영화, 비디오물, 방송프로그램 제작 및 배급업"
017550,KOSPI,특수 목적용 기계 제조업
050960,KOSDAQ,소프트웨어 개발 및 공급업
126720,KOSPI,전기 및 통신 공사업
084180,KOSDAQ,일반 목적용 기계 제조업
253840,KOSDAQ,의료용품 및 기타 의약 관련제품 제조업
185190,KONEX,산업용 농·축산물 및 동·식물 도매업
298830,KOSDAQ,소프트웨어 개발 및 공급업
236200,KOSDAQ,통신 및 방송 장비 제조업
094840,KOSDAQ,통신 및 방송 장비 제조업
192440,KOSDAQ,그외 기타 제품 제조업
424960,KOSDAQ,"측정, 시험, 항해, 제어 및 기타 정밀기기 제조업; 광학기기 제외"
099440,KOSDAQ,특수 목적용 기계 제조업
066590,KOSDAQ,자동차 신품 부품 제조업
053210,KOSPI,텔레비전 방송업
276040,KOSDAQ,소프트웨어 개발 및 공급업
115570,KOSDAQ,플라스틱제품 제조업
330730,KOSDAQ,기타 금융업
352090,KOSDAQ,플라스틱제품 제조업
253450,KOSDAQ GLOBAL,"영화, 비디오물, 방송프로그램 제작 및 배급업"
408900,KOSDAQ,"영화, 비디오물, 방송프로그램 제작 및 배급업"
415380,KOSDAQ,기타 생활용품 소매업
475040,KOSDAQ,소프트웨어 개발 및 공급업
026890,KOSPI,신탁업 및 집합투자업
013810,KOSDAQ,특수 목적용 기계 제조업
347700,KOSDAQ,소프트웨어 개발 및 공급업
049830,KOSDAQ,기타 금속 가공제품 제조업
020710,KOSDAQ,전문디자인업
033170,KOSDAQ,반도체 제조업
048870,KOSDAQ,의료용 기기 제조업
025320,KOSDAQ,전자부품 제조업
134790,KOSPI,가구 제조업
340810,KOSDAQ,소프트웨어 개발 및 공급업
056090,KOSDAQ,의료용 기기 제조업
429270,KOSDAQ,반도체 제조업
418250,KOSDAQ,소프트웨어 개발 및 공급업
131090,KOSDAQ,소프트웨어 개발 및 공급업
462870,KOSPI,소프트웨어 개발 및 공급업
016590,KOSPI,"골판지, 종이 상자 및 종이용기 제조업"
290520,KOSDAQ,특수 목적용 기계 제조업
029530,KOSPI,컴퓨터 및 주변장치 제조업
004970,KOSPI,어로 어업
001000,KOSDAQ,부동산 임대 및 공급업
025870,KOSDAQ,음·식료품 및 담배 도매업
215600,KOSDAQ,자연과학 및 공학 연구개발업
065350,KOSDAQ,가정용 기기 제조업
416180,KOSDAQ,자동차 신품 부품 제조업
011930,KOSPI,반도체 제조업
004170,KOSPI,종합 소매업
035510,KOSPI,"컴퓨터 프로그래밍, 시스템 통합 및 관리업"
031430,KOSPI,"섬유, 의복, 신발 및 가죽제품 소매업"
006880,KOSPI,산업용 농·축산물 및 동·식물 도매업
162300,KOSDAQ,1차 철강 제조업
002800,KOSDAQ,의약품 제조업
472220,KOSDAQ,금융 지원 서비스업
0091W0,KOSDAQ,금융 지원 서비스업
005800,KOSPI,봉제의복 제조업
001720,KOSPI,금융 지원 서비스업
009270,KOSPI,봉제의복 제조업
017000,KOSDAQ,건물 건설업
002700,KOSPI,기계장비 및 관련 물품 도매업
012790,KOSDAQ,의약품 제조업
138070,KOSDAQ,기타 금속 가공제품 제조업
226330,KOSDAQ,소프트웨어 개발 및 공급업
002870,KOSPI,기타 전문 도매업
019170,KOSPI,의약품 제조업
481850,KOSPI,신탁업 및 집합투자업
404990,KOSPI,부동산 임대 및 공급업
293940,KOSPI,부동산 임대 및 공급업
474660,KOSDAQ,금융 지원 서비스업
474930,KOSDAQ,금융 지원 서비스업
487360,KOSDAQ,금융 지원 서비스업
487830,KOSDAQ,금융 지원 서비스업
496070,KOSDAQ,금융 지원 서비스업
0130D0,KOSDAQ,금융 지원 서비스업
0129K0,KOSDAQ,금융 지원 서비스업
055550,KOSPI,기타 금융업
056700,KOSDAQ,플라스틱제품 제조업
187270,KOSDAQ,"전동기, 발전기 및 전기 변환 · 공급 · 제어 장치 제조업"
095190,KOSDAQ,기타 금속 가공제품 제조업
004080,KOSPI,기계장비 및 관련 물품 도매업
243840,KOSDAQ,일차전지 및 이차전지 제조업
257720,KOSDAQ,상품 종합 도매업
222800,KOSDAQ GLOBAL,전자부품 제조업
036710,KOSDAQ,회사 본부 및 경영 컨설팅 서비스업
444530,KOSDAQ,소프트웨어 개발 및 공급업
234030,KOSDAQ,반도체 제조업
160980,KOSDAQ,특수 목적용 기계 제조업
356890,KOSDAQ,소프트웨어 개발 및 공급업
217330,KOSDAQ,자연과학 및 공학 연구개발업
004770,KOSPI,전자부품 제조업
217320,KONEX,"전동기, 발전기 및 전기 변환 · 공급 · 제어 장치 제조업"
208640,KOSDAQ,소프트웨어 개발 및 공급업
222420,KOSDAQ,기타 비금속 광물제품 제조업
037760,KOSDAQ,1차 철강 제조업
081180,KOSDAQ,일반 목적용 기계 제조업
099320,KOSDAQ,"항공기,우주선 및 부품 제조업"
049960,KOSDAQ,기초 의약물질 제조업
088280,KOSDAQ,반도체 제조업
403550,KOSPI,운송장비 임대업
050890,KOSDAQ,통신 및 방송 장비 제조업
394800,KOSDAQ,자연과학 및 공학 연구개발업
177900,KOSDAQ,반도체 제조업
475400,KOSDAQ,특수 목적용 기계 제조업
109670,KOSDAQ,봉제의복 제조업
066790,KOSDAQ,텔레비전 방송업
004920,KOSPI,영상 및 음향기기 제조업
236030,KONEX,"곡물가공품, 전분 및 전분제품 제조업"
103660,KONEX,기타 화학제품 제조업
352480,KOSDAQ,기타 화학제품 제조업
245450,KONEX,통신 및 방송 장비 제조업
264660,KOSDAQ,특수 목적용 기계 제조업
352700,KOSDAQ,화학섬유 제조업
458870,KOSDAQ,의료용 기기 제조업
297090,KOSDAQ,일반 목적용 기계 제조업
112610,KOSPI,"구조용 금속제품, 탱크 및 증기발생기 제조업"
900120,KOSDAQ,기타 금융업
359090,KOSDAQ,"그외 기타 전문, 과학 및 기술 서비스업"
115530,KOSDAQ,전자부품 제조업
388210,KOSDAQ,전자부품 제조업
115480,KOSDAQ,의료용 기기 제조업
376290,KOSDAQ,전자부품 제조업
189330,KOSDAQ,소프트웨어 개발 및 공급업
096530,KOSDAQ GLOBAL,의료용품 및 기타 의약 관련제품 제조업
480370,KOSPI,일반 목적용 기계 제조업
101240,KOSDAQ,기초 화학물질 제조업
060590,KOSDAQ,의약품 제조업
308170,KOSPI,자동차 신품 부품 제조업
260930,KOSDAQ,기타 화학제품 제조업
413630,KOSDAQ,플라스틱제품 제조업
013990,KOSDAQ,생활용품 도매업
175140,KOSDAQ,통신 및 방송 장비 제조업
123860,KOSDAQ,반도체 제조업
025980,KOSDAQ,일반 및 생활 숙박시설 운영업
008700,KOSPI,영상 및 음향기기 제조업
0015N0,KOSDAQ,기타 화학제품 제조업
261780,KOSDAQ,자연과학 및 공학 연구개발업
290690,KOSDAQ,전구 및 조명장치 제조업
125210,KOSDAQ,전자부품 제조업
090430,KOSPI,기타 화학제품 제조업
002790,KOSPI,기타 화학제품 제조업
357580,KOSDAQ,전자부품 제조업
052710,KOSDAQ,전자부품 제조업
074430,KOSDAQ,기초 의약물질 제조업
092040,KOSDAQ,기타 식품 제조업
083930,KOSDAQ,특수 목적용 기계 제조업
149950,KOSDAQ,전자부품 제조업
036010,KOSDAQ,전자부품 제조업
002030,KOSPI,회사 본부 및 경영 컨설팅 서비스업
183190,KOSPI,"시멘트, 석회, 플라스터 및 그 제품 제조업"
002310,KOSPI,"골판지, 종이 상자 및 종이용기 제조업"
050860,KOSDAQ,특수 목적용 기계 제조업
012170,KOSPI,"영화, 비디오물, 방송프로그램 제작 및 배급업"
136410,KOSDAQ,플라스틱제품 제조업
246720,KOSDAQ,의료용품 및 기타 의약 관련제품 제조업
450950,KOSDAQ,의료용 기기 제조업
067390,KOSDAQ,"항공기,우주선 및 부품 제조업"
159010,KOSDAQ,일반 목적용 기계 제조업
127710,KOSDAQ,"자료처리, 호스팅, 포털 및 기타 인터넷 정보매개 서비스업"
267850,KOSPI,"컴퓨터 프로그래밍, 시스템 통합 및 관리업"
020560,KOSPI,항공 여객 운송업
154030,KOSDAQ,작물 재배업
227610,KOSDAQ,기타 화학제품 제조업
331740,KOSDAQ,소프트웨어 개발 및 공급업
143160,KOSDAQ,통신 및 방송 장비 제조업
054800,KOSDAQ,기타 전문 서비스업
332370,KOSDAQ,컴퓨터 및 주변장치 제조업
066430,KOSDAQ,기타 전문 도매업
122900,KOSPI,상품 종합 도매업
339950,KOSDAQ,일반 교습 학원
469750,KOSDAQ,특수 목적용 기계 제조업
460470,KOSDAQ,사진장비 및 광학기기 제조업
099190,KOSDAQ,의료용 기기 제조업
461300,KOSDAQ,소프트웨어 개발 및 공급업
289010,KOSDAQ,"서적, 잡지 및 기타 인쇄물 출판업"
214430,KOSDAQ,전자부품 제조업
040910,KOSDAQ,특수 목적용 기계 제조업
368600,KOSDAQ,전자부품 제조업
456010,KOSDAQ,반도체 제조업
052860,KOSDAQ,반도체 제조업
464500,KOSDAQ,반도체 제조업
010780,KOSPI,"시멘트, 석회, 플라스터 및 그 제품 제조업"
212710,KOSDAQ,반도체 제조업
038880,KOSDAQ,전자부품 제조업
307180,KOSDAQ,전구 및 조명장치 제조업
403810,KONEX,전자부품 제조업
493280,KOSDAQ,자연과학 및 공학 연구개발업
461030,KOSDAQ,자연과학 및 공학 연구개발업
456570,KONEX,의료용품 및 기타 의약 관련제품 제조업
451220,KOSDAQ,특수 목적용 기계 제조업
447690,KONEX,의료용 기기 제조업
078860,KOSDAQ,"영화, 비디오물, 방송프로그램 제작 및 배급업"
090150,KOSDAQ,자동차 신품 부품 제조업
031310,KOSDAQ,전기 통신업
462980,KOSDAQ,기타 정보 서비스업
185490,KOSDAQ,자연과학 및 공학 연구개발업
059100,KOSDAQ,전자부품 제조업
149010,KONEX,반도체 제조업
262840,KOSDAQ,소프트웨어 개발 및 공급업
175250,KOSDAQ,기타 화학제품 제조업
052460,KOSDAQ,"컴퓨터 프로그래밍, 시스템 통합 및 관리업"
119830,KOSDAQ,"그외 기타 전문, 과학 및 기술 서비스업"
052770,KOSDAQ,소프트웨어 개발 및 공급업
124500,KOSDAQ,"컴퓨터 프로그래밍, 시스템 통합 및 관리업"
031820,KOSPI,"컴퓨터 프로그래밍, 시스템 통합 및 관리업"
010280,KOSDAQ,"컴퓨터 프로그래밍, 시스템 통합 및 관리업"
243870,KONEX,"컴퓨터 프로그래밍, 시스템 통합 및 관리업"
232830,KOSDAQ,소프트웨어 개발 및 공급업
372800,KOSDAQ,소프트웨어 개발 및 공급업
084850,KOSDAQ,전자부품 제조업
309710,KOSDAQ,기초 의약물질 제조업
114840,KOSDAQ,기타 화학제품 제조업
027360,KOSDAQ,기타 금융업
139990,KOSPI,1차 철강 제조업
032080,KOSDAQ,"섬유제품 염색, 정리 및 마무리 가공업"
013310,KOSDAQ,자동차 신품 부품 제조업
059120,KOSDAQ,반도체 제조업
009320,KOSPI,자동차 신품 부품 제조업
0007C0,KOSDAQ,소프트웨어 개발 및 공급업
158430,KOSDAQ,소프트웨어 개발 및 공급업
297570,KOSDAQ,통신 및 방송 장비 제조업
200350,KOSDAQ,"영화, 비디오물, 방송프로그램 제작 및 배급업"
321820,KOSDAQ,창작 및 예술관련 서비스업
102950,KONEX,전자부품 제조업
001540,KOSDAQ,의약품 제조업
053800,KOSDAQ,소프트웨어 개발 및 공급업
251280,KONEX,자연과학 및 공학 연구개발업
065660,KOSDAQ,기타 전문 도매업
001780,KOSPI,1차 비철금속 제조업
260660,KOSDAQ,의료용품 및 기타 의약 관련제품 제조업
354320,KOSDAQ,1차 비철금속 제조업
361570,KOSDAQ,오디오물 출판 및 원판 녹음업
131370,KOSDAQ,소프트웨어 개발 및 공급업
140670,KOSDAQ,전자부품 제조업
096610,KOSDAQ,반도체 제조업
061040,KOSDAQ,통신 및 방송 장비 제조업
148250,KOSDAQ,전자부품 제조업
476830,KOSDAQ,자연과학 및 공학 연구개발업
347860,KOSDAQ,소프트웨어 개발 및 공급업
196170,KOSDAQ GLOBAL,자연과학 및 공학 연구개발업
123750,KOSDAQ,그외 기타 운송장비 제조업
459550,KOSDAQ,통신 및 방송 장비 제조업
085810,KOSDAQ,소프트웨어 개발 및 공급업
043100,KOSDAQ,의료용 기기 제조업
117670,KOSDAQ,반도체 제조업
314140,KOSDAQ,의약품 제조업
293780,KOSDAQ,자연과학 및 공학 연구개발업
018250,KOSPI,기타 화학제품 제조업
161000,KOSPI,기초 화학물질 제조업
390110,KONEX,의료용 기기 제조업
310200,KOSDAQ,"영화, 비디오물, 방송프로그램 제작 및 배급업"
179530,KOSDAQ,의약품 제조업
397810,KOSDAQ,광고업
0011A0,KOSDAQ,기타 전기장비 제조업
052790,KOSDAQ,소프트웨어 개발 및 공급업
290740,KOSDAQ,전자부품 제조업
238090,KOSDAQ,플라스틱제품 제조업
138360,KOSDAQ,특수 목적용 기계 제조업
092600,KOSDAQ,반도체 제조업
129890,KOSDAQ,컴퓨터 및 주변장치 제조업
174900,KOSDAQ,의료용품 및 기타 의약 관련제품 제조업
109960,KOSDAQ,기타 전문 도매업
270520,KOSDAQ,"건축기술, 엔지니어링 및 관련 기술 서비스업"
255440,KOSDAQ,특수 목적용 기계 제조업
030960,KOSDAQ,인쇄 및 인쇄관련 산업
102120,KOSDAQ,반도체 제조업
238120,KOSDAQ,사진장비 및 광학기기 제조업
224810,KONEX,실내건축 및 건축마무리 공사업
019990,KOSDAQ,일반 목적용 기계 제조업
011090,KOSPI,가구 제조업
435570,KOSDAQ,도시락 및 식사용 조리식품 제조업
270660,KOSDAQ,가정용 기기 제조업
038680,KOSDAQ,"컴퓨터 프로그래밍, 시스템 통합 및 관리업"
137310,KOSPI,의료용 기기 제조업
217480,KOSDAQ,기타 화학제품 제조업
121890,KOSDAQ,전자부품 제조업
304360,KOSDAQ,의약품 제조업
389500,KOSDAQ,일반 목적용 기계 제조업
042110,KOSDAQ,가정용 기기 제조업
065420,KOSDAQ,기타 화학제품 제조업
270210,KONEX,기타 화학제품 제조업
103230,KOSDAQ,일반 목적용 기계 제조업
260970,KOSDAQ,기타 식품 제조업
101490,KOSDAQ GLOBAL,전자부품 제조업
095910,KOSDAQ,"전동기, 발전기 및 전기 변환 · 공급 · 제어 장치 제조업"
275630,KOSDAQ,소프트웨어 개발 및 공급업
031330,KOSDAQ,기계장비 및 관련 물품 도매업
060540,KOSDAQ,"측정, 시험, 항해, 제어 및 기타 정밀기기 제조업; 광학기기 제외"
0008Z0,KOSDAQ,"전동기, 발전기 및 전기 변환 · 공급 · 제어 장치 제조업"
005850,KOSPI,자동차 신품 부품 제조업
246250,KOSDAQ,"그외 기타 전문, 과학 및 기술 서비스업"
041510,KOSDAQ GLOBAL,오디오물 출판 및 원판 녹음업
010580,KOSPI,자동차 신품 부품 제조업
460870,KOSDAQ,유리 및 유리제품 제조업
464080,KOSDAQ,"측정, 시험, 항해, 제어 및 기타 정밀기기 제조업; 광학기기 제외"
109610,KOSDAQ,"구조용 금속제품, 탱크 및 증기발생기 제조업"
365330,KOSDAQ,"구조용 금속제품, 탱크 및 증기발생기 제조업"
012750,KOSPI,"경비, 경호 및 탐정업"
306040,KOSDAQ,"가죽, 가방 및 유사제품 제조업"
217910,KONEX,기초 화학물질 제조업
398120,KOSDAQ,의료용 기기 제조업
472230,KOSDAQ,금융 지원 서비스업
473000,KOSDAQ,금융 지원 서비스업
473950,KOSDAQ,금융 지원 서비스업
475660,KOSDAQ,기타 화학제품 제조업
096630,KOSDAQ,통신 및 방송 장비 제조업
0070X0,KONEX,특수 목적용 기계 제조업
069510,KOSDAQ,영상 및 음향기기 제조업
488280,KOSDAQ,소프트웨어 개발 및 공급업
234300,KOSDAQ,"컴퓨터 프로그래밍, 시스템 통합 및 관리업"
039440,KOSDAQ,특수 목적용 기계 제조업
098660,KOSDAQ,봉제의복 제조업
052020,KOSDAQ,기계장비 및 관련 물품 도매업
237690,KOSDAQ GLOBAL,의약품 제조업
458350,KOSDAQ,기타 사업지원 서비스업
050760,KOSDAQ,플라스틱제품 제조업
288620,KOSDAQ,"전동기, 발전기 및 전기 변환 · 공급 · 제어 장치 제조업"
443670,KOSDAQ,"컴퓨터 프로그래밍, 시스템 통합 및 관리업"
317830,KOSDAQ,특수 목적용 기계 제조업
058610,KOSDAQ,"전동기, 발전기 및 전기 변환 · 공급 · 제어 장치 제조업"
043340,KOSDAQ,일반 목적용 기계 제조업
023960,KOSPI,토목 건설업
163280,KOSDAQ,일반 목적용 기계 제조업
298690,KOSPI,항공 여객 운송업
200710,KOSDAQ,반도체 제조업
475580,KOSDAQ,그외 기타 제품 제조업
096690,KOSDAQ,컴퓨터 및 주변장치 제조업
078520,KOSPI,기타 화학제품 제조업
298380,KOSDAQ GLOBAL,기초 의약물질 제조업
203400,KOSDAQ,자연과학 및 공학 연구개발업
003800,KOSDAQ,가구 제조업
088800,KOSDAQ,통신 및 방송 장비 제조업
241840,KOSDAQ,"영화, 비디오물, 방송프로그램 제작 및 배급업"
364950,KOSDAQ,특수 목적용 기계 제조업
453860,KOSDAQ,기타 화학제품 제조업
312610,KOSDAQ,1차 비철금속 제조업
015260,KOSPI,전자부품 제조업
172670,KOSDAQ,반도체 제조업
234070,KONEX,산업용 기계 및 장비 임대업
481070,KOSDAQ,"섬유, 의복, 신발 및 가죽제품 소매업"
060900,KOSDAQ,전기업
445090,KOSDAQ,반도체 제조업
295310,KOSDAQ,1차 비철금속 제조업
072990,KOSDAQ,기타 과학기술 서비스업
044990,KOSDAQ,전자부품 제조업
239610,KOSDAQ,기타 식품 제조업
0156T0,KOSDAQ,기초 의약물질 제조업
036170,KOSDAQ,반도체 제조업
477340,KOSDAQ,금융 지원 서비스업
148930,KOSDAQ,기타 금속 가공제품 제조업
044780,KOSDAQ,특수 목적용 기계 제조업
357230,KOSDAQ,기타 식품 제조업
355690,KOSDAQ,전자부품 제조업
071670,KOSDAQ,특수 목적용 기계 제조업
045660,KOSDAQ,일반 목적용 기계 제조업
224110,KOSDAQ,통신 및 방송 장비 제조업
021080,KOSDAQ,신탁업 및 집합투자업
200470,KOSDAQ,반도체 제조업
207490,KONEX,전구 및 조명장치 제조업
262260,KOSDAQ,기타 전기장비 제조업
007460,KOSPI,의약품 제조업
003060,KOSPI,의약품 제조업
397030,KOSDAQ,자연과학 및 공학 연구개발업
244920,KOSPI,보험 및 연금관련 서비스업
278470,KOSPI,기타 화학제품 제조업
0009K0,KOSDAQ,자연과학 및 공학 연구개발업
230240,KOSDAQ,통신 및 방송 장비 제조업
159910,KOSDAQ,기타 화학제품 제조업
097780,KOSDAQ,자동차 신품 부품 제조업
038870,KOSDAQ,사업시설 유지·관리 서비스업
448280,KOSDAQ,기타 전문 서비스업
101360,KOSDAQ,일차전지 및 이차전지 제조업
128540,KOSDAQ,자동차 신품 부품 제조업
086520,KOSDAQ GLOBAL,기타 금융업
450080,KOSPI,일차전지 및 이차전지 제조업
247540,KOSDAQ GLOBAL,일차전지 및 이차전지 제조업
383310,KOSDAQ,기타 화학제품 제조업
038110,KOSDAQ,자동차 신품 부품 제조업
073540,KOSDAQ,통신 및 방송 장비 제조업
064850,KOSDAQ,기타 정보 서비스업
036810,KOSDAQ,전자부품 제조업
173940,KOSDAQ,창작 및 예술관련 서비스업
083500,KOSDAQ,특수 목적용 기계 제조업
446440,KONEX,자연과학 및 공학 연구개발업
317530,KOSDAQ,"영화, 비디오물, 방송프로그램 제작 및 배급업"
054940,KOSDAQ,실내건축 및 건축마무리 공사업
950130,KOSDAQ,의료용품 및 기타 의약 관련제품 제조업
373110,KOSDAQ,기초 의약물질 제조업
205100,KOSDAQ,소프트웨어 개발 및 공급업
356680,KOSDAQ,소프트웨어 개발 및 공급업
317770,KOSDAQ,전자부품 제조업
373200,KOSDAQ,그외 기타 제품 제조업
069920,KOSDAQ,무점포 소매업
092870,KOSDAQ,특수 목적용 기계 제조업
019490,KOSPI,영상 및 음향기기 제조업
059180,KONEX,통신 및 방송 장비 제조업
317870,KOSDAQ,그외 기타 제품 제조업
067570,KOSDAQ,자동차 신품 부품 제조업
0004V0,KOSDAQ,기타 금속 가공제품 제조업
236810,KOSDAQ,광고업
140610,KONEX,자연과학 및 공학 연구개발업
333620,KOSDAQ,기타 전기장비 제조업
101400,KOSDAQ,반도체 제조업
475230,KOSDAQ,기타 금속 가공제품 제조업
224760,KONEX,토목 건설업
481890,KOSDAQ,금융 지원 서비스업
0054V0,KOSDAQ,금융 지원 서비스업
0130H0,KOSDAQ,금융 지원 서비스업
265740,KOSDAQ,기타 화학제품 제조업
354200,KOSDAQ,"그외 기타 전문, 과학 및 기술 서비스업"
455900,KOSDAQ,특수 목적용 기계 제조업
419080,KOSDAQ,특수 목적용 기계 제조업
093510,KONEX,자동차 신품 부품 제조업
183490,KOSDAQ,기초 의약물질 제조업
085310,KOSPI,"구조용 금속제품, 탱크 및 증기발생기 제조업"
182400,KOSDAQ,기초 의약물질 제조업
348370,KOSDAQ,기초 화학물질 제조업
069410,KOSDAQ,소프트웨어 개발 및 공급업
227950,KOSDAQ,특수 목적용 기계 제조업
048830,KOSDAQ,합성고무 및 플라스틱 물질 제조업
096870,KOSDAQ,반도체 제조업
276240,KONEX,영상 및 음향기기 제조업
900140,KOSPI,자동차 판매업
290650,KOSDAQ,의약품 제조업
066970,KOSPI,일차전지 및 이차전지 제조업
156100,KOSDAQ,의료용 기기 제조업
0041J0,KOSDAQ,금융 지원 서비스업
311060,KONEX,특수 목적용 기계 제조업
073110,KOSDAQ,전자부품 제조업
083310,KOSDAQ,특수 목적용 기계 제조업
037950,KOSDAQ,전자부품 제조업
489500,KOSDAQ,기타 화학제품 제조업
170920,KOSDAQ,기초 화학물질 제조업
058630,KOSDAQ,소프트웨어 개발 및 공급업
226590,KOSDAQ,전자부품 제조업
058970,KOSDAQ,소프트웨어 개발 및 공급업
169330,KOSDAQ,시장조사 및 여론조사업
097520,KOSPI,영상 및 음향기기 제조업
373170,KOSDAQ,소프트웨어 개발 및 공급업
179290,KOSDAQ,의료용 기기 제조업
484870,KOSPI,특수 목적용 기계 제조업
009780,KOSDAQ,기타 식품 제조업
123040,KOSDAQ,자동차 신품 부품 제조업
432980,KOSDAQ,기초 의약물질 제조업
007820,KOSDAQ,일반 목적용 기계 제조업
347890,KOSDAQ,"측정, 시험, 항해, 제어 및 기타 정밀기기 제조업; 광학기기 제외"
413390,KOSDAQ,특수 목적용 기계 제조업
032790,KOSDAQ,기계장비 및 관련 물품 도매업
033160,KOSDAQ,전자부품 제조업
033310,KOSDAQ,전자부품 제조업
259630,KOSDAQ,특수 목적용 기계 제조업
105550,KOSDAQ,전자부품 제조업
060850,KOSDAQ,소프트웨어 개발 및 공급업
014440,KOSPI,플라스틱제품 제조업
143540,KOSDAQ,특수 목적용 기계 제조업
111770,KOSPI,상품 종합 도매업
009970,KOSPI,기타 금융업
003520,KOSPI,의약품 제조업
000670,KOSPI,1차 비철금속 제조업
012280,KOSPI,자동차 신품 부품 제조업
265560,KOSDAQ,자동차 신품 부품 제조업
012160,KOSPI,1차 철강 제조업
036000,KOSDAQ,"서적, 잡지 및 기타 인쇄물 출판업"
250930,KOSDAQ,플라스틱제품 제조업
053280,KOSDAQ,무점포 소매업
122640,KOSDAQ,특수 목적용 기계 제조업
476040,KOSDAQ,자연과학 및 공학 연구개발업
900300,KOSDAQ,기타 금융업
212310,KONEX,의료용 기기 제조업
045060,KOSDAQ,기타 화학제품 제조업
192410,KOSDAQ,통신 및 방송 장비 제조업
080520,KOSDAQ,반도체 제조업
007310,KOSPI,기타 식품 제조업
039830,KOSDAQ,전문디자인업
322310,KOSDAQ,특수 목적용 기계 제조업
046120,KOSDAQ,기타 과학기술 서비스업
475830,KOSDAQ,기초 의약물질 제조업
014940,KOSDAQ,일반 목적용 기계 제조업
002630,KOSPI,의약품 제조업
065500,KOSDAQ,자동차 신품 부품 제조업
271560,KOSPI,기타 식품 제조업
001800,KOSPI,기타 금융업
010470,KOSDAQ,광고업
417860,KOSDAQ,소프트웨어 개발 및 공급업
352910,KOSDAQ,"컴퓨터 프로그래밍, 시스템 통합 및 관리업"
053980,KOSDAQ,소프트웨어 개발 및 공급업
036220,KOSDAQ,의료용 기기 제조업
052420,KOSDAQ,플라스틱제품 제조업
332190,KONEX,의료용 기기 제조업
052300,KOSDAQ,상품 종합 도매업
039200,KOSDAQ,의약품 제조업
226400,KOSDAQ,의료용 기기 제조업
031510,KOSDAQ,자동차 신품 부품 제조업
342870,KOSDAQ,가전제품 및 정보통신장비 소매업
368970,KOSDAQ,동물용 사료 및 조제식품 제조업
138080,KOSDAQ,통신 및 방송 장비 제조업
080580,KOSDAQ,전자부품 제조업
067170,KOSDAQ,자동차 재제조 부품 제조업
353590,KOSDAQ,자동차 부품 및 내장품 판매업
173130,KOSDAQ,"컴퓨터 프로그래밍, 시스템 통합 및 관리업"
440320,KOSDAQ,소프트웨어 개발 및 공급업
049480,KOSDAQ,"컴퓨터 프로그래밍, 시스템 통합 및 관리업"
394280,KOSDAQ,소프트웨어 개발 및 공급업
476060,KOSDAQ,자연과학 및 공학 연구개발업
382150,KOSDAQ,자연과학 및 공학 연구개발업
005320,KOSPI,생활용품 도매업
244460,KOSDAQ,기초 의약물질 제조업
226950,KOSDAQ GLOBAL,자연과학 및 공학 연구개발업
057540,KOSDAQ,"측정, 시험, 항해, 제어 및 기타 정밀기기 제조업; 광학기기 제외"
131030,KOSDAQ,의약품 제조업
082210,KOSDAQ,사진장비 및 광학기기 제조업
109080,KOSDAQ,통신 및 방송 장비 제조업
380540,KOSDAQ,마그네틱 및 광학 매체 제조업
153710,KOSDAQ,의료용품 및 기타 의약 관련제품 제조업
432430,KOSDAQ,"영화, 비디오물, 방송프로그램 제작 및 배급업"
338840,KOSDAQ,자연과학 및 공학 연구개발업
122990,KOSDAQ,전자부품 제조업
232140,KOSDAQ,특수 목적용 기계 제조업
112290,KOSDAQ,기타 화학제품 제조업
065530,KOSDAQ,전기 통신업
067900,KOSDAQ,폐기물 처리업
007530,KOSDAQ,기타 금속 가공제품 제조업
155650,KOSDAQ,전자부품 제조업
273640,KOSDAQ,"전동기, 발전기 및 전기 변환 · 공급 · 제어 장치 제조업"
251370,KOSDAQ,기초 화학물질 제조업
209640,KOSDAQ,특수 목적용 기계 제조업
096250,KOSDAQ,소프트웨어 개발 및 공급업
273060,KOSDAQ,광고업
019210,KOSDAQ,기타 금속 가공제품 제조업
122870,KOSDAQ GLOBAL,오디오물 출판 및 원판 녹음업
011690,KOSPI,반도체 제조업
079000,KOSDAQ,플라스틱제품 제조업
403490,KOSDAQ,"과실, 채소 가공 및 저장 처리업"
316140,KOSPI,기타 금융업
032820,KOSDAQ,"전동기, 발전기 및 전기 변환 · 공급 · 제어 장치 제조업"
041190,KOSDAQ,기타 금융업
115440,KOSDAQ,통신 및 방송 장비 제조업
046970,KOSDAQ,기타 전문 도매업
082850,KOSDAQ,기타 식품 제조업
215360,KOSDAQ,자동차 신품 부품 제조업
072470,KOSDAQ,자동차 신품 부품 제조업
073560,KOSDAQ,"도축, 육류 가공 및 저장 처리업"
037400,KOSDAQ,상품 종합 도매업
153490,KOSDAQ,반도체 제조업
101170,KOSDAQ,일반 목적용 기계 제조업
006980,KOSPI,"곡물가공품, 전분 및 전분제품 제조업"
011300,KOSPI,직물직조 및 직물제품 제조업
017370,KOSPI,특수 목적용 기계 제조업
103840,KOSDAQ,"과실, 채소 가공 및 저장 처리업"
101970,KOSDAQ,"구조용 금속제품, 탱크 및 증기발생기 제조업"
046940,KOSDAQ,기반조성 및 시설물 축조관련 전문공사업
065680,KOSDAQ,전자부품 제조업
105840,KOSPI,"측정, 시험, 항해, 제어 및 기타 정밀기기 제조업; 광학기기 제외"
018620,KOSDAQ,의약품 제조업
010400,KOSPI,건물설비 설치 공사업
457550,KOSDAQ,"그외 기타 전문, 과학 및 기술 서비스업"
049800,KOSPI,특수 목적용 기계 제조업
016880,KOSPI,기타 금융업
095720,KOSPI,초등 교육기관
396470,KOSDAQ,특수 목적용 기계 제조업
005820,KOSPI,직물직조 및 직물제품 제조업
307280,KOSDAQ,의료용품 및 기타 의약 관련제품 제조업
032940,KOSDAQ,기계장비 및 관련 물품 도매업
240810,KOSDAQ GLOBAL,특수 목적용 기계 제조업
074600,KOSDAQ,유리 및 유리제품 제조업
104830,KOSDAQ,기초 화학물질 제조업
014190,KOSDAQ,기타 전문 도매업
217820,KOSDAQ,특수 목적용 기계 제조업
030530,KOSDAQ,기초 화학물질 제조업
012620,KOSDAQ,1차 철강 제조업
136150,KOSDAQ,일반 목적용 기계 제조업
382840,KOSDAQ,특수 목적용 기계 제조업
336570,KOSDAQ,의료용 기기 제조업
376980,KOSDAQ,소프트웨어 개발 및 공급업
122830,KONEX,소프트웨어 개발 및 공급업
008370,KOSDAQ,플라스틱제품 제조업
008290,KOSDAQ,봉제의복 제조업
101160,KOSDAQ,전자부품 제조업
336060,KOSDAQ,소프트웨어 개발 및 공급업
095270,KOSDAQ,"측정, 시험, 항해, 제어 및 기타 정밀기기 제조업; 광학기기 제외"
289930,KOSDAQ,반도체 제조업
065950,KOSDAQ,직물직조 및 직물제품 제조업
076080,KOSDAQ,건물 건설업
043590,KOSDAQ,반도체 제조업
196700,KOSDAQ,합성고무 및 플라스틱 물질 제조업
069080,KOSDAQ GLOBAL,소프트웨어 개발 및 공급업
053580,KOSDAQ,소프트웨어 개발 및 공급업
479960,KOSDAQ,기타 전기장비 제조업
044340,KOSDAQ,가정용 기기 제조업
330350,KOSDAQ,의약품 제조업
348350,KOSDAQ,"측정, 시험, 항해, 제어 및 기타 정밀기기 제조업; 광학기기 제외"
112040,KOSDAQ,소프트웨어 개발 및 공급업
101730,KOSDAQ,소프트웨어 개발 및 공급업
123420,KOSDAQ,소프트웨어 개발 및 공급업
065370,KOSDAQ,소프트웨어 개발 및 공급업
140660,KONEX,통신 및 방송 장비 제조업
038620,KOSDAQ,연료 소매업
036090,KOSDAQ,특수 목적용 기계 제조업
459100,KOSDAQ,전자부품 제조업
136540,KOSDAQ,"컴퓨터 프로그래밍, 시스템 통합 및 관리업"
097800,KOSDAQ,반도체 제조업
192390,KOSDAQ,"구조용 금속제품, 탱크 및 증기발생기 제조업"
008600,KOSPI,생활용품 도매업
335870,KOSDAQ,"섬유, 의복, 신발 및 가죽제품 소매업"
900340,KOSDAQ,기타 금융업
033270,KOSPI,의약품 제조업
014830,KOSPI,기초 화학물질 제조업
446070,KOSPI,제재 및 목재 가공업
036200,KOSDAQ,특수 목적용 기계 제조업
018000,KOSDAQ,일반 목적용 기계 제조업
000910,KOSPI,"시멘트, 석회, 플라스터 및 그 제품 제조업"
047400,KOSPI,"내화, 비내화 요업제품 제조업"
203450,KOSDAQ,통신 및 방송 장비 제조업
011330,KOSPI,자동차 신품 부품 제조업
077500,KOSPI,기계장비 및 관련 물품 도매업
011320,KOSDAQ,자동차 신품 부품 제조업
086390,KOSDAQ,특수 목적용 기계 제조업
241690,KOSDAQ,자동차 신품 부품 제조업
142210,KOSDAQ,자동차 부품 및 내장품 판매업
121060,KONEX,"컴퓨터 프로그래밍, 시스템 통합 및 관리업"
389680,KOSDAQ,소프트웨어 개발 및 공급업
088340,KOSDAQ,소프트웨어 개발 및 공급업
048430,KOSDAQ,"전동기, 발전기 및 전기 변환 · 공급 · 제어 장치 제조업"
206650,KOSDAQ,의약품 제조업
089850,KOSDAQ,소프트웨어 개발 및 공급업
495810,KONEX,소프트웨어 개발 및 공급업
084440,KOSDAQ,소프트웨어 개발 및 공급업
264450,KOSDAQ,통신 및 방송 장비 제조업
078070,KOSDAQ,기타 금융업
002920,KOSPI,자동차 신품 부품 제조업
024800,KOSDAQ,육상 여객 운송업
000700,KOSPI,회사 본부 및 경영 컨설팅 서비스업
054930,KOSDAQ,"건축기술, 엔지니어링 및 관련 기술 서비스업"
069330,KOSDAQ,전자부품 제조업
049520,KOSDAQ,전자부품 제조업
473050,KOSDAQ,금융 지원 서비스업
474490,KOSDAQ,금융 지원 서비스업
493790,KOSDAQ,금융 지원 서비스업
003470,KOSPI,금융 지원 서비스업
263770,KOSDAQ,1차 철강 제조업
337840,KONEX,의료용 기기 제조업
072130,KOSPI,"자료처리, 호스팅, 포털 및 기타 인터넷 정보매개 서비스업"
000220,KOSPI,의약품 제조업
388720,KOSDAQ,특수 목적용 기계 제조업
023410,KOSDAQ,"시멘트, 석회, 플라스터 및 그 제품 제조업"
056080,KOSDAQ,특수 목적용 기계 제조업
468760,KOSDAQ,금융 지원 서비스업
488060,KOSDAQ,금융 지원 서비스업
0105P0,KOSDAQ,금융 지원 서비스업
084370,KOSDAQ,특수 목적용 기계 제조업
240600,KOSDAQ,기타 금속 가공제품 제조업
001200,KOSPI,금융 지원 서비스업
179900,KOSDAQ,전자부품 제조업
263050,KOSDAQ,기초 의약물질 제조업
000100,KOSPI,의약품 제조업
003460,KOSPI,금융 지원 서비스업
191410,KOSDAQ,전자부품 제조업
372170,KOSDAQ,특수 목적용 기계 제조업
146060,KOSDAQ,1차 철강 제조업
008730,KOSPI,플라스틱제품 제조업
008250,KOSPI,나무제품 제조업
039020,KOSDAQ,제재 및 목재 가공업
025820,KOSPI,1차 비철금속 제조업
067920,KOSDAQ,기타 정보 서비스업
044960,KOSDAQ,기타 전문 도매업
303530,KOSDAQ,소프트웨어 개발 및 공급업
302430,KOSDAQ,특수 목적용 기계 제조업
279060,KONEX,"측정, 시험, 항해, 제어 및 기타 정밀기기 제조업; 광학기기 제외"
214320,KOSPI,광고업
462350,KOSDAQ,"항공기,우주선 및 부품 제조업"
274400,KOSDAQ,소프트웨어 개발 및 공급업
296640,KOSDAQ,소프트웨어 개발 및 공급업
215790,KOSDAQ,통신 및 방송 장비 제조업
344860,KOSDAQ,기타 화학제품 제조업
333050,KOSDAQ,소프트웨어 개발 및 공급업
469610,KOSDAQ,특수 목적용 기계 제조업
088390,KOSDAQ,그외 기타 운송장비 제조업
272290,KOSDAQ GLOBAL,전자부품 제조업
053350,KOSDAQ,소프트웨어 개발 및 공급업
452400,KOSDAQ,자동차 신품 부품 제조업
264850,KOSDAQ,전자부품 제조업
054210,KOSDAQ,전자부품 제조업
009730,KOSDAQ,1차 철강 제조업
065440,KOSDAQ,소프트웨어 개발 및 공급업
088260,KOSPI,부동산 임대 및 공급업
139480,KOSPI,종합 소매업
424870,KOSDAQ,자연과학 및 공학 연구개발업
115610,KOSDAQ,반도체 제조업
478110,KOSDAQ,금융 지원 서비스업
131400,KOSDAQ,전자부품 제조업
208850,KONEX,기타 전기장비 제조업
351330,KOSDAQ,"컴퓨터 프로그래밍, 시스템 통합 및 관리업"
080010,KOSDAQ,상품 중개업
379390,KONEX,"건축기술, 엔지니어링 및 관련 기술 서비스업"
457190,KOSPI,기초 화학물질 제조업
086890,KOSDAQ,의료용품 및 기타 의약 관련제품 제조업
007660,KOSPI,전자부품 제조업
005950,KOSPI,기초 화학물질 제조업
015020,KOSPI,부동산 임대 및 공급업
047560,KOSDAQ,소프트웨어 개발 및 공급업
239340,KOSDAQ,"자료처리, 호스팅, 포털 및 기타 인터넷 정보매개 서비스업"
067010,KOSDAQ,"컴퓨터 프로그래밍, 시스템 통합 및 관리업"
456070,KOSDAQ,기초 의약물질 제조업
102710,KOSDAQ,기타 화학제품 제조업
074610,KOSPI,일반 목적용 기계 제조업
041520,KOSDAQ,"측정, 시험, 항해, 제어 및 기타 정밀기기 제조업; 광학기기 제외"
063760,KOSDAQ,"측정, 시험, 항해, 제어 및 기타 정밀기기 제조업; 광학기기 제외"
123570,KOSDAQ,광고업
083470,KOSDAQ,기초 화학물질 제조업
091120,KOSDAQ,전자부품 제조업
232530,KONEX,일차전지 및 이차전지 제조업
102460,KOSPI,의약품 제조업
039030,KOSDAQ,특수 목적용 기계 제조업
294090,KOSDAQ,의료용 기기 제조업
088290,KOSDAQ,자동차 신품 부품 제조업
084680,KOSPI,귀금속 및 장신용품 제조업
353810,KOSDAQ,동물용 사료 및 조제식품 제조업
261520,KOSDAQ,소프트웨어 개발 및 공급업
350520,KOSPI,부동산 임대 및 공급업
334890,KOSPI,부동산 임대 및 공급업
099750,KOSDAQ,소프트웨어 개발 및 공급업
377330,KOSDAQ,"전동기, 발전기 및 전기 변환 · 공급 · 제어 장치 제조업"
035810,KOSDAQ,동물용 사료 및 조제식품 제조업
092130,KOSDAQ,기타 정보 서비스업
134060,KOSDAQ,"서적, 잡지 및 기타 인쇄물 출판업"
001840,KOSDAQ,건물 건설업
000760,KOSPI,기타 전문 도매업
014990,KOSPI,봉제의복 제조업
041830,KOSDAQ,의료용 기기 제조업
352940,KOSDAQ,"비료, 농약 및 살균, 살충제 제조업"
101140,KOSPI,기계장비 및 관련 물품 도매업
216400,KONEX,자연과학 및 공학 연구개발업
079950,KOSDAQ,특수 목적용 기계 제조업
0007J0,KOSDAQ,자연과학 및 공학 연구개발업
389470,KOSDAQ,자연과학 및 공학 연구개발업
277410,KOSDAQ,기타 식품 제조업
060150,KOSDAQ,폐기물 처리업
033230,KOSDAQ,"컴퓨터 프로그래밍, 시스템 통합 및 관리업"
450520,KOSDAQ,소프트웨어 개발 및 공급업
465480,KOSDAQ,소프트웨어 개발 및 공급업
950260,KOSDAQ,자연과학 및 공학 연구개발업
037330,KOSDAQ,전자부품 제조업
100030,KOSDAQ,소프트웨어 개발 및 공급업
023800,KOSPI,자동차 신품 부품 제조업
034590,KOSPI,연료용 가스 제조 및 배관공급업
211050,KOSDAQ,보험 및 연금관련 서비스업
083640,KOSDAQ,상품 종합 도매업
064090,KOSDAQ,상품 종합 도매업
216050,KOSDAQ,광고업
049070,KOSDAQ,통신 및 방송 장비 제조업
311960,KONEX,소프트웨어 개발 및 공급업
119610,KOSDAQ,의료용 기기 제조업
017250,KOSDAQ,영상 및 음향기기 제조업
129260,KOSPI,도로 화물 운송업
051370,KOSDAQ,전자부품 제조업
064290,KOSDAQ,특수 목적용 기계 제조업
189300,KOSDAQ,통신 및 방송 장비 제조업
287840,KOSDAQ,자연과학 및 공학 연구개발업
048530,KOSDAQ,기초 의약물질 제조업
070590,KOSDAQ,"컴퓨터 프로그래밍, 시스템 통합 및 관리업"
023810,KOSPI,자동차 신품 부품 제조업
115310,KOSDAQ,전기 통신업
039290,KOSDAQ,기타 정보 서비스업
071200,KOSDAQ,소프트웨어 개발 및 공급업
101930,KOSDAQ,선박 및 보트 건조업
249420,KOSPI,의약품 제조업
000230,KOSPI,의약품 제조업
013360,KOSPI,토목 건설업
003120,KOSPI,의약품 제조업
333430,KOSDAQ,선박 및 보트 건조업
068330,KOSDAQ,일반 목적용 기계 제조업
003200,KOSPI,방적 및 가공사 제조업
007110,KOSPI,"건축자재, 철물 및 난방장치 도매업"
007570,KOSPI,의약품 제조업
178780,KOSDAQ,상품 종합 도매업
019540,KOSDAQ,자동차 신품 부품 제조업
081000,KOSPI,기타 화학제품 제조업
020760,KOSPI,반도체 제조업
103590,KOSPI,절연선 및 케이블 제조업
094820,KOSDAQ,전기 및 통신 공사업
271940,KOSPI,그외 기타 운송장비 제조업
015860,KOSPI,기타 금융업
226320,KOSPI,기타 화학제품 제조업
950140,KOSDAQ,기타 화학제품 제조업
049550,KOSDAQ,기타 화학제품 제조업
389020,KOSDAQ,반도체 제조업
254120,KOSDAQ,특수 목적용 기계 제조업
043910,KOSDAQ,"시멘트, 석회, 플라스터 및 그 제품 제조업"
234920,KOSDAQ,가정용 기기 제조업
289220,KOSDAQ,"영화, 비디오물, 방송프로그램 제작 및 배급업"
317400,KOSPI,부동산 임대 및 공급업
033240,KOSPI,전자부품 제조업
049630,KOSDAQ,사진장비 및 광학기기 제조업
417840,KOSDAQ,특수 목적용 기계 제조업
000950,KOSPI,방적 및 가공사 제조업
079900,KOSPI,특수 목적용 기계 제조업
110020,KOSDAQ,기타 화학제품 제조업
208140,KOSDAQ,"도축, 육류 가공 및 저장 처리업"
040420,KOSDAQ,일반 교습 학원
045510,KOSDAQ,기계장비 및 관련 물품 도매업
217190,KOSDAQ,특수 목적용 기계 제조업
095700,KOSDAQ,자연과학 및 공학 연구개발업
122310,KOSDAQ,의료용 기기 제조업
361390,KOSDAQ,통신 및 방송 장비 제조업
066830,KONEX,기타 화학제품 제조업
225220,KOSDAQ,기초 의약물질 제조업
123330,KOSDAQ,기타 화학제품 제조업
381620,KOSDAQ,특수 목적용 기계 제조업
159580,KOSDAQ,생활용품 도매업
147830,KOSDAQ,"구조용 금속제품, 탱크 및 증기발생기 제조업"
033100,KOSDAQ GLOBAL,"전동기, 발전기 및 전기 변환 · 공급 · 제어 장치 제조업"
079370,KOSDAQ,특수 목적용 기계 제조업
054950,KOSDAQ,일반 목적용 기계 제조업
090470,KOSDAQ,특수 목적용 기계 제조업
023440,KOSDAQ,1차 철강 제조업
137950,KOSDAQ,기타 화학제품 제조업
033320,KOSDAQ,기계장비 및 관련 물품 도매업
417500,KOSDAQ,기타 화학제품 제조업
348950,KOSPI,부동산 임대 및 공급업
204270,KOSDAQ,전자부품 제조업
127120,KOSDAQ,자연과학 및 공학 연구개발업
194370,KOSPI,"가죽, 가방 및 유사제품 제조업"
026040,KOSDAQ,귀금속 및 장신용품 제조업
452160,KOSDAQ,특수 목적용 기계 제조업
126880,KOSDAQ,일반 목적용 기계 제조업
322510,KOSDAQ,소프트웨어 개발 및 공급업
254160,KONEX,제재 및 목재 가공업
033050,KOSDAQ,기타 화학제품 제조업
094970,KOSDAQ,전자부품 제조업
418550,KOSDAQ,"건축기술, 엔지니어링 및 관련 기술 서비스업"
060230,KOSDAQ,기타 화학제품 제조업
420570,KOSDAQ,기타 화학제품 제조업
089790,KOSDAQ,특수 목적용 기계 제조업
0010V0,KOSDAQ,의료용 기기 제조업
030000,KOSPI,광고업
271980,KOSPI,의약품 제조업
412540,KOSDAQ,특수 목적용 기계 제조업
001560,KOSPI,기타 비금속 광물제품 제조업
199820,KOSDAQ,"전동기, 발전기 및 전기 변환 · 공급 · 제어 장치 제조업"
038010,KOSDAQ,"구조용 금속제품, 탱크 및 증기발생기 제조업"
002620,KOSPI,회사 본부 및 경영 컨설팅 서비스업
080220,KOSDAQ,반도체 제조업
006220,KOSPI,은행 및 저축기관
089590,KOSPI,항공 여객 운송업
216080,KOSDAQ,의료용품 및 기타 의약 관련제품 제조업
337930,KOSDAQ,기타 정보 서비스업
229000,KOSDAQ,의료용품 및 기타 의약 관련제품 제조업
082270,KOSDAQ,특수 목적용 기계 제조업
153890,KOSDAQ,"전동기, 발전기 및 전기 변환 · 공급 · 제어 장치 제조업"
004910,KOSPI,기타 화학제품 제조업
004700,KOSPI,"가죽, 가방 및 유사제품 제조업"
001550,KOSPI,"비료, 농약 및 살균, 살충제 제조업"
462520,KOSPI,"내화, 비내화 요업제품 제조업"
120030,KOSPI,기타 금속 가공제품 제조업
034940,KOSDAQ,의약품 제조업
067000,KOSDAQ,소프트웨어 개발 및 공급업
309930,KOSDAQ,기타 생활용품 소매업
018470,KOSPI,1차 비철금속 제조업
002600,KOSPI,기타 식품 제조업
018700,KOSDAQ,생활용품 도매업
185750,KOSPI,의약품 제조업
063160,KOSPI,의약품 제조업
001630,KOSPI,의약품 제조업
033340,KOSDAQ,봉제의복 제조업
036930,KOSDAQ GLOBAL,특수 목적용 기계 제조업
109070,KOSPI,통신 및 방송 장비 제조업
044380,KOSPI,컴퓨터 및 주변장치 제조업
072020,KOSDAQ,기초 의약물질 제조업
000440,KOSDAQ,기타 전문 도매업
051980,KOSDAQ,통신 및 방송 장비 제조업
221800,KOSDAQ,기타 과학기술 서비스업
228760,KOSDAQ,자연과학 및 공학 연구개발업
314130,KOSDAQ,기초 의약물질 제조업
013890,KOSPI,가구 제조업
389030,KOSDAQ,자연과학 및 공학 연구개발업
263860,KOSDAQ,소프트웨어 개발 및 공급업
303030,KOSDAQ,반도체 제조업
208350,KOSDAQ,소프트웨어 개발 및 공급업
446840,KOSDAQ,"측정, 시험, 항해, 제어 및 기타 정밀기기 제조업; 광학기기 제외"
144510,KOSDAQ,"그외 기타 전문, 과학 및 기술 서비스업"
340450,KOSDAQ,"그외 기타 전문, 과학 및 기술 서비스업"
306620,KOSDAQ,특수 목적용 기계 제조업
358570,KOSDAQ,자연과학 및 공학 연구개발업
382480,KOSDAQ,특수 목적용 기계 제조업
382800,KOSDAQ,특수 목적용 기계 제조업
299480,KONEX,기타 섬유제품 제조업
051160,KOSDAQ,소프트웨어 개발 및 공급업
053050,KOSDAQ,연료용 가스 제조 및 배관공급업
076340,KONEX,기반조성 및 시설물 축조관련 전문공사업
388610,KOSDAQ,기타 화학제품 제조업
493330,KOSDAQ,일반 목적용 기계 제조업
119850,KOSDAQ,"전동기, 발전기 및 전기 변환 · 공급 · 제어 장치 제조업"
065060,KOSDAQ,봉제의복 제조업
204840,KOSDAQ,생활용품 도매업
013870,KOSPI,자동차 신품 부품 제조업
071320,KOSPI,"증기, 냉·온수 및 공기조절 공급업"
311320,KOSDAQ,전자부품 제조업
456160,KOSDAQ,의약품 제조업
388050,KOSDAQ,"전동기, 발전기 및 전기 변환 · 공급 · 제어 장치 제조업"
088790,KOSPI,기타 전문 도매업
018120,KOSDAQ,알코올음료 제조업
109820,KOSDAQ,자연과학 및 공학 연구개발업
086060,KOSDAQ,산업용 농·축산물 및 동·식물 도매업
036890,KOSDAQ,특수 목적용 기계 제조업
363250,KOSDAQ,의료용 기기 제조업
003780,KOSPI,플라스틱제품 제조업
007370,KOSDAQ,의약품 제조업
010640,KOSPI,플라스틱제품 제조업
100250,KOSPI,플라스틱제품 제조업
051630,KOSPI,플라스틱제품 제조업
272450,KOSPI,항공 여객 운송업
285800,KOSDAQ,플라스틱제품 제조업
011000,KOSPI,의약품 제조업
250030,KONEX,기타 화학제품 제조업
002780,KOSPI,토목 건설업
233990,KONEX,기타 화학제품 제조업
025620,KOSPI,기타 화학제품 제조업
085660,KOSDAQ,기초 의약물질 제조업
351870,KOSDAQ,광고업
009310,KOSPI,특수 목적용 기계 제조업
094850,KOSDAQ,여행사 및 기타 여행보조 서비스업
004650,KOSDAQ,알코올음료 제조업
0011T0,KOSDAQ,"전동기, 발전기 및 전기 변환 · 공급 · 제어 장치 제조업"
278280,KOSDAQ,기초 화학물질 제조업
000650,KOSPI,육상 여객 운송업
362320,KOSDAQ,생활용품 도매업
013720,KOSDAQ,자동차 신품 부품 제조업
066360,KOSDAQ,"도축, 육류 가공 및 저장 처리업"
033250,KOSPI,자동차 신품 부품 제조업
047820,KOSDAQ,"영화, 비디오물, 방송프로그램 제작 및 배급업"
291650,KOSDAQ,자연과학 및 공학 연구개발업
094360,KOSDAQ,반도체 제조업
0082N0,KOSDAQ,자연과학 및 공학 연구개발업
016920,KOSDAQ,기계장비 및 관련 물품 도매업
284620,KOSDAQ,자연과학 및 공학 연구개발업
035720,KOSPI,"자료처리, 호스팅, 포털 및 기타 인터넷 정보매개 서비스업"
293490,KOSDAQ GLOBAL,소프트웨어 개발 및 공급업
323410,KOSPI,은행 및 저축기관
377300,KOSPI,금융 지원 서비스업
140430,KOSDAQ,"컴퓨터 프로그래밍, 시스템 통합 및 관리업"
042000,KOSDAQ,"자료처리, 호스팅, 포털 및 기타 인터넷 정보매개 서비스업"
006380,KOSPI,기초 화학물질 제조업
313760,KOSDAQ,"전동기, 발전기 및 전기 변환 · 공급 · 제어 장치 제조업"
071850,KOSDAQ,자동차 신품 부품 제조업
198080,KOSDAQ,전자부품 제조업
210120,KOSDAQ,"영화, 비디오물, 방송프로그램 제작 및 배급업"
050110,KOSDAQ,전자부품 제조업
452300,KOSDAQ,기타 금융업
451760,KOSDAQ,"컴퓨터 프로그래밍, 시스템 통합 및 관리업"
900310,KOSDAQ,기타 금융업
078340,KOSDAQ GLOBAL,소프트웨어 개발 및 공급업
291230,KOSDAQ,기타 사업지원 서비스업
063080,KOSDAQ,소프트웨어 개발 및 공급업
307930,KOSDAQ,기타 금융업
079190,KOSDAQ,통신 및 방송 장비 제조업
263700,KOSDAQ,광고업
214370,KOSDAQ,기초 의약물질 제조업
221980,KOSDAQ,기타 화학제품 제조업
038530,KOSDAQ,생활용품 도매업
279570,KOSPI,은행 및 저축기관
001620,KOSPI,자동차 신품 부품 제조업
192250,KOSDAQ,소프트웨어 개발 및 공급업
431190,KOSDAQ,소프트웨어 개발 및 공급업
029460,KOSPI,"측정, 시험, 항해, 제어 및 기타 정밀기기 제조업; 광학기기 제외"
115500,KOSDAQ,"컴퓨터 프로그래밍, 시스템 통합 및 관리업"
281820,KOSPI,"측정, 시험, 항해, 제어 및 기타 정밀기기 제조업; 광학기기 제외"
089150,KOSDAQ,"컴퓨터 프로그래밍, 시스템 통합 및 관리업"
025880,KOSDAQ,동물용 사료 및 조제식품 제조업
093320,KOSDAQ,"자료처리, 호스팅, 포털 및 기타 인터넷 정보매개 서비스업"
093640,KOSDAQ,반도체 제조업
487400,KOSDAQ,통신 및 방송 장비 제조업
073010,KOSDAQ,일반 목적용 기계 제조업
105330,KOSDAQ,자동차 신품 부품 제조업
053080,KOSDAQ,일반 목적용 기계 제조업
199430,KOSDAQ,"측정, 시험, 항해, 제어 및 기타 정밀기기 제조업; 광학기기 제외"
432470,KOSDAQ,특수 목적용 기계 제조업
272110,KOSDAQ,반도체 제조업
039420,KOSDAQ,전기 통신업
083550,KOSDAQ,기타 섬유제품 제조업
032500,KOSDAQ,통신 및 방송 장비 제조업
225430,KOSDAQ,기타 화학제품 제조업
102370,KOSDAQ,상품 중개업
068100,KOSDAQ,일반 목적용 기계 제조업
106080,KOSDAQ,전자부품 제조업
455180,KOSDAQ,특수 목적용 기계 제조업
381970,KOSPI,자동차 판매업
145270,KOSPI,부동산 임대 및 공급업
036030,KOSDAQ,상품 중개업
064820,KOSDAQ,선박 및 보트 건조업
024880,KOSDAQ,기타 금속 가공제품 제조업
042040,KOSDAQ,기타 전문 도매업
054410,KOSDAQ,"섬유, 의복, 신발 및 가죽제품 소매업"
288180,KOSDAQ,"항공기,우주선 및 부품 제조업"
258610,KOSDAQ,"구조용 금속제품, 탱크 및 증기발생기 제조업"
274090,KOSDAQ,"항공기,우주선 및 부품 제조업"
402420,KONEX,의료용 기기 제조업
089010,KOSDAQ,기타 화학제품 제조업
220260,KOSDAQ,기타 화학제품 제조업
176590,KONEX,기타 금속 가공제품 제조업
052400,KOSDAQ GLOBAL,소프트웨어 개발 및 공급업
402030,KOSDAQ,소프트웨어 개발 및 공급업
391710,KOSDAQ,특수 목적용 기계 제조업
046070,KOSDAQ,자동차 신품 부품 제조업
047770,KOSDAQ,봉제의복 제조업
080530,KOSDAQ,기타 화학제품 제조업
417310,KOSPI,부동산 임대 및 공급업
357120,KOSPI,부동산 임대 및 공급업
104540,KOSDAQ,의료용 기기 제조업
027050,KOSDAQ,기타 화학제품 제조업
007810,KOSPI,전자부품 제조업
190650,KOSDAQ,금융 지원 서비스업
123410,KOSDAQ,자동차 신품 부품 제조업
003690,KOSPI,재 보험업
036690,KOSDAQ,통신 및 방송 장비 제조업
049430,KOSDAQ,"측정, 시험, 항해, 제어 및 기타 정밀기기 제조업; 광학기기 제외"
183300,KOSDAQ,특수 목적용 기계 제조업
041960,KOSDAQ,의약품 제조업
089890,KOSDAQ,특수 목적용 기계 제조업
360350,KOSDAQ,"측정, 시험, 항해, 제어 및 기타 정밀기기 제조업; 광학기기 제외"
189350,KONEX,통신 및 방송 장비 제조업
082660,KOSDAQ,기타 화학제품 제조업
043710,KOSDAQ,기타 전문 도매업
192820,KOSPI,기타 화학제품 제조업
044820,KOSPI,기타 금융업
222040,KOSDAQ,기타 식품 제조업
241710,KOSDAQ GLOBAL,기타 화학제품 제조업
439960,KOSDAQ,의료용 기기 제조업
005070,KOSPI,기타 화학제품 제조업
005420,KOSPI,기타 화학제품 제조업
355150,KOSDAQ,반도체 제조업
169670,KONEX,특수 목적용 기계 제조업
071950,KOSPI,가구 제조업
166480,KOSDAQ,의약품 제조업
045970,KOSDAQ,전자부품 제조업
196450,KOSDAQ,사진장비 및 광학기기 제조업
384470,KOSDAQ,소프트웨어 개발 및 공급업
002020,KOSPI,기타 금융업
003070,KOSPI,토목 건설업
102940,KOSDAQ,기초 의약물질 제조업
120110,KOSPI,화학섬유 제조업
950160,KOSDAQ,기초 의약물질 제조업
021240,KOSPI,그외 기타 개인 서비스업
056360,KOSDAQ,통신 및 방송 장비 제조업
282880,KOSDAQ,특수 목적용 기계 제조업
121850,KOSDAQ,플라스틱제품 제조업
448710,KOSDAQ,컴퓨터 및 주변장치 제조업
126730,KOSDAQ,전자부품 제조업
015710,KOSDAQ,통신 및 방송 장비 제조업
052330,KOSDAQ,영상 및 음향기기 제조업
322780,KOSDAQ,"영화, 비디오물, 방송프로그램 제작 및 배급업"
036420,KOSPI,"영화, 비디오물, 방송프로그램 제작 및 배급업"
215380,KOSDAQ,자연과학 및 공학 연구개발업
200130,KOSDAQ GLOBAL,기초 의약물질 제조업
024720,KOSPI,기타 금융업
294570,KOSDAQ,기타 정보 서비스업
192400,KOSPI,기타 금융업
284740,KOSPI,개인 및 가정용품 임대업
464490,KOSDAQ,기초 의약물질 제조업
317690,KOSDAQ,의료용 기기 제조업
070300,KOSDAQ,소프트웨어 개발 및 공급업
432720,KOSDAQ,반도체 제조업
456190,KONEX,의료용품 및 기타 의약 관련제품 제조업
365270,KOSDAQ,자연과학 및 공학 연구개발업
348080,KOSDAQ,자연과학 및 공학 연구개발업
060280,KOSDAQ,기타 상품 전문 소매업
372320,KOSDAQ,자연과학 및 공학 연구개발업
051780,KOSDAQ,음·식료품 및 담배 소매업
115180,KOSDAQ,자연과학 및 공학 연구개발업
494120,KOSDAQ,사진장비 및 광학기기 제조업
445680,KOSDAQ,의료용 기기 제조업
182360,KOSDAQ,오디오물 출판 및 원판 녹음업
405100,KOSDAQ,"그외 기타 전문, 과학 및 기술 서비스업"
066310,KOSDAQ,반도체 제조업
377460,KOSDAQ,개인 및 가정용품 수리업
136660,KONEX,특수 목적용 기계 제조업
016600,KOSDAQ,기타 금융업
355390,KOSDAQ,소프트웨어 개발 및 공급업
264900,KOSPI,"떡, 빵 및 과자류 제조업"
005740,KOSPI,기타 금융업
259960,KOSPI,소프트웨어 개발 및 공급업
096240,KOSDAQ,일반 교습 학원
040350,KOSDAQ,"컴퓨터 프로그래밍, 시스템 통합 및 관리업"
215570,KONEX,자연과학 및 공학 연구개발업
110790,KOSDAQ,봉제의복 제조업
900250,KOSDAQ,기타 금융업
045520,KOSDAQ,일반 목적용 기계 제조업
214150,KOSDAQ GLOBAL,의료용 기기 제조업
466100,KOSDAQ,소프트웨어 개발 및 공급업
237880,KOSDAQ,기타 화학제품 제조업
139670,KOSDAQ,소프트웨어 개발 및 공급업
020120,KOSPI,"자료처리, 호스팅, 포털 및 기타 인터넷 정보매개 서비스업"
475430,KOSDAQ,절연선 및 케이블 제조업
487720,KOSDAQ,금융 지원 서비스업
489480,KOSDAQ,금융 지원 서비스업
039490,KOSPI,금융 지원 서비스업
466690,KOSDAQ,금융 지원 서비스업
0131D0,KOSDAQ,금융 지원 서비스업
054780,KOSDAQ,"영화, 비디오물, 방송프로그램 제작 및 배급업"
256940,KOSDAQ,의약품 제조업
336040,KONEX,의료용 기기 제조업
219130,KOSDAQ,전자부품 제조업
346010,KONEX,전자부품 제조업
318660,KONEX,소프트웨어 개발 및 공급업
476710,KONEX,창작 및 예술관련 서비스업
434190,KONEX,일차전지 및 이차전지 제조업
336680,KOSDAQ,전자부품 제조업
360070,KOSDAQ,일차전지 및 이차전지 제조업
180060,KONEX,기타 전기장비 제조업
065130,KOSDAQ,특수 목적용 기계 제조업
134580,KOSDAQ,"자료처리, 호스팅, 포털 및 기타 인터넷 정보매개 서비스업"
014580,KOSPI,"시멘트, 석회, 플라스터 및 그 제품 제조업"
015890,KOSPI,기초 화학물질 제조업
006890,KOSPI,기초 화학물질 제조업
023160,KOSDAQ GLOBAL,1차 철강 제조업
003240,KOSPI,화학섬유 제조업
011280,KOSPI,"골판지, 종이 상자 및 종이용기 제조업"
323280,KOSDAQ,특수 목적용 기계 제조업
053620,KOSDAQ,기타 금속 가공제품 제조업
052960,KONEX,자동차 부품 및 내장품 판매업
004100,KOSPI,자동차 신품 부품 제조업
116100,KONEX,자동차 신품 부품 제조업
009410,KOSPI,토목 건설업
044490,KOSDAQ,기타 금속 가공제품 제조업
124560,KOSDAQ,기타 운송관련 서비스업
001420,KOSPI,자동차 신품 부품 제조업
191420,KOSDAQ,기초 의약물질 제조업
950250,KOSDAQ,기타 금융업
073640,KOSDAQ,기타 금속 가공제품 제조업
066700,KOSDAQ,의약품 제조업
095610,KOSDAQ GLOBAL,특수 목적용 기계 제조업
055490,KOSPI,플라스틱제품 제조업
064520,KOSDAQ,반도체 제조업
089030,KOSDAQ,특수 목적용 기계 제조업
258050,KONEX,기타 금속 가공제품 제조업
054450,KOSDAQ,반도체 제조업
078000,KOSPI,"자료처리, 호스팅, 포털 및 기타 인터넷 정보매개 서비스업"
200230,KOSDAQ,의약품 제조업
214420,KOSPI,기타 화학제품 제조업
393210,KOSDAQ,소프트웨어 개발 및 공급업
475960,KOSDAQ,사진장비 및 광학기기 제조업
215480,KOSDAQ,"섬유, 의복, 신발 및 가죽제품 소매업"
051360,KOSDAQ,영상 및 음향기기 제조업
045340,KOSDAQ,소프트웨어 개발 및 공급업
108230,KOSDAQ,특수 목적용 기계 제조업
079970,KOSDAQ,소프트웨어 개발 및 공급업
199800,KOSDAQ,자연과학 및 공학 연구개발업
417790,KOSDAQ,영상 및 음향기기 제조업
091810,KOSPI,항공 여객 운송업
290090,KOSDAQ,소프트웨어 개발 및 공급업
026150,KOSDAQ,토목 건설업
464280,KOSDAQ,의약품 제조업
117730,KOSDAQ,특수 목적용 기계 제조업
033830,KOSDAQ,텔레비전 방송업
057680,KOSDAQ,소프트웨어 개발 및 공급업
204610,KOSDAQ,소프트웨어 개발 및 공급업
125020,KOSDAQ,절연선 및 케이블 제조업
064760,KOSDAQ GLOBAL,기타 비금속 광물제품 제조업
246710,KOSDAQ,기초 의약물질 제조업
340570,KOSDAQ,의료용품 및 기타 의약 관련제품 제조업
043220,KOSDAQ,특수 목적용 기계 제조업
277880,KOSDAQ,특수 목적용 기계 제조업
131290,KOSDAQ,"측정, 시험, 항해, 제어 및 기타 정밀기기 제조업; 광학기기 제외"
019180,KOSPI,기타 전기장비 제조업
425420,KOSDAQ,전자부품 제조업
484810,KOSDAQ,일반 목적용 기계 제조업
131100,KOSDAQ,"영화, 비디오물, 방송프로그램 제작 및 배급업"
356860,KOSDAQ,전자부품 제조업
413300,KONEX,"건축기술, 엔지니어링 및 관련 기술 서비스업"
217590,KOSPI,절연선 및 케이블 제조업
363280,KOSPI,기타 금융업
321550,KOSDAQ,자연과학 및 공학 연구개발업
004870,KOSPI,"시멘트, 석회, 플라스터 및 그 제품 제조업"
425040,KOSDAQ,기초 화학물질 제조업
241790,KOSDAQ,특수 목적용 기계 제조업
022220,KOSDAQ,플라스틱제품 제조업
104480,KOSDAQ,화학섬유 제조업
081150,KOSDAQ,1차 비철금속 제조업
130740,KOSDAQ,자동차 신품 부품 제조업
217880,KONEX,소프트웨어 개발 및 공급업
084730,KOSDAQ,통신 및 방송 장비 제조업
440110,KOSDAQ,반도체 제조업
034230,KOSPI,유원지 및 기타 오락관련 서비스업
290560,KOSDAQ,소프트웨어 개발 및 공급업
288330,KOSDAQ,"그외 기타 전문, 과학 및 기술 서비스업"
033540,KOSDAQ,특수 목적용 기계 제조업
388870,KOSDAQ,자연과학 및 공학 연구개발업
043200,KOSDAQ,"전동기, 발전기 및 전기 변환 · 공급 · 제어 장치 제조업"
214450,KOSDAQ GLOBAL,의료용품 및 기타 의약 관련제품 제조업
217950,KONEX,의약품 제조업
005690,KOSPI,전자부품 제조업
177830,KOSDAQ,전자부품 제조업
037070,KOSDAQ,가정용 기기 제조업
150900,KOSDAQ,소프트웨어 개발 및 공급업
037030,KOSDAQ,"전동기, 발전기 및 전기 변환 · 공급 · 제어 장치 제조업"
047310,KOSDAQ,"전동기, 발전기 및 전기 변환 · 공급 · 제어 장치 제조업"
368770,KOSDAQ,"측정, 시험, 항해, 제어 및 기타 정밀기기 제조업; 광학기기 제외"
170790,KOSDAQ,통신 및 방송 장비 제조업
900100,KOSDAQ,자동차 부품 및 내장품 판매업
049120,KOSDAQ,전자부품 제조업
038950,KOSDAQ,통신 및 방송 장비 제조업
387570,KOSDAQ,의료용 기기 제조업
441270,KOSDAQ,전자부품 제조업
106240,KOSDAQ,전구 및 조명장치 제조업
131760,KOSDAQ,특수 목적용 기계 제조업
065690,KOSDAQ,고무제품 제조업
140860,KOSDAQ GLOBAL,"측정, 시험, 항해, 제어 및 기타 정밀기기 제조업; 광학기기 제외"
091700,KOSDAQ,전자부품 제조업
202960,KONEX,소프트웨어 개발 및 공급업
032800,KOSDAQ,창작 및 예술관련 서비스업
318010,KOSDAQ,기타 식품 제조업
036580,KOSPI,"곡물가공품, 전분 및 전분제품 제조업"
027710,KOSDAQ,동물용 사료 및 조제식품 제조업
004720,KOSPI,의약품 제조업
266350,KONEX,소프트웨어 개발 및 공급업
225590,KOSDAQ,봉제의복 제조업
054300,KOSDAQ,일반 목적용 기계 제조업
068050,KOSDAQ,"영화, 비디오물, 방송프로그램 제작 및 배급업"
028670,KOSPI,해상 운송업
222110,KOSDAQ,의약품 제조업
271830,KOSDAQ,특수 목적용 기계 제조업
010820,KOSPI,무기 및 총포탄 제조업
016800,KOSPI,가구 제조업
263750,KOSDAQ,소프트웨어 개발 및 공급업
251970,KOSDAQ GLOBAL,플라스틱제품 제조업
187660,KOSDAQ,자연과학 및 공학 연구개발업
0015S0,KOSDAQ,"그외 기타 전문, 과학 및 기술 서비스업"
001020,KOSPI,"펄프, 종이 및 판지 제조업"
168360,KOSDAQ,특수 목적용 기계 제조업
087010,KOSDAQ,기초 의약물질 제조업
090080,KOSPI,자동차 신품 부품 제조업
010770,KOSPI,자동차 신품 부품 제조업
064800,KOSDAQ,"섬유, 의복, 신발 및 가죽제품 소매업"
119500,KOSDAQ,기타 금속 가공제품 제조업
389140,KOSDAQ,"영화, 비디오물, 방송프로그램 제작 및 배급업"
105760,KOSDAQ,일반 목적용 기계 제조업
022100,KOSPI,"건축기술, 엔지니어링 및 관련 기술 서비스업"
058430,KOSPI,1차 철강 제조업
009520,KOSDAQ GLOBAL,1차 철강 제조업
047050,KOSPI,상품 중개업
003670,KOSPI,일차전지 및 이차전지 제조업
189690,KOSDAQ,소프트웨어 개발 및 공급업
318020,KOSDAQ,컴퓨터 및 주변장치 제조업
256630,KOSDAQ,기타 금속 가공제품 제조업
331380,KOSDAQ,영상 및 음향기기 제조업
208710,KOSDAQ,전자부품 제조업
472850,KOSDAQ,"섬유, 의복, 신발 및 가죽제품 소매업"
039980,KOSDAQ,"컴퓨터 프로그래밍, 시스템 통합 및 관리업"
041910,KOSDAQ,의약품 제조업
220180,KOSDAQ,소프트웨어 개발 및 공급업
234100,KOSDAQ,자동차 신품 부품 제조업
041020,KOSDAQ,소프트웨어 개발 및 공급업
114630,KOSDAQ,화학섬유 제조업
487580,KOSDAQ,가정용 기기 제조업
290720,KOSDAQ,무점포 소매업
005670,KOSDAQ,"과실, 채소 가공 및 저장 처리업"
094940,KOSDAQ,컴퓨터 및 주변장치 제조업
007330,KOSDAQ,은행 및 저축기관
017810,KOSPI,기타 식품 제조업
093380,KOSDAQ,기타 금속 가공제품 제조업
023900,KOSDAQ,알코올음료 제조업
103140,KOSPI,1차 비철금속 제조업
005810,KOSPI,기타 금융업
371950,KOSDAQ,전자부품 제조업
298060,KOSDAQ,의약품 제조업
370090,KOSDAQ,"측정, 시험, 항해, 제어 및 기타 정밀기기 제조업; 광학기기 제외"
445180,KOSDAQ,기초 화학물질 제조업
341170,KONEX,자연과학 및 공학 연구개발업
220100,KOSDAQ,의약품 제조업
035200,KOSDAQ,플라스틱제품 제조업
334970,KOSDAQ,의약품 제조업
950210,KOSPI,자연과학 및 공학 연구개발업
321260,KOSDAQ,반도체 제조업
296160,KONEX,자연과학 및 공학 연구개발업
053610,KOSDAQ,특수 목적용 기계 제조업
468530,KOSDAQ,자연과학 및 공학 연구개발업
303360,KOSDAQ,의료용 기기 제조업
377220,KOSDAQ,기타 식품 제조업
335810,KOSDAQ,의료용 기기 제조업
053160,KOSDAQ,"전동기, 발전기 및 전기 변환 · 공급 · 제어 장치 제조업"
006490,KOSPI,전기 통신업
405000,KOSDAQ,의료용 기기 제조업
041590,KOSDAQ,실내건축 및 건축마무리 공사업
367000,KOSDAQ,소프트웨어 개발 및 공급업
075130,KOSDAQ,"컴퓨터 프로그래밍, 시스템 통합 및 관리업"
222670,KONEX,자연과학 및 공학 연구개발업
237820,KOSDAQ,광고업
023770,KOSDAQ,소프트웨어 개발 및 공급업
300080,KOSDAQ,"자료처리, 호스팅, 포털 및 기타 인터넷 정보매개 서비스업"
033790,KOSDAQ,일차전지 및 이차전지 제조업
032580,KOSDAQ,반도체 제조업
0117P0,KOSDAQ,"섬유, 의복, 신발 및 가죽제품 소매업"
051380,KOSDAQ,기계장비 및 관련 물품 도매업
241820,KOSDAQ,의료용품 및 기타 의약 관련제품 제조업
452450,KOSDAQ,특수 목적용 기계 제조업
237750,KOSDAQ,"전동기, 발전기 및 전기 변환 · 공급 · 제어 장치 제조업"
460940,KOSDAQ,의료용 기기 제조업
319660,KOSDAQ,특수 목적용 기계 제조업
031980,KOSDAQ,특수 목적용 기계 제조업
002230,KOSDAQ,"측정, 시험, 항해, 제어 및 기타 정밀기기 제조업; 광학기기 제외"
043370,KOSDAQ,자동차 신품 부품 제조업
239890,KOSDAQ,기초 화학물질 제조업
347740,KOSDAQ,"그외 기타 전문, 과학 및 기술 서비스업"
137400,KOSDAQ GLOBAL,특수 목적용 기계 제조업
257370,KOSDAQ,특수 목적용 기계 제조업
147760,KOSDAQ,"측정, 시험, 항해, 제어 및 기타 정밀기기 제조업; 광학기기 제외"
128660,KOSDAQ,1차 비철금속 제조업
006140,KOSDAQ,의료용 기기 제조업
376180,KOSDAQ,그외 기타 제품 제조업
304840,KOSDAQ,의료용품 및 기타 의약 관련제품 제조업
087600,KOSDAQ,전자부품 제조업
291810,KOSDAQ,소프트웨어 개발 및 공급업
378340,KOSDAQ,특수 목적용 기계 제조업
161580,KOSDAQ,특수 목적용 기계 제조업
347770,KOSDAQ,전자부품 제조업
163730,KOSDAQ,소프트웨어 개발 및 공급업
417180,KOSDAQ,기타 정보 서비스업
469900,KOSDAQ,금융 지원 서비스업
475240,KOSDAQ,금융 지원 서비스업
475250,KOSDAQ,금융 지원 서비스업
484130,KOSDAQ,금융 지원 서비스업
0041L0,KOSDAQ,금융 지원 서비스업
0101C0,KOSDAQ,금융 지원 서비스업
086790,KOSPI,기타 금융업
299030,KOSDAQ,특수 목적용 기계 제조업
067310,KOSDAQ,반도체 제조업
166090,KOSDAQ,반도체 제조업
293480,KOSPI,의약품 제조업
039130,KOSPI,여행사 및 기타 여행보조 서비스업
136480,KOSDAQ,"도축, 육류 가공 및 저장 처리업"
003380,KOSDAQ GLOBAL,기타 금융업
450330,KOSDAQ,의료용품 및 기타 의약 관련제품 제조업
101670,KOSDAQ,"구조용 금속제품, 탱크 및 증기발생기 제조업"
365590,KOSDAQ,반도체 제조업
149980,KOSDAQ,의료용 기기 제조업
013030,KOSDAQ,1차 철강 제조업
352820,KOSPI,오디오물 출판 및 원판 녹음업
126700,KOSDAQ,사진장비 및 광학기기 제조업
071090,KOSPI,1차 철강 제조업
160190,KOSDAQ,"전동기, 발전기 및 전기 변환 · 공급 · 제어 장치 제조업"
221840,KOSDAQ,"항공기,우주선 및 부품 제조업"
106190,KOSDAQ,기초 의약물질 제조업
000080,KOSPI,알코올음료 제조업
000140,KOSPI,기타 금융업
065650,KOSDAQ,기계장비 및 관련 물품 도매업
066130,KOSDAQ,가정용 기기 제조업
004590,KOSDAQ,기타 상품 전문 소매업
036460,KOSPI,연료용 가스 제조 및 배관공급업
039340,KOSDAQ,텔레비전 방송업
005430,KOSPI,기타 운송관련 서비스업
071050,KOSPI,기타 금융업
034950,KOSDAQ,기타 사업지원 서비스업
010040,KOSPI,"내화, 비내화 요업제품 제조업"
025540,KOSPI,"전동기, 발전기 및 전기 변환 · 공급 · 제어 장치 제조업"
222980,KOSDAQ,기타 식품 제조업
010100,KOSPI,자동차 신품 부품 제조업
331660,KONEX,기타 화학제품 제조업
256840,KOSDAQ,기초 의약물질 제조업
219750,KOSDAQ,의료용 기기 제조업
004090,KOSPI,기타 비금속 광물제품 제조업
025550,KOSDAQ,1차 철강 제조업
002200,KOSPI,"골판지, 종이 상자 및 종이용기 제조업"
002960,KOSPI,석유 정제품 제조업
017890,KOSDAQ,기타 화학제품 제조업
000240,KOSPI,기타 금융업
080720,KOSDAQ,의약품 제조업
123890,KOSPI,신탁업 및 집합투자업
015760,KOSPI,전기업
041460,KOSDAQ,소프트웨어 개발 및 공급업
006200,KOSPI,기타 금융업
101680,KOSDAQ,특수 목적용 기계 제조업
039740,KOSDAQ,기타 전문 도매업
053300,KOSDAQ,소프트웨어 개발 및 공급업
025770,KOSDAQ,전기 통신업
479880,KOSDAQ,금융 지원 서비스업
0164H0,KOSDAQ,금융 지원 서비스업
027970,KOSPI,"펄프, 종이 및 판지 제조업"
023350,KOSPI,"건축기술, 엔지니어링 및 관련 기술 서비스업"
025890,KOSPI,특수 목적용 기계 제조업
000970,KOSPI,1차 철강 제조업
104700,KOSPI,1차 철강 제조업
062970,KOSDAQ,통신 및 방송 장비 제조업
017960,KOSPI,"구조용 금속제품, 탱크 및 증기발생기 제조업"
023760,KOSDAQ,기타 금융업
054040,KOSDAQ,전자부품 제조업
161890,KOSPI,기타 화학제품 제조업
021650,KOSDAQ,플라스틱제품 제조업
161390,KOSPI,고무제품 제조업
034830,KOSPI,신탁업 및 집합투자업
007280,KOSPI,1차 철강 제조업
032300,KOSDAQ,의약품 제조업
037230,KOSDAQ,"골판지, 종이 상자 및 종이용기 제조업"
448900,KOSDAQ,자동차 신품 부품 제조업
047810,KOSPI,"항공기,우주선 및 부품 제조업"
123690,KOSPI,생활용품 도매업
003350,KOSPI,기타 화학제품 제조업
052600,KOSDAQ,전기 통신업
011500,KOSPI,기타 화학제품 제조업
002390,KOSPI,의약품 제조업
256150,KOSDAQ,일반 목적용 기계 제조업
092460,KOSDAQ,선박 및 보트 건조업
125490,KOSDAQ,자동차 신품 부품 제조업
053690,KOSPI,"건축기술, 엔지니어링 및 관련 기술 서비스업"
042700,KOSPI,특수 목적용 기계 제조업
008930,KOSPI,기타 금융업
128940,KOSPI,의약품 제조업
452190,KOSDAQ,특수 목적용 기계 제조업
047080,KOSDAQ,소프트웨어 개발 및 공급업
009240,KOSPI,생활용품 도매업
452280,KOSDAQ,기타 금속 가공제품 제조업
020000,KOSPI,봉제의복 제조업
003680,KOSPI,수산물 가공 및 저장 처리업
066980,KOSDAQ,"건축기술, 엔지니어링 및 관련 기술 서비스업"
105630,KOSPI,봉제의복 제조업
069640,KOSPI,"섬유, 의복, 신발 및 가죽제품 소매업"
016450,KOSPI,봉제의복 제조업
009180,KOSPI,기타 운송관련 서비스업
114810,KOSDAQ,특수 목적용 기계 제조업
213500,KOSPI,"펄프, 종이 및 판지 제조업"
014680,KOSPI,기초 화학물질 제조업
004710,KOSPI,전자부품 제조업
004150,KOSPI,기타 금융업
025750,KOSPI,제재 및 목재 가공업
042520,KOSDAQ,의료용품 및 기타 의약 관련제품 제조업
004960,KOSPI,건물 건설업
011700,KOSPI,일반 목적용 기계 제조업
430690,KOSDAQ,소프트웨어 개발 및 공급업
078350,KOSDAQ,반도체 제조업
045100,KOSDAQ,"건축기술, 엔지니어링 및 관련 기술 서비스업"
001750,KOSPI,금융 지원 서비스업
018880,KOSPI,일반 목적용 기계 제조업
009420,KOSPI,의약품 제조업
320000,KOSDAQ,특수 목적용 기계 제조업
091440,KOSDAQ,통신 및 방송 장비 제조업
276730,KOSDAQ,알코올음료 제조업
014130,KOSPI,도로 화물 운송업
024740,KOSDAQ,자동차 신품 부품 제조업
005860,KOSDAQ,동물용 사료 및 조제식품 제조업
300720,KOSPI,"시멘트, 석회, 플라스터 및 그 제품 제조업"
002220,KOSPI,1차 철강 제조업
003300,KOSPI,"시멘트, 석회, 플라스터 및 그 제품 제조업"
007770,KOSDAQ,기초 화학물질 제조업
051600,KOSPI,전기 및 통신 공사업
052690,KOSPI,"건축기술, 엔지니어링 및 관련 기술 서비스업"
130660,KOSPI,"건축기술, 엔지니어링 및 관련 기술 서비스업"
198940,KOSDAQ,1차 비철금속 제조업
058450,KOSDAQ,"영화, 비디오물, 방송프로그램 제작 및 배급업"
107640,KOSDAQ,"전동기, 발전기 및 전기 변환 · 공급 · 제어 장치 제조업"
002320,KOSPI,도로 화물 운송업
003480,KOSPI,연료용 가스 제조 및 배관공급업
180640,KOSPI,기타 금융업
005110,KOSPI,기계장비 및 관련 물품 도매업
079170,KOSDAQ,1차 비철금속 제조업
009460,KOSPI,"펄프, 종이 및 판지 제조업"
030520,KOSDAQ,소프트웨어 개발 및 공급업
372910,KOSPI,의료용 기기 제조업
054920,KOSDAQ,소프트웨어 개발 및 공급업
457370,KOSDAQ,기초 화학물질 제조업
002680,KOSDAQ,"곡물가공품, 전분 및 전분제품 제조업"
098070,KOSDAQ,"구조용 금속제품, 탱크 및 증기발생기 제조업"
408470,KOSDAQ,기타 금융업
000880,KOSPI,기타 화학제품 제조업
452260,KOSPI,종합 소매업
451800,KOSPI,부동산 임대 및 공급업
0220W0,KOSPI,기타 금융업
489790,KOSPI,통신 및 방송 장비 제조업
088350,KOSPI,보험업
000370,KOSPI,보험업
009830,KOSPI,기초 화학물질 제조업
272210,KOSPI,전자부품 제조업
012450,KOSPI,"항공기,우주선 및 부품 제조업"
082740,KOSPI,일반 목적용 기계 제조업
042660,KOSPI,선박 및 보트 건조업
003530,KOSPI,금융 지원 서비스업
498390,KOSDAQ,금융 지원 서비스업
195870,KOSPI,전자부품 제조업
034810,KOSDAQ,기타 금융업
059270,KOSDAQ,기타 금속 가공제품 제조업
076610,KOSDAQ,사진장비 및 광학기기 제조업
0155E0,KOSDAQ,반도체 제조업
101530,KOSPI,기타 식품 제조업
143210,KOSPI,자동차 신품 부품 제조업
900270,KOSDAQ,기타 금융업
214180,KOSDAQ,기타 정보 서비스업
234340,KOSDAQ,금융 지원 서비스업
084990,KOSDAQ,자연과학 및 공학 연구개발업
000720,KOSPI,토목 건설업
170030,KOSDAQ,자동차 신품 부품 제조업
453340,KOSPI,종합 소매업
086280,KOSPI,기타 운송관련 서비스업
064350,KOSPI,그외 기타 운송장비 제조업
079430,KOSPI,가구 제조업
012330,KOSPI,자동차 신품 부품 제조업
319400,KOSDAQ,일반 목적용 기계 제조업
048410,KOSDAQ,기타 화학제품 제조업
052260,KOSDAQ,기타 화학제품 제조업
069960,KOSPI,종합 소매업
004560,KOSPI,1차 철강 제조업
016790,KOSDAQ,동물용 사료 및 조제식품 제조업
004310,KOSPI,의약품 제조업
041440,KOSDAQ,특수 목적용 기계 제조업
039010,KOSDAQ,통신 및 방송 장비 제조업
017800,KOSPI,일반 목적용 기계 제조업
307950,KOSPI,소프트웨어 개발 및 공급업
011210,KOSPI,자동차 신품 부품 제조업
090850,KOSDAQ,소프트웨어 개발 및 공급업
004020,KOSPI,1차 철강 제조업
005440,KOSPI,기타 금융업
005380,KOSPI,자동차용 엔진 및 자동차 제조업
001500,KOSPI,금융 지원 서비스업
011760,KOSPI,상품 종합 도매업
227840,KOSPI,음·식료품 및 담배 도매업
126560,KOSPI,전기 통신업
001450,KOSPI,보험업
460930,KOSDAQ,선박 및 보트 건조업
092300,KOSDAQ,전자부품 제조업
011080,KOSDAQ,봉제의복 제조업
308100,KOSDAQ,"섬유, 의복, 신발 및 가죽제품 소매업"
093240,KOSPI,봉제의복 제조업
003010,KOSPI,기계장비 및 관련 물품 도매업
111110,KOSPI,봉제의복 제조업
008770,KOSPI,기타 상품 전문 소매업
064240,KOSDAQ,기타 전문 도매업
039610,KOSDAQ,일반 목적용 기계 제조업
378850,KOSPI,자동차 신품 부품 제조업
241590,KOSPI,신발 및 신발 부분품 제조업
006060,KOSPI,상품 종합 도매업
013520,KOSPI,자동차 신품 부품 제조업
010690,KOSPI,자동차 신품 부품 제조업
126640,KOSDAQ,자동차 신품 부품 제조업
133820,KOSPI,1차 철강 제조업
127980,KOSDAQ,전자부품 제조업
061250,KOSDAQ,의약품 제조업
010660,KOSPI,특수 목적용 기계 제조업
000850,KOSPI,특수 목적용 기계 제조업
016580,KOSPI,의약품 제조업
032560,KOSPI,1차 비철금속 제조업
004800,KOSPI,기타 금융업
094280,KOSPI,기타 사업지원 서비스업
097870,KOSDAQ,"비료, 농약 및 살균, 살충제 제조업"
298040,KOSPI,"전동기, 발전기 및 전기 변환 · 공급 · 제어 장치 제조업"
298020,KOSPI,화학섬유 제조업
298000,KOSPI,기초 화학물질 제조업
093370,KOSPI,기초 화학물질 제조업
290270,KOSDAQ,소프트웨어 개발 및 공급업
005870,KOSPI,통신 및 방송 장비 제조업
353190,KOSDAQ,기타 식품 제조업
090710,KOSDAQ,특수 목적용 기계 제조업
078590,KOSDAQ,자동차 신품 부품 제조업
205470,KOSDAQ,의료용품 및 기타 의약 관련제품 제조업
115160,KOSDAQ,기계장비 및 관련 물품 도매업
028080,KOSDAQ,"컴퓨터 프로그래밍, 시스템 통합 및 관리업"
200670,KOSDAQ,의약품 제조업
079980,KOSPI,화학섬유 제조업
065510,KOSDAQ,의료용 기기 제조업
005010,KOSPI,1차 철강 제조업
263920,KOSDAQ,그외 기타 제품 제조업
243070,KOSDAQ,의약품 제조업
084110,KOSDAQ,의약품 제조업
145020,KOSDAQ,기초 의약물질 제조업
024060,KOSDAQ,기타 전문 도매업
010240,KOSDAQ,특수 목적용 기계 제조업
189980,KOSDAQ,비알코올음료 및 얼음 제조업
000540,KOSPI,보험업
003280,KOSPI,해상 운송업
037440,KOSDAQ,"건축기술, 엔지니어링 및 관련 기술 서비스업"
238490,KOSDAQ,특수 목적용 기계 제조업
