date,ticker,name,ret3,ret10,ret20,fw5,fw60,amt20,r
20260730,0001A0,덕양에너젠,-15.737298636926889,-17.973462002412543,-24.52830188679245,-2.8448197123922996,3.073726147302957,5.859682425,30.013198263386393
20260402,000250,삼천당제약,-48.564189189189186,-23.396226415094333,-23.492462311557794,5.536877203558461,3.5783779999519707,3249.317479,-35.558125000000004
20260407,000250,삼천당제약,-14.778325123152714,-44.55128205128205,-33.96946564885496,6.181359460706745,3.527318190995959,3537.0740715,-9.061235697940504
20260408,000250,삼천당제약,-25.154320987654323,-56.50224215246637,-37.338501291989665,6.869417492407491,3.9730762077392434,3825.534822,-26.35155963302752
20260608,000250,삼천당제약,-20.860927152317878,-32.67605633802817,-40.17521902377973,15.50167012452111,2.079567279397351,750.21481825,-14.555630252100846
20260702,0007J0,인벤테라,-13.746065057712487,-22.011385199240983,-35.8814352574103,6.1508789602348815,1.3883984373318459,5.385704435,-17.981703163017034
20260619,0009K0,에임드바이오,-10.664335664335667,-3.5849056603773577,-23.273273273273276,-0.6597022951471578,1.901479514809456,101.45402325,-22.72409448818898
20260605,002680,한탑,-7.990867579908678,-30.03472222222222,-38.93939393939394,-6.993629582249268,7.381931714748243,2.7785308475,-7.945664160401007
20260609,002680,한탑,17.839195979899493,-17.137809187279153,-29.895366218236173,-14.691298337663971,5.578311800209476,3.226695095,-28.34666666666667
20260610,002680,한탑,12.158808933002474,-17.66848816029144,-30.354391371340526,-12.453936746998979,1.781838008599009,6.0465950025,-25.353469387755098
20260604,003310,대주산업,-15.789473684210531,-28.27586206896552,-39.53488372093024,21.906352434138643,2.1894617356625306,25.537147465,-21.762352941176474
20240805,005290,동진쎄미켐,-17.980636237897652,-18.76712328767123,-26.60891089108911,3.8436869079049543,3.057374770437876,165.5749303,-1.9554098360655776
20260615,006050,국영지앤엠,-21.43906020558003,-36.68639053254438,-52.528837622005334,11.29368425067362,6.715106960644582,4.65832743,-17.45981651376147
20260616,006050,국영지앤엠,-15.797317436661695,-31.92771084337349,-48.401826484018265,60.69580390119227,14.375192163895296,4.88116248,-20.990344827586213
20221223,007390,네이처셀,-5.937499999999996,-17.07988980716253,-20.370370370370374,9.550470296021825,1.3248407881481097,87.43704535,-9.946666666666667
20260626,0088M0,메쥬,-22.160148975791436,-33.86075949367089,-56.00000000000001,15.205440689234557,1.5991284951103222,23.111344205,-2.714130781499199
20260629,0088M0,메쥬,-8.028335301062572,-17.87032156035846,-39.49514563106796,19.578084864388224,2.0696725204905944,22.87106254,-23.072691029900334
20220127,010170,대한광통신,-9.115138592750538,-19.347209082308424,-23.4052111410602,3.488461713904614,1.0820632322739763,5.913883386499999,3.5399413489736116
20260626,016600,큐캐피탈,-18.500000000000007,-38.02281368821293,-33.82949932341002,14.48064082558759,17.057430839973776,6.233194725,-2.504742268041234
20260622,019550,SBI인베스트먼트,0.3976143141153132,17.305458768873393,-20.84639498432602,0.17634109326549516,1.4445830863223073,6.230287445499999,-4.012657200811361
20221014,023770,플레이위드,0.1879699248120259,-9.353741496598644,-26.685006877579088,8.77575515614963,1.7769408792747565,3.324693995,10.675212355212352
20260408,024940,PN풍년,-10.276679841897229,-18.44311377245509,-28.76569037656904,-4.470975136954132,1.9654858896325778,5.74006499,-9.720935672514615
20260409,024940,PN풍년,-13.031914893617024,-20.63106796116505,-32.71604938271605,-2.3029626989535785,2.119490025141701,6.28873814,-12.118729198184571
20210817,024950,삼천리자전거,-16.255431409062695,-20.87243401759531,-22.397181478285876,0.8733838104270149,1.8834253156614387,20.707476355,1.0270767504907994
20260715,025870,신라에스지,29.728132387706864,-1.7897091722595126,-27.557755775577554,-1.6703356328407466,1.9293041656233296,2.110090431,18.99510548523206
20260515,025980,아난티,-11.195158850226928,-18.35883171070932,-21.10215053763441,-6.8690993365799615,1.6889287901714098,91.81854081,-11.307177700348433
20240805,030520,한컴,-16.375198728139907,-20.34326097930338,-27.614678899082566,20.263473786422615,1.2922215836457185,68.9022606,18.548336495888687
20220927,031330,에스에이엠티,-6.456953642384111,-16.047548291233284,-20.4225352112676,5.802161337064607,2.1671297322375156,6.663231165,-9.523137254901966
20220928,031330,에스에이엠티,-9.121061359867333,-17.34539969834088,-20.69464544138929,8.17379587732529,2.8181207643414123,7.0155758025,-8.770909090909091
20220623,032850,비트컴퓨터,-11.335403726708071,-30.280830280830283,-29.85257985257985,19.705601881026606,1.7574127885316027,8.57595165,31.355714285714278
20220616,033130,디지틀조선,-9.561752988047811,-22.789115646258505,-26.17886178861789,12.387770904612495,1.8148032614221519,5.8584921825,-3.91214285714286
20260529,033160,엠케이전자,-36.76470588235294,-27.487352445193924,-29.39244663382594,-0.4535390942966062,1.7314456920079422,329.738603775,-2.0495067264574036
20260527,033170,시그네틱스,-4.613297150610585,-13.209876543209875,-31.07843137254902,-71.44536120403616,2.002670506417403,6.24678295,-38.54440677966102
20260615,033340,좋은사람들,23.471882640586795,-4.536862003780717,-31.292517006802722,-4.577431220415287,2.9184559767400033,16.1437002305,-58.18000000000001
20260617,033340,좋은사람들,11.097852028639622,-1.3771186440677985,-27.54863813229572,-14.718135382210507,1.1778689162089173,17.635859445,-58.27779179810725
20260716,033340,좋은사람들,23.25581395348837,-7.017543859649122,-41.11111111111111,3.5188524817732754,5.270222863675498,9.879724655,-46.12444444444444
20260720,033340,좋은사람들,-9.951456310679607,-34.91228070175438,-55.35499398315282,-2.5235482681944412,3.8637584063521855,10.934985041500001,19.665070422535205
20260721,033340,좋은사람들,-8.578431372549023,-32.427536231884055,-53.433208489388264,-4.206873807268282,3.537390326966124,11.420838706500001,47.75048128342245
20220616,033640,네패스,-9.727626459143968,-20.274914089347075,-22.666666666666668,6.599271389267107,2.0054652820080463,35.19407645,-19.18357142857143
20220622,033640,네패스,-12.638580931263855,-30.388692579505307,-32.41852487135506,8.178576374463372,2.157475884112464,38.365436825,-3.643819095477382
20240805,033640,네패스,-20.63492063492064,-22.839506172839506,-29.62702322308234,10.383935770530615,2.0450114117327787,11.760868425,-6.5800000000000045
20240912,033640,네패스,-5.61797752808989,-15.492957746478876,-24.2560865644725,29.051571365223914,8.269194044127627,8.18063721,-9.894285714285719
20240805,036540,SFA반도체,-22.10526315789474,-23.71134020618557,-30.711610486891384,6.799873453001218,2.4478860810932574,32.060633285,2.3545013477088848
20240806,036540,SFA반도체,-16.281512605042014,-17.15176715176715,-25.791433891992554,13.279024679826378,3.519564546141533,34.40596582,-9.751989860583016
20260625,036620,감성코퍼레이션,-14.057142857142857,-25.24850894632207,-24.04040404040404,5.391347817831177,2.91551403506564,33.24690459,11.088085106382987
20210820,036630,세종텔레콤,-13.984375000000004,-20.21739130434783,-20.21739130434783,29.894301389014842,3.35701517738777,24.7182108215,0.5368937329700261
20220822,036630,세종텔레콤,11.450662739322537,-26.062530532486562,-27.14801444043321,1.2408903140105048,5.86960888474494,29.273142525,5.008359428182444
20240805,036810,에프에스티,-20.303806110257728,-21.098344035147008,-37.0038585035482,-7.15916314924373,1.0229795600789804,87.0036075705,4.715288277657984
20241115,036830,솔브레인홀딩스,-12.67942583732058,-25.66191446028513,-29.126213592233007,22.644788762124602,1.7342585471953638,38.027359775,5.969315068493156
20220929,037070,파세코,-14.72868217054264,-25.67567567567568,-25.92592592592593,9.883036812315886,1.6841570557961865,15.56916075,17.044299065420557
20220926,037370,EG,-14.02508551881414,-17.68558951965066,-21.294363256784965,-2.3662879838410054,3.1553581433901154,2.545822355,-7.117665782493372
20220927,037370,EG,-11.458333333333337,-17.207792207792206,-21.69907881269192,3.1641761107210913,4.5058234107619235,2.59896307,-5.918410596026487
20220623,039860,나노엔텍,-8.21052631578948,-28.171334431630967,-26.722689075630257,10.754328079813789,1.5858051828074986,5.388149095,35.064186046511615
20220624,039860,나노엔텍,-5.338809034907599,-22.909698996655514,-22.521008403361343,19.49800667154829,2.8217776179625647,5.76746403,25.37627705627707
20220704,039860,나노엔텍,-2.249488752556239,0.6315789473684275,-23.519999999999996,-13.831642949323125,2.516954170815917,5.64936928,13.801171548117146
20260610,040160,누리플렉스,-20.541549953314664,-38.06404657933042,-52.13723284589427,28.299182675575597,2.042675779977356,8.79640934,-30.182415458937204
20260304,041020,폴라리스오피스,-24.8868778280543,-27.032967032967036,-33.266331658291456,4.620322374950982,3.6062627997122205,30.0471734825,29.989565217391306
20231113,041510,에스엠,-10.21555763823805,-7.707129094412335,-21.08731466227347,3.9032620136405822,2.6831171362162554,261.88965725,-10.292108559498956
20240805,041910,폴라리스AI파마,-22.422680412371133,-20.580474934036943,-22.22222222222222,6.689529423208665,1.9710594803429147,5.91205657,22.813243243243246
20260729,041920,메디아나,-19.49420442571127,-16.866158868335145,-34.08110440034513,15.547311144088757,9.445269801290044,9.54412015,35.59272727272728
20260730,041920,메디아나,-25.33333333333333,-24.871001031991746,-33.75796178343949,28.944972448057314,11.441842714932616,10.81688633,19.059680426098538
20260529,042000,카페24,-1.6587677725118488,-10.56034482758621,-21.40151515151515,1.2756448001038543,5.145670569727236,35.92606285,-4.645281173594137
20210820,045520,크린앤사이언스,-12.529002320185612,-18.574514038876888,-21.78423236514523,1.9599935761317604,2.441238732605661,6.107455825,1.2533333333333434
20260713,046210,HLB파나진,-24.632610216934925,-26.232876712328768,-27.863362357669118,11.729274330443019,2.7904061705077554,2.584446475,7.351044214487306
20260529,047560,이스트소프트,-6.016260162601627,-10.664605873261202,-23.240371845949536,5.833687792428754,4.896113851553002,7.64018542,-31.091764705882348
20260612,047560,이스트소프트,-6.1325420375865525,-17.33449477351916,-25.09865824782952,18.4833443319083,5.784779211331801,8.28474059,-17.096666666666668
20260615,047560,이스트소프트,-4.964539007092195,-18.858131487889274,-27.511591962905722,22.37930032219563,6.573313698465022,8.86938478,-19.99735889243876
20220621,048530,인트론바이오,-9.352517985611508,-25.663716814159287,-22.461538461538467,3.1901334962413075,2.8820923554309514,37.724098825,-11.15667984189723
20220620,049070,인탑스,-7.020280811232449,-20.744680851063833,-22.395833333333336,-9.46145174508624,1.250994139111701,86.18375755,-3.532348993288589
20220621,049070,인탑스,-5.205047318611989,-19.220430107526887,-25.248756218905477,-9.366139071582834,1.0267514926639956,82.7780301,-5.6468874172185455
20220622,049070,인탑스,-14.015748031496067,-25.61307901907357,-31.060606060606055,-3.431034632408399,1.1871156910636165,87.114963,8.143529411764696
20260629,049080,기가레인,-21.752265861027187,-21.752265861027187,-39.814097598760654,-8.786667926826055,3.4292127519094535,17.66075089,-12.70317880794702
20260630,049080,기가레인,-37.96576032225579,-37.96576032225579,-48.23529411764705,-9.055151807528906,3.387705496865008,16.87025391,1.9347540983606615
20260701,049080,기가레인,-37.05941591137966,-37.05941591137966,-45.175438596491226,-7.868757385612934,3.743717056929044,16.19626551,15.841276595744684
20211126,051500,CJ프레시웨이,-10.49913941480206,-22.8486646884273,-20.972644376899694,7.15308152413974,1.389983578925293,16.174580675,13.583779527559052
20260601,051500,CJ프레시웨이,-5.150214592274683,-15.000000000000002,-23.793103448275865,25.193300034048573,4.840526551625116,12.1173001,-3.41214285714286
20231107,052020,에스티큐브,0.4015192620727026,-13.281469678507829,-20.234502974394342,6.382591374264433,1.0509939362791403,57.8329181885,5.057796063605028
20240202,052020,에스티큐브,-17.935271201678148,-37.7684354050676,-45.664682539682545,10.448848711639261,6.560560057890427,34.5575934915,16.926841046277655
20240205,052020,에스티큐브,-9.369872005251068,-36.50994367168639,-45.20833333333333,9.419603866706225,6.432797179260083,41.386487616,0.09188476223533115
20240206,052020,에스티큐브,-0.4808548530721324,-34.52074056714319,-45.06488399528117,5.989004736924809,5.935231956459551,45.102342502,3.4373232595790535
20260611,053030,바이넥스,4.266666666666663,-15.184381778741862,-23.781676413255358,43.85865300536878,7.542386610220647,27.094730415,-14.952229140722292
20240717,053610,프로텍,-5.2044609665427455,-6.764168190127973,-20.062695924764895,11.415666969363858,4.806112111745482,11.100143775,16.819999999999993
20240805,053610,프로텍,-21.052631578947366,-16.984732824427486,-22.32142857142857,-16.745803827836543,1.895503020211854,11.129216725,17.670574712643685
20250519,054180,메디콕스,55.55555555555556,27.27272727272727,-28.08219178082192,-12.781719178415191,3.9776445646344554,19.0636235475,-9.833846153846157
20250520,054180,메디콕스,10.285714285714276,19.875776397515523,-34.129692832764505,-9.46705093949217,4.880289472065714,22.5552176775,-9.213333333333338
20250523,054180,메디콕스,11.917098445595853,83.05084745762711,-22.021660649819495,-10.968107095033929,3.520194780948864,38.64496512,-29.45142857142857
20260519,054220,비츠로시스,-21.350364963503655,-21.350364963503655,-21.636363636363633,-20.99018174594054,5.588305286377494,2.6335771875,-30.218283062645007
20240805,054950,제이브이엠,-12.688172043010749,-15.94202898550725,-25.64102564102564,6.747174417350021,4.771741312615196,21.9734242,7.120000000000007
20240808,054950,제이브이엠,0.49261083743843415,-15.352697095435685,-23.59550561797753,13.841293826635464,5.852644323594641,24.90953575,-4.986280193236711
20260611,058970,엠로,-0.4716981132075526,-25.441696113074208,-26.989619377162633,35.97744186634527,4.113174394870789,42.1888825,-30.880000000000003
20240805,059090,미코,-25.705076551168414,-30.09855951478393,-41.682479443390264,9.144324103993693,1.678045137647413,70.07593229,9.942317596566532
20240813,059090,미코,3.6525172754195534,-13.793103448275868,-25.5846917080085,-12.577331415443673,1.533377836140602,68.28581844,-9.813271202236715
20260617,060230,제이케이시냅스,-3.716216216216217,-9.523809523809524,-38.44492440604752,10.375601736734346,1.4141842630316888,4.108837,-35.834929577464784
20260618,060230,제이케이시냅스,13.688212927756659,-1.967213114754096,-38.095238095238095,11.02670483850767,1.3858443278160009,4.0718972175,-23.753578595317723
20240805,060250,NHN KCP,-12.590799031476996,-21.006564551422326,-20.92004381161008,4.777781929292604,2.450735067240113,24.74415084,8.730027855153214
20260604,060560,HC홈센타,-14.989293361884371,-33.38926174496645,-43.36661911554922,12.38336966081603,12.187776715538385,2.03506758,5.876675062972285
20240806,061970,LB세미콘,-16.29823904083927,-15.856873822975516,-26.561472715318867,11.11751826935789,1.3577224393599856,9.8698184075,-6.848849069607162
20220705,064290,인텍플러스,-5.925925925925924,-14.76510067114094,-28.917910447761198,10.975669814842764,1.3199844348151488,20.351230575,1.977142857142847
20241114,064290,인텍플러스,-13.601368691189053,-21.216848673946952,-33.0238726790451,20.660801082877008,1.9841363253506155,8.476757085,-7.3024899598393604
20241122,064290,인텍플러스,-8.075772681954142,-26.533864541832674,-28.637770897832816,5.505323289541442,5.16273240552791,8.2232137,2.7428694714131714
20241125,064290,인텍플러스,-2.5025025025025016,-16.68092386655261,-24.729520865533228,17.06103661645742,6.134686389472138,8.33068065,1.403247687564228
20260626,065350,신성델타테크,-24.563758389261746,-31.71324422843257,-37.13646532438478,12.858262549670082,4.738550767361518,61.9771811,2.2450457038391134
20260629,065350,신성델타테크,-6.849315068493156,-21.387283236994215,-23.42342342342343,16.850336975768716,5.807219852971744,65.4564193,-26.642910128388017
20260610,065450,빅텍,-2.8169014084507005,-17.46411483253588,-30.792377131394176,-9.564697017785715,1.3841661996003278,30.0648684175,-16.846386554621848
20260616,065450,빅텍,6.1224489795918435,-1.7543859649122862,-20.95548317046688,-6.749165696084547,1.0931738776402968,32.1676527925,-17.478639455782314
20211006,065530,와이어블,-9.316770186335399,-16.57142857142857,-21.505376344086024,15.881084840680536,3.2155575512415964,4.4578845225,2.258356164383561
20260521,066360,체리부로,-10.980810234541583,-25.44642857142857,-36.015325670498086,18.4337032735042,8.221045560125365,3.1588091030000003,-17.43829383886256
20260612,067080,대화제약,-3.6111111111111094,-17.57719714964371,-29.94616419919246,21.09234535285392,2.0322746841437143,17.075565295,-17.09337099811676
20260616,067080,대화제약,-2.518656716417911,-14.203612479474547,-27.430555555555557,30.502307885737988,4.958202059463015,10.831045355,-4.971469194312791
20240805,067310,하나마이크론,-17.35970451566782,-18.414397459271893,-20.2529462489221,4.255337018776297,2.5127930217760945,102.855053505,-10.109101283880172
20230710,067390,아스트,-7.760141093474426,-25.920679886685548,-25.71022727272727,103.90298512651846,8.676433360811627,5.971067675,-38.70290076335878
20230816,067390,아스트,-47.54873006497342,-47.486694263749264,-51.73913043478261,0.21220803532513557,18.17886157584719,9.680381225,172.53171171171172
20230821,067390,아스트,20.04504504504505,-35.66686783343391,-39.43181818181818,20.364368252121288,22.275591445384848,8.01313249,191.55308270676693
20220517,067900,와이엔텍,-12.711864406779661,-20.769230769230774,-25.63176895306859,4.39874894672042,2.609176268672515,20.664847325,-12.267559808612436
20220623,071200,인피니트헬스케어,-10.210666160561777,-28.64253393665158,-27.527573529411764,0.14124449339207049,1.5049247074637502,3.0476958385,24.086222785880366
20220622,073490,LIG아큐버,-6.003430531732423,-24.309392265193374,-27.89473684210526,32.90282348743007,5.075028781808216,20.178246475,4.074128440366978
20260729,074600,원익QnC,-16.634429400386853,-26.825127334465193,-38.69132290184921,14.761547362696382,2.4025223309119723,98.9144563,26.766300715990457
20260623,078140,대봉엘에스,-12.705882352941178,-10.169491525423723,-26.169154228855717,26.33749186160453,2.1533525169309784,2.15966707,1.0939251040221902
20260601,078340,컴투스,-5.474452554744524,-9.756097560975608,-22.571001494768307,11.705953855067195,1.3649248179205413,23.21014595,2.4930158730158833
20260729,078350,한양디지텍,-24.395161290322577,-26.470588235294112,-37.36951983298539,7.112826729517223,1.566271787924849,29.206401285,49.01369241672572
20220622,078890,가온그룹,-11.68586879849518,-22.985441870002056,-30.042838517414793,14.109518840722881,2.215245698135032,22.597875526,6.279045460605262
20240805,079370,제우스,-24.418604651162788,-22.347153900210827,-35.718440954043054,2.915315156747212,1.4551976090887928,54.375919735,31.2118918918919
20260729,079370,제우스,-20.045300113250285,-25.21186440677966,-32.825880114176975,2.8202144655325565,4.251268578377712,23.300839125,58.390516717325234
20260520,081180,쎄크,9.365558912386707,-23.949579831932777,-26.868686868686865,0.7049797893513943,1.7142020116250531,41.7443401,-31.260952380952386
20231027,082920,비츠로셀,-9.127652408218257,-14.503010457378263,-21.759304011599813,13.261772911842282,1.1486088453369965,17.9312446985,-5.482138706885894
20220927,083310,엘오티베큠,-11.262135922330096,-17.657657657657655,-21.5450643776824,8.5951205272188,1.5317234544052587,4.61125073,11.931416026344682
20220928,083310,엘오티베큠,-11.468812877263579,-19.999999999999996,-21.07623318385651,11.917963683527887,2.130173593978699,4.65660263,10.427623318385642
20240805,083310,엘오티베큠,-19.685039370078737,-22.43346007604563,-32.49503639973528,2.923553217275213,3.6628126118383446,15.03422032,5.387164179104479
20240806,083310,엘오티베큠,-15.858352578906853,-15.923076923076918,-27.759418374091204,7.017798444714058,4.268588563544434,16.21989115,-6.93139146567718
20260729,083500,에프엔에스테크,-17.599351175993515,-28.34978843441467,-38.3495145631068,-2.4091673137793994,1.172428468494512,11.602985105,20.793550356052908
20220623,084370,유진테크,-7.120743034055732,-23.076923076923073,-27.360774818401936,19.98124279031789,1.5476298000513975,51.645187475,2.9503630363036413
20260625,084730,팅크웨어,-13.188405797101455,-16.22377622377622,-21.69934640522876,13.786086735342746,1.4135964499302618,2.12524232,5.546890756302518
20241118,084850,아이티엠반도체,-11.001236093943135,-22.45557350565428,-22.204213938411666,5.051739897460589,2.2269027454881085,4.53464356,-5.707777777777775
20240805,085670,뉴프렉스,-23.345588235294112,-27.225130890052352,-33.06581059390048,16.74952067456036,2.6037072392045624,25.100112595,17.38923076923077
20260729,086390,유니테스트,-24.106113033448672,-34.13413413413413,-46.285714285714285,11.455472280375135,6.5004269926826455,29.25074192,77.89280265339968
20241111,086900,메디톡스,-16.54589371980676,-18.991793669402114,-27.263157894736846,3.6560294853036504,4.573509335449751,95.3913449,-14.64526772793053
20241112,086900,메디톡스,-19.72619788425638,-25.26071842410197,-32.49607535321821,2.191227818102817,4.221777368174683,101.67052325,8.215652173913037
20241114,086900,메디톡스,-8.900144717800284,-26.84485764090645,-30.287929125138426,-3.987872221971441,3.1763291913140512,100.2131967,2.693311635476006
20231024,086960,MDS테크,0.0,-2.2692109334708666,-20.478388585816198,-11.599331068977408,1.9994290096387015,35.9081131865,11.099301423027168
20260729,088130,동아엘텍,-14.038657171922686,-12.886597938144329,-22.19152854511971,5.738013607375695,5.330150040622412,5.9309491475,32.7180343980344
20220623,089010,켐트로닉스,-10.723192019950122,-26.033057851239672,-25.260960334029225,1.7638659134180217,2.3325127640226255,21.237042375,12.603146067415743
20240802,089030,테크윙,-17.264150943396228,-16.476190476190478,-33.05343511450381,0.5742950255227597,4.693012665025769,838.664948425,-7.355753920386007
20260601,089850,유비벨록스,-7.4034334763948495,-13.091641490433027,-23.220640569395012,8.766580439209642,2.2988176461555736,2.0045613575,-5.535140186915884
20260708,089890,코세스,-17.554858934169282,-9.621993127147766,-27.846364883401918,-0.8123714558030912,1.3115072037735653,54.072287225,-19.881520912547533
20211006,089970,브이엠,-14.488636363636365,-24.18136020151134,-25.495049504950494,23.095289011116197,2.8541331232739098,32.10514855,1.0872131147540962
20220622,089970,브이엠,-9.287925696594424,-25.255102040816325,-27.654320987654323,1.016904952469993,2.3535668139916233,19.110644275,6.723780068728517
20220623,089970,브이엠,-6.148867313915862,-25.257731958762886,-25.64102564102564,2.442050588247292,2.7223543740875673,20.342302525,10.421369863013688
20240805,090360,로보스타,-19.36127744510978,-24.626865671641795,-29.370629370629374,11.887103966703474,1.259099651600735,13.307176425,18.320000000000007
20260602,090410,덕신이피씨,-12.844036697247708,-18.73396065012831,-27.64661081492764,6.0531651380533855,1.624142147679997,2.274262314,10.530526315789473
20260626,090410,덕신이피씨,-26.98209718670077,-39.255319148936174,-47.61467889908258,17.24377608863282,5.993534753197166,2.3159901335,15.555494880546078
20260629,090410,덕신이피씨,-8.376288659793818,-24.200426439232416,-31.37065637065637,17.22548664825166,6.817960624283502,2.5279402235,-12.369170182841067
20241115,091580,상신이디피,-11.007025761124122,-24.151696606786434,-28.234183191690278,17.8873923697896,2.042914369664933,6.361355805,-0.4863660477453531
20260304,092300,현우산업,-26.139410187667554,-27.500000000000004,-24.726775956284154,0.06179582677904988,1.213557381537096,7.90491289,4.633993174061428
20240816,092730,네오팜,-4.265777231633461,-16.95599208162022,-20.223815096547693,4.873480684476999,3.6708984886937266,9.8851926535,6.774061984228867
20260304,093320,케이아이엔엑스,-14.846416382252558,-21.78683385579937,-29.01849217638691,20.363657623947613,22.681459590773624,15.47495545,-8.28431654676259
20240805,095340,ISC,-13.691683569979718,-20.615671641791046,-29.66942148760331,6.186415804327376,13.591113666514232,123.65032355,22.864947735191645
20241115,095500,미래나노텍,-10.607734806629832,-19.980217606330363,-22.7316141356256,9.263457306270574,1.7691894221150788,18.59017407,-0.4309363295880131
20260612,096250,와이즈넛,-10.096818810511754,-21.592279855247288,-31.79433368310598,17.794094325388652,3.349455687414732,6.63234331,-0.6145509893455154
20260615,096250,와이즈넛,-18.672199170124482,-31.627906976744192,-38.42931937172774,26.801119374958223,7.246621584809608,8.91066656,5.065362563237767
20260616,096250,와이즈넛,-20.27777777777777,-28.07017543859649,-37.130339539978095,24.960350410352955,8.256255236055374,9.94505604,5.958888888888884
20260617,096250,와이즈넛,-11.538461538461542,-24.738219895287962,-37.29552889858233,26.415014556221394,9.510704986352627,10.806000615,-15.23622489959839
20260619,096250,와이즈넛,8.536585365853666,-19.509043927648584,-28.555045871559635,4.79168178472575,3.7934284801546028,15.823691725,-5.827435897435892
20260622,096250,와이즈넛,18.260869565217398,-2.5787965616045794,-21.83908045977011,-2.3769800703738704,3.882814685727101,17.881109025,-12.944705882352944
20260519,097800,윈팩,-21.76100628930817,-21.76100628930817,-22.250000000000004,-12.681959739665915,1.8474501913680168,2.790544108,44.06468085106383
20260611,099320,쎄트렉아이,4.889298892988925,-21.314878892733567,-30.501222493887525,-15.244472439902667,3.4950462396842497,202.65924025,-35.740586319218245
20220622,099750,이지케어텍,-11.669886098714443,-29.334967494404772,-31.35062380286794,2.92080983226275,1.604793254980634,15.0065950995,-4.062176619783261
20220623,099750,이지케어텍,-15.344106189583028,-37.2996366745031,-39.48535478547854,1.8031237000340354,1.651384926904537,15.800006924000002,8.262538593481986
20221013,100120,뷰웍스,-10.982658959537572,-11.111111111111116,-22.123893805309734,-10.925073252406865,6.6397567500677654,6.561353125,-2.003624595469252
20220622,100790,미래에셋벤처투자,-11.16666666666667,-27.972972972972975,-29.86842105263158,12.664690423419739,1.6704009304417213,7.77636476,11.86961832061068
20260611,101360,에코앤드림,-0.36663611365719273,-22.5231646471846,-35.026897788404064,40.01874985972135,10.042214343643987,20.30905174,-35.568346883468834
20240805,101490,에스앤에스텍,-19.26298157453936,-27.300150829562597,-33.791208791208796,13.52739981221777,5.7091137884193355,64.34449295,8.579259259259256
20260612,101490,에스앤에스텍,3.0645161290322687,-6.304985337243407,-28.20224719101123,16.354519593006483,5.857293491718316,204.0460649,-28.458883861236803
20230919,101670,하이드로리튬,-4.092852779474654,-19.487179487179485,-24.33734939759036,0.017435859693023727,2.0537295933959947,71.858185265,-12.72896907216495
20211005,102120,어보브반도체,-8.786610878661083,-15.830115830115831,-20.146520146520142,17.20342005376795,1.7348821764483973,14.109208425,13.957614678899091
20220927,102710,이엔에프테크놀로지,-7.198443579766534,-17.90017211703959,-20.100502512562812,13.743800724385691,5.818851848648993,15.270979125,-2.864210526315788
20260723,102940,코오롱생명과학,-37.27574750830564,-53.951219512195124,-58.044444444444444,10.525580458050792,2.6317061259064203,30.649806895,-21.57327731092437
20260724,102940,코오롱생명과학,-18.341232227488145,-57.5615763546798,-60.796359499431176,8.349524572895707,2.364912423154302,33.849862865,-13.950776255707762
20260727,102940,코오롱생명과학,-1.772441395082902,-59.19239904988123,-58.60240963855421,6.034180134739442,1.5865055129659071,35.593964245,-10.223583678296862
20250821,104460,디와이피엔에프,-15.846994535519121,-18.432203389830505,-25.96153846153846,-12.542763930894099,2.0667760643507496,10.87729748,1.5640970006381572
20260304,105550,엣지파운드리,-17.575322812051652,-24.655737704918035,-28.633540372670808,18.830421931996742,4.143141850591731,10.57571133,3.960961857379778
20220616,105740,디케이락,-5.800000000000005,-13.972602739726025,-21.499999999999996,6.3203156539689065,2.366989266729687,6.36458028,-1.0170165745856459
20220617,105740,디케이락,-6.9072164948453585,-17.53424657534246,-24.117647058823533,9.763726283312185,2.894560896994368,7.098157775,-1.4604610318331563
20260716,106190,하이텍팜,-9.05245346869712,-11.668036154478223,-21.418128654970758,16.723899213789487,2.51776423208011,6.253760495,9.169056603773576
20241205,107640,한중엔시에스,5.210420841683372,-15.662650602409634,-40.25604551920341,-1.5683628947722899,1.6794220008106886,68.346413835,33.524275534441806
20220929,108230,톱텍,2.635914332784184,-14.89071038251366,-20.838627700127066,-1.8149840767196244,5.314695572763125,10.752119885,7.85225806451613
20241203,110990,디아이티,7.841239109390119,2.0146520146520075,-20.880681818181824,7.139099206258435,5.529456142222434,10.879035805,21.664036697247706
20260728,114810,한솔아이원스,-25.423728813559322,-28.57142857142857,-35.71950328707085,17.358185924269875,4.189502227272192,30.29025242,53.201632653061225
20260729,114810,한솔아이원스,-23.446893787575153,-36.06694560669455,-45.892351274787536,19.02706837185309,4.888818453960381,32.45162488,78.84972972972975
20260730,114810,한솔아이원스,-30.622009569377994,-44.01544401544402,-51.01351351351351,20.76716977736868,5.362128844835267,33.390890355,67.12
20231023,114840,아이패밀리에스씨,-5.198752299448128,-9.193288899103658,-25.705152312899582,7.668965440266533,1.5533030775520837,15.850144701500001,4.672884695666694
20241111,114840,아이패밀리에스씨,-6.276595744680846,-8.704663212435237,-21.862527716186253,-3.6430733340707295,1.5472196922615196,34.26625558,-3.774438138479005
20260618,117670,알파칩스,-11.910286156225835,-16.556776556776555,-27.911392405063296,1.1468039356225972,1.0407118087692668,3.423953145,-27.579912203687446
20240805,117730,티로보틱스,-18.699186991869922,-25.093632958801493,-33.88429752066116,7.277993085279307,1.2761347315814318,14.551436915,12.600025284450059
20260714,118990,모트렉스,-3.2319391634980987,-7.622504537205077,-27.698863636363637,21.568617245525186,3.3958265271839276,6.464536175,1.801624758220514
20241115,121600,나노신소재,-13.33333333333333,-24.34679334916865,-24.79338842975206,15.440539859281502,1.4596781644324879,78.3509342,5.481137440758302
20251124,121600,나노신소재,-11.578947368421055,-21.739130434782606,-28.8135593220339,1.1087887262296057,2.2086812130024365,66.13425095,2.414777562862672
20260729,125210,아모그린텍,-16.99463327370304,-18.021201413427555,-25.760000000000005,-32.17335015814228,4.428347133538187,5.45575816,31.42344827586207
20260702,126340,비나텍,3.1175059952038398,-25.73402417962003,-31.908155186064924,-0.02260528987959963,6.590030336464305,144.92841295,-36.05582668187001
20240805,126700,하이비젼시스템,-14.746987951807233,-18.101851851851848,-24.07725321888412,8.199102932135832,1.732116869332508,33.8917635,3.133566986998307
20220622,131290,티에스이,-11.820652173913048,-25.230414746543783,-21.6183574879227,-14.560111838028899,9.139698192712347,53.2090426,-3.598586789554534
20220623,131290,티에스이,-11.016949152542377,-26.82926829268293,-22.413793103448278,-7.771599560407022,8.360132304524653,61.0635865,-0.8379778830963718
20220629,131290,티에스이,-1.5243902439024404,-17.28553137003841,-25.231481481481477,-12.683072075033962,4.828304095262599,61.91339385,-2.5520748829953224
20220701,131290,티에스이,-9.984639016897079,-20.380434782608692,-33.02857142857143,-8.479143831983878,4.151527351890234,73.4741851,12.14051282051282
20241120,131970,두산테스나,-8.910891089108908,-21.501706484641637,-22.033898305084744,-10.565035741342195,3.193357175519899,22.043529375,16.072789699570816
20260729,131970,두산테스나,-26.8324607329843,-36.405005688282145,-51.93465176268271,27.154366584516616,6.005722060209474,259.49760085,55.137977528089884
20241121,141080,리가켐바이오,-14.310954063604242,-22.52396166134185,-25.954198473282442,6.909739131211773,2.1528202739601188,1214.0914419,-1.20090628218332
20260616,148780,비큐AI,6.302250803858511,0.45578851412944044,-36.95652173913043,-35.096175539698194,5.742727533128863,5.0653702985,-32.42375188196327
20240806,151860,KG에코솔루션,-14.710042432814706,-16.827586206896548,-20.132450331125828,12.67998515243683,1.6202465847048173,9.805798085,-8.402689075630251
20240905,156100,엘앤케이바이오,-10.014104372355426,-19.035532994923855,-21.813725490196077,16.811290673663525,5.033264117593782,5.18770772,1.302731554160134
20260730,156100,엘앤케이바이오,-29.949874686716793,-35.30092592592593,-39.30510314875135,5.169090048302602,1.5669513966093371,9.4448607725,45.128510638297875
20260529,160190,하이젠알앤엠,-21.842105263157897,-26.119402985074625,-33.77926421404682,23.999045280570318,6.9320848042458225,91.65821655,-31.617499999999996
20260601,160190,하이젠알앤엠,-8.284883720930235,-17.94538361508452,-28.458049886621318,13.987312191172338,5.563407674610709,99.387368125,-34.43
20260722,160190,하이젠알앤엠,3.527106466361851,-13.76496191512514,-25.411764705882355,-7.603502919469721,5.865819573852882,14.12206446,18.88060606060607
20260729,160190,하이젠알앤엠,-21.997471554993673,-19.399085564990205,-41.79245283018867,-17.380851824177252,5.088490770843119,15.179932455,63.17469710272169
20250324,174900,앱클론,-36.30952380952381,-41.71206225680933,-42.82442748091603,4.5446829246860005,2.7765431212007643,27.75320131,11.071219512195132
20240805,179290,엠아이텍,-12.107623318385652,-16.11982881597718,-24.615384615384617,6.821681161848227,1.6543011785057598,12.030831185,23.218625429553267
20260518,179290,엠아이텍,-14.82649842271293,-17.304747320061253,-21.739130434782606,12.668763908075503,1.25682852280541,8.84112638,-11.309629629629633
20251124,183300,코미코,-8.466515511806671,-23.49080151613201,-30.56464468495679,2.1914555878938575,1.7916122083185821,138.993120968,4.811676273922064
20211013,185490,아이진,-27.355040919380112,-46.83182953560687,-40.87971885273779,1.7811251134102681,1.4305085482614168,262.8807140745,-14.120575469397709
20211015,185490,아이진,-13.788457219851791,-38.79958551425459,-36.93979795767515,-1.4050733506222421,1.3911539769479557,276.741875538,-29.18973343752713
20211111,185490,아이진,-11.65722958379546,-31.665688355081954,-30.40879201728974,5.1718471543962785,2.040933505599384,121.97609135799999,7.829122603137719
20260729,187870,디바이스,-20.157756354075374,-28.43676355066771,-42.08518753973299,18.81080874435319,3.40242096159485,14.310392125,22.51299221357064
20260730,187870,디바이스,-19.23076923076923,-34.87250172294969,-37.78801843317973,21.915702829371387,3.77305461277436,14.476094095,2.3471687321258408
20260304,188040,바이오포트,-13.354037267080743,-22.821576763485474,-24.184782608695656,-7.468243199185237,4.071370890065635,2.49984933,3.5556020942408324
20260604,191410,육일씨엔에쓰,-18.813660874775316,-31.39240506329114,-50.54744525547446,10.907280824371341,2.0149696612861834,4.3471992915,-2.93925925925926
20260601,191420,테고사이언스,-12.038834951456312,-20.316622691292874,-27.98092209856916,16.82583106403805,2.4454120100858825,2.85171214,-25.410684326710815
20260602,191420,테고사이언스,-21.057601510859303,-24.955116696588863,-32.85140562248996,29.219200215862696,8.060467775055544,3.494153735,-11.38059880239521
20221007,196170,알테오젠,-11.932791485949634,-26.179274104851523,-36.511731784860345,2.7869436725888406,2.8777018849056426,135.441116376,10.463427009829909
20241122,196170,알테오젠,-22.340432886068427,-33.18066914498141,-21.925115107288683,-1.1047561278463016,1.930354605513776,4654.1313908265,-10.980745344223061
20260611,200130,콜마비앤에이치,1.8438177874186445,-14.0896614821592,-22.2682119205298,41.38827295970315,6.287165291554079,14.892222265,-13.163032873806998
20220706,200230,텔콘RF제약,13.452736318407954,5.210383858267709,-21.026019901646155,198.3832903240036,24.83596488599934,3.5414024535000004,-8.163345797618367
20220928,200230,텔콘RF제약,-13.704473759678804,-19.26147035148913,-20.15588723051409,431.5630998532124,32.03946032390719,2.16520484,-5.773943537360256
20260609,203400,에이비온,-30.17196456487754,-37.23653395784543,-42.85714285714286,18.645161705307487,3.8819125387128026,27.9264324365,-42.52156626506024
20240816,204270,제이앤티씨,-3.879781420765027,-20.586907449209935,-28.929292929292927,-6.88929957593678,1.3047824882275083,163.82495756,0.08274620146314904
20220921,205470,휴마시스,-3.8139266108061287,-13.329862015100236,-23.960712654179993,5.015281557462843,1.1992545457553427,10.0743475275,48.60381717109326
20260304,206560,덱스터,-18.23444283646889,-29.63885429638854,-31.09756097560976,14.067879790619935,5.925548570759323,4.908879265,8.144561403508781
20260409,206560,덱스터,-16.211604095563136,-21.690590111642738,-20.80645161290322,-0.6617711104572729,9.172174675502816,3.21177437,-13.752434607645876
20220623,206640,바디텍메드,-7.887323943661972,-30.177935943060497,-29.424460431654676,20.162012431669403,2.7883656957027747,16.247445835,41.38410256410257
20241016,206640,바디텍메드,-4.125177809388337,-21.123464014043304,-21.169590643274848,15.923261052995525,1.9656665314115238,29.598020735,16.527407407407406
20260626,208370,셀바스헬스케어,-9.042553191489366,-21.439509954058188,-28.251748251748253,35.079611477230735,9.840134749794661,4.61992578,0.6868639053254337
20260729,212710,아이에스티이,-26.682692307692314,-37.43589743589744,-32.52212389380531,-16.421336360476776,2.682276649749827,12.843353955,33.396271186440686
20240202,214150,클래시스,-5.929487179487181,-14.804063860667638,-20.56833558863329,6.859175693865778,7.067594993854,62.3233344,8.941993127147777
20220927,214260,라파스,-30.833333333333336,-43.6141304347826,-46.103896103896105,6.977625442673075,1.3963253755963747,21.2602045,-13.892048192771085
20220928,214260,라파스,-33.166666666666664,-44.84181568088032,-46.02960969044414,8.624886104072793,2.6460942783525323,23.466588525,-9.52197530864198
20220929,214260,라파스,-20.872865275142317,-41.18476727785614,-44.62151394422311,8.488690017048498,3.212542084304509,25.9787958,-6.573069306930698
20221012,214260,라파스,-10.948905109489049,-30.55028462998103,-50.136239782016354,-7.52818666553545,1.5006502070044032,29.265460025,7.683535911602216
20231113,214370,케어젠,-13.824057450628368,-12.568306010928964,-21.311475409836067,4.815910799741026,2.8271329760226385,55.499999125,17.051958762886603
20260407,214370,케어젠,-22.859830667920978,-21.904761904761905,-37.595129375951295,2.1932748392924046,3.9851934136241907,182.6230798,10.290975056689335
20231108,214610,롤링스톤,2.807324114876164,-16.90564647364058,-30.03180020165982,42.27567220944631,1.4632554962275683,14.4059437115,-24.53061088485746
20241203,217330,싸이토젠,-28.711484593837532,-30.74829931972789,-35.65107458912769,-15.169902782469743,2.4742089809651926,6.97340123,-3.784208416833664
20241204,217330,싸이토젠,-33.28445747800587,-39.33333333333333,-41.13842173350582,-13.718142199232041,1.5112927925126707,7.555780505,0.8530396475770956
20240805,217820,원익피앤이,-16.916780354706685,-18.908122503328894,-27.92899408284024,7.64108294054851,1.7852965167803552,4.802028795,6.293421926910307
20260710,218410,RFHIC,-5.1001821493624755,-14.026402640264024,-32.337662337662344,38.46665789086062,8.329044048035565,187.31480775,4.135384615384622
20250901,219550,디와이디,-4.7761194029850795,-15.384615384615385,-23.13253012048193,-5.135763205440225,1.556459738772766,3.6785101575,-20.934658385093172
20221227,222080,SFA넥셀,-21.00418410041841,-23.870967741935488,-25.375494071146242,-4.020821565086406,3.5405684754521967,68.955169225,5.615907660020994
20221229,222080,SFA넥셀,-10.89108910891089,-27.125506072874494,-29.411764705882348,-2.9584411885872837,3.540340576199505,75.52952058,12.498294573643413
20230103,222080,SFA넥셀,-0.6309148264984188,-20.920502092050206,-21.250000000000004,3.72375473275311,3.5109114753494133,79.990907055,9.8237513397642
20241125,222800,심텍,-0.25188916876573986,-12.647058823529411,-27.294981640146876,-8.858885312552939,6.5370462537633705,38.433820045,-4.059916317991627
20260723,225190,LK삼양,8.51063829787233,-5.957446808510635,-30.79331941544885,-1.5288191710536938,3.6786438869333664,4.182654931,32.709140271493226
20260528,227950,엔투텍,-20.27833001988072,-20.27833001988072,-20.27833001988072,-2.773449285098892,3.7568965150417744,3.0679894975,-53.35082294264339
20260529,227950,엔투텍,-30.894632206759443,-30.894632206759443,-28.624229979466122,-5.927692231551669,2.293874814635605,3.1911639915,-39.7697583429229
20221012,228670,레이,-3.8674033149171283,-8.661417322834641,-22.666666666666668,-2.3224626638220056,5.176747995635512,19.399725025,12.016480938416432
20241112,228670,레이,-12.56218905472637,-15.707434052757796,-23.586956521739133,2.028935046495486,2.4767350375685186,5.26608202,-21.561305637982194
20240805,230240,에치에프알,-22.857142857142854,-32.6530612244898,-38.125,11.062454843896429,3.173622563477226,5.606172,-9.389750566893426
20240806,230240,에치에프알,-14.310197086546705,-23.547400611620795,-32.4780553679946,18.739445697175196,4.3255515300885445,6.130568595,-24.024689378757508
20260722,232680,라온로보틱스,0.47562425683709275,-5.162738496071828,-20.05676442762535,-10.698270955743842,1.3564312909107783,11.5134992,13.089275028768691
20260729,232680,라온로보틱스,-6.815365551425034,-8.40438489646772,-30.11152416356877,-21.304144517959937,1.156480040540849,11.43496654,23.554042553191493
20260729,241770,메카로,0.46224961479199855,-4.956268221574344,-26.659167604049493,-4.753161839976224,5.865265914112001,9.515725125,22.631183144246364
20220620,241820,피씨엘,8.410649455425578,-23.509321189696884,-33.51886209029066,-5.040432432432432,4.909553059535709,18.62704176,33.44325581395349
20220630,241840,에이스토리,3.151862464183375,-9.547738693467334,-29.13385826771654,9.425479602115553,2.1952377243960144,17.17906105,53.511689008042886
20241115,243840,신흥에스이씨,-14.592933947772657,-25.469168900804284,-29.171974522293,17.65243087855124,1.831574655547045,9.060164355,-4.765299455535395
20220928,245620,EDGC,-10.340479192938211,-21.67446984301845,-28.47082494969819,38.84613539437499,1.9255689402924419,14.3851973155,20.105418106427102
20220624,251370,와이엠티,-31.564986737400535,-35.5,-35.98014888337468,3.2300147930717173,1.589031691056208,34.920852,5.416296296296289
20260304,251970,펌텍코리아,-16.94444444444444,-24.111675126903553,-32.04545454545455,-4.667723117511394,2.467017602383567,35.09490215,-1.194795383001054
20241112,252990,샘씨엔에스,-11.470588235294121,-21.20418848167539,-27.05977382875606,19.34705198454697,1.2939590659447986,15.13377158,-18.513333333333335
20260729,255440,야스,-47.59945130315501,-45.27220630372493,-47.38292011019284,6.7399364838088,1.2847329418941933,8.81986958,93.60795811518324
20231023,256840,한국비엔씨,-5.819295558958649,-13.38028169014085,-25.36407766990292,-6.577780860578184,1.0216687745215063,17.3757477625,10.995324675324673
20260609,256840,한국비엔씨,-1.6722408026755842,-15.517241379310342,-21.912350597609564,10.323289387326879,3.867903126679338,18.845078425,-12.638333333333337
20260624,256840,한국비엔씨,-1.3257575757575801,-8.274647887323939,-23.26951399116347,-1.2500274812319352,3.3413083955116973,22.01484381,-5.193725490196074
20241114,257720,실리콘투,-26.04712041884817,-26.04712041884817,-29.551122194513713,3.408050216913211,2.1341069865971667,578.0425384,-1.1793006993006978
20241115,257720,실리콘투,-19.512195121951216,-23.673469387755098,-29.874999999999996,4.149951603978287,2.429536596635665,614.006187625,9.374014598540139
20221104,260930,씨티케이,0.18518518518517713,-10.13289036544851,-22.27011494252874,-3.4111115567677417,8.62283211449447,6.466002255,-5.76921933085502
20260528,261200,덴티스,-13.936781609195403,-24.081115335868187,-24.368686868686872,1.3508793716334737,1.1320461135335407,3.0190314725,-19.121860465116278
20221229,262260,에이프로,-8.47457627118644,-19.10112359550562,-29.411764705882348,14.049378612641714,1.7616872181653995,14.356108675,8.31771689497716
20211130,263050,유틸렉스,-5.619146722164414,-17.1689497716895,-28.91420992343402,1.3548833039928285,1.9243934376733212,14.7770029625,12.742875706691418
20220621,263050,유틸렉스,-2.1001105321332703,-26.190476190476186,-25.382115778071967,4.71290227057054,1.259080051448521,23.7054137715,-18.46064516129032
20240806,263600,덕우전자,-14.350453172205436,-15.75037147102526,-21.57676348547718,8.605740093648054,1.5263863391532202,4.256059385,8.196543209876543
20220926,263720,디앤씨미디어,-12.923076923076927,-18.443804034582133,-30.637254901960787,21.332881290260087,3.4507192936500855,5.291913825,-14.18
20260629,263720,디앤씨미디어,-0.6793478260869512,-19.846491228070175,-21.73447537473233,16.16119228934396,3.0659842793797405,2.4420944,-10.708727770177836
20260708,263720,디앤씨미디어,-1.3642564802182844,-1.7663043478260865,-22.090517241379317,18.64822322379,5.6762144329006095,2.449240505,-4.612960893854752
20260709,263720,디앤씨미디어,-16.233766233766232,-7.857142857142863,-30.86816720257235,13.874376502634126,6.372275849625611,3.342463445,8.397519379844958
20260710,263720,디앤씨미디어,-13.63057324840764,0.8928571428571397,-26.1437908496732,20.41839001505342,8.632932433559601,3.451700825,6.092795216741413
20241112,264660,씨앤지하이테크,-15.450643776824036,-18.962107428209794,-23.121951219512194,10.107041186852124,2.6779084082537534,2.815552978,-16.006199550473962
20260529,271830,팸텍,-16.472416472416473,-24.561403508771928,-34.57090687766281,-4.307799568540667,7.573103058473418,2.39919875,-12.304999999999996
20240805,272290,이녹스첨단소재,-16.139767054908482,-20.75471698113207,-28.3072546230441,2.230127132388189,1.653380256667028,70.21102025,8.074863813229562
20260729,272290,이녹스첨단소재,-13.151364764267992,-15.254237288135597,-29.718875502008036,-16.051184749631506,1.242765500133455,26.52651876,25.391693596648718
20240805,274400,이노시뮬레이션,-19.133034379671155,-24.01685393258427,-30.641025641025642,-3.4910393332726266,1.4795324957760825,3.700303335,23.767316103379713
20220128,278280,천보,-11.018711018711013,-15.163528245787905,-26.333907056798623,10.597579828349058,3.413114710520493,235.54548285,9.798614457831313
20231020,278280,천보,-11.267605633802813,-10.376569037656902,-25.831024930747926,-1.7039615836957327,3.1786337630790475,62.0183556,-3.5371428571428583
20260518,278650,HLB바이오스텝,-24.764150943396224,-24.764150943396224,-32.367491166077734,-23.030000232379802,25.483900692920454,2.458594405,-29.81807531380753
20260519,278650,HLB바이오스텝,-33.09748427672956,-33.09748427672956,-39.430604982206404,-15.527401525162384,22.61670529544598,2.8992110625,-23.177584541062796
20260520,278650,HLB바이오스텝,-39.77987421383647,-39.77987421383647,-44.29090909090909,-13.864328852720512,24.137603520756834,2.768392775,-23.14596858638743
20260616,278650,HLB바이오스텝,5.183946488294322,-8.44250363901019,-50.55031446540881,-9.289957808998711,3.2218712838276304,4.5513768625,-43.71442879499217
20260710,278650,HLB바이오스텝,-31.51618398637138,-19.920318725099605,-31.864406779661014,6.998501229328753,1.2445416252509083,3.1533899825,13.250733709594657
20220926,285490,노바텍,-14.723926380368102,-23.486238532110093,-31.30148270181219,24.345878050415017,2.910736272172474,9.432079375,-8.021463414634141
20220927,285490,노바텍,-9.401709401709402,-24.555160142348754,-29.450915141430944,22.543445689652692,3.718610283002492,9.8135642,-7.733268765133168
20220928,285490,노바텍,-13.846153846153841,-28.073394495412842,-32.87671232876712,21.054438404093226,4.103411248334628,10.350395,-5.929999999999998
20221011,285490,노바텍,-6.70103092783505,-20.439560439560445,-33.6996336996337,-7.991040935300939,4.442939333816769,12.014224125,10.73135734072022
20220124,288620,에스프리즘,-6.62525879917184,-14.421252371916504,-22.37521514629949,7.069948228838334,2.143462501729748,6.992927975,-8.110155210643018
20240805,288980,모아데이타,-19.246861924686186,-24.482951369480155,-29.891022314478466,5.849639679744001,1.7360462306173035,3.6069917735000003,12.562424242424235
20240806,288980,모아데이타,-18.954623779437107,-21.52391546162402,-26.625065002600103,17.887990787830706,2.284373548078077,3.8012882735000004,2.3372166427546732
20260520,289080,SV인베스트먼트,-13.559322033898303,-25.63791008505468,-29.330254041570434,38.972261077556695,1.4468837738813771,63.0911849875,-30.61630573248408
20240521,290720,푸드나무,-24.73021582733813,-25.267857142857142,-24.321880650994576,31.67589349355653,17.90102751197083,2.9520313175,-44.974117647058826
20240522,290720,푸드나무,-25.468164794007485,-29.181494661921704,-26.838235294117652,23.324144404145365,16.420450444980805,3.2217637375,-39.08554156171285
20240527,290720,푸드나무,-18.592964824120607,-40.22140221402214,-41.51624548736462,-30.342775061157358,9.50482934799559,4.1847626575,-27.76024691358025
20240528,290720,푸드나무,-23.620025673940948,-45.71167883211679,-46.10507246376812,-33.90141396751996,4.694501187968051,5.05646216,-17.51476764199656
20260406,290740,액트로,-6.5181058495821675,-12.238493723849375,-23.55353075170843,34.61725999121598,6.061552081456291,59.43109915,0.9007962529273967
20260729,290740,액트로,-13.472222222222218,-18.45549738219895,-34.696016771488466,-35.399874499579234,2.93719917997043,3.075181375,119.63868131868132
20220927,294090,이오플로우,-12.690028343210514,-22.729604925602874,-24.937697291908954,5.321863584260876,2.8133913286454257,16.340662703,9.466502835538762
20260623,294570,쿠콘,-13.063063063063062,-10.64814814814815,-25.911708253358924,20.946544913117197,4.909923286315268,5.550456625,-8.715445757250269
20230925,298060,풍전약품,-30.409356725146196,-30.668841761827082,-26.086956521739136,-38.49385749385749,2.390120246993825,6.023593225,-25.24902356902357
20231004,298060,풍전약품,-7.899159663865552,-41.3903743315508,-35.270493739664545,22.63687060885397,12.19349931963716,6.4150819025,-16.35391304347826
20260729,298830,슈어소프트테크,-13.885180240320427,-14.456233421750664,-24.825174825174823,13.016282990283742,2.4638144040513223,9.65037449,39.82
20231106,299030,하나기술,23.230769230769234,-6.315789473684208,-24.433962264150942,-1.034713160336554,1.2682453218293237,148.2744455,-12.340174781523093
20260729,299170,더블유에스아이,-15.94090202177294,-12.540453074433655,-21.152443471918303,12.530625586357644,1.4341795191179052,2.196491922,20.161332027424088
20211005,299660,셀리드,-20.218065747867076,-32.037761740191094,-38.11149164622576,2.1120097268545877,1.0152850315909192,259.5272226505,8.88580642758724
20260519,300080,플리토,-20.05571030640668,-24.934612031386227,-28.90173410404624,24.183506215378724,4.053938856246191,12.52205986,-10.496037735849058
20251124,300120,라온피플,-31.91616766467066,-42.749244712990944,-44.96611810261375,19.59167077231743,6.299975100537453,4.178052615,3.5970448548812746
20251125,300120,라온피플,-31.62705667276051,-41.287284144427005,-45.08076358296622,27.55402443658929,10.226306549032167,4.41316821,6.7732374100719355
20231102,302430,이노메트리,-4.487179487179482,-19.14728682170542,-26.909600560616674,14.601147673798701,1.121244872137945,2.96159697,-2.517988826815639
20231106,302430,이노메트리,12.450980392156863,-10.739299610894937,-22.34258632362898,13.653004091594287,3.0468424952793143,3.729002645,-10.55728459530026
20231117,302430,이노메트리,-1.4150943396226467,0.0,-20.953101361573378,3.983936951376874,3.151348546682765,4.384306655,6.55754789272031
20240805,304100,솔트룩스,-19.501557632398757,-24.66472303206997,-34.14882772680939,12.86031042128603,3.076914187452619,9.757296775,8.875555555555563
20260611,304100,솔트룩스,0.712896953985731,-17.12,-24.927536231884062,42.81609594806005,6.634714595798657,28.14595445,-30.65386934673367
20260402,304360,에스바이오메딕스,-23.230769230769234,-24.27921092564491,-30.307262569832403,8.050607551935892,2.391631056831762,30.3129813,36.90625954198473
20231010,304840,피플바이오,-13.423831070889891,-21.584699453551913,-29.656862745098035,12.631362507509872,2.3174178430598524,7.6955122,-42.73902777777778
20231011,304840,피플바이오,-2.3622047244094446,-14.127423822714679,-24.20537897310513,14.681813041249889,2.7735279911201247,8.27374086,-44.50258064516129
20231023,304840,피플바이오,-15.008576329331047,-22.698907956318248,-35.89909443725744,-1.9784651018338286,1.694052121517518,9.5949523075,-31.759681274900394
20231024,304840,피플바이오,-9.358752166377815,-8.885017421602793,-28.551912568306015,0.4568880630201385,2.263958802848254,11.1347137425,-32.13703125
20231019,310210,보로노이,-16.86893203883495,-29.30856553147575,-41.94915254237288,27.160814089795903,2.5672588436036508,74.879866825,13.836129032258075
20231023,310210,보로노이,-6.052631578947365,-31.081081081081084,-36.8141592920354,3.024938986653708,1.916934668872992,84.85215535,12.408235294117645
20231024,310210,보로노이,-1.7518248175182438,-34.40545808966861,-40.54770318021201,1.4326285033761474,1.6991489355849634,94.75737305,9.03830985915494
20220623,315640,딥노이드,-12.324141812042766,-30.02470244778801,-32.34910985670864,-0.5511706663863587,1.7550446162876054,5.1547898125,17.832195121951216
20260626,315640,딥노이드,-14.963297571993229,-33.802197802197796,-47.52613240418119,11.38730288563491,2.7507422915216306,7.1751347025,-12.23776892430279
20260729,317830,에스피시스템스,-15.754923413566734,-10.67285382830626,-28.305400372439482,-11.668551157607263,2.3107664815442295,2.4097800775,32.673268428372744
20241112,322310,오로스테크놀로지,-14.66257668711657,-14.66257668711657,-21.501128668171553,-2.145604522915798,1.1274105803217445,5.829103925,12.080806916426516
20260729,322310,오로스테크놀로지,-22.40717029449424,-32.666666666666664,-45.65022421524664,-3.9707895260349706,1.893403384302586,18.916144565,16.755258092738416
20260730,322310,오로스테크놀로지,-31.002475247524753,-43.94167923579688,-51.4161220043573,1.1456325715859033,2.5111921015806957,19.531321365,10.062603550295849
20260619,323350,다원넥스뷰,-14.492753623188403,-16.666666666666664,-45.622119815668206,6.641540567399824,2.9949867571154742,19.56442674,-32.79016949152542
20220929,330860,네패스아크,-6.802721088435371,-20.656370656370658,-26.211849192100534,7.877543035993741,2.206539553001047,6.63700995,14.319999999999993
20240805,330860,네패스아크,-24.26666666666667,-25.459317585301832,-37.16814159292036,-5.892287528217375,2.0102170026251134,13.059949735,3.391428571428582
20240806,330860,네패스아크,-18.9203354297694,-18.0614406779661,-30.000000000000004,5.098702828604922,2.3549889264861563,13.27005554,-12.478701298701296
20220927,337930,젝시믹스,-14.32926829268293,-23.013698630136993,-25.265957446808507,9.887019834295756,1.1935511593281738,4.82932795,-18.72946996466431
20221024,337930,젝시믹스,-1.8143009605122717,-16.967509025270754,-29.87804878048781,11.78934085028038,2.909490075130471,5.051459055,5.470595882990252
20221025,337930,젝시믹스,0.31847133757962887,-8.959537572254339,-23.29545454545454,5.674771254065945,2.7204326210760583,5.92538739,1.804688489968324
20220203,338220,뷰노,-2.008032128514059,-22.539682539682538,-35.62005277044855,11.818632042462022,6.099952964989483,13.564262925,-18.122148760330578
20220214,338220,뷰노,-18.000000000000004,-17.670682730923694,-39.349112426035504,-0.9383844166127211,5.349962475638913,14.0020524,1.718550724637672
20260612,338220,뷰노,19.537275064267345,-2.617801047120416,-20.308483290488432,-8.677726157782912,2.6932272107623074,10.63616294,-18.680000000000003
20260710,338840,와이바이오로직스,-10.371650821089018,-4.949587534372135,-25.875625446747673,30.72038138908601,2.684829342356228,12.430411075,8.288599033816428
20220623,347700,스피어,-10.237544671011145,-30.894966823110536,-31.29525341914723,15.343369591161728,1.856985869572703,2.5141698155000003,24.787847157502323
20220629,347700,스피어,9.878453038674028,-6.558917496711148,-22.23959962464811,3.1319568227545003,1.2637893597590215,2.9687979185000004,3.1496593186372808
20220624,347860,알체라,-5.560902577264459,-25.065761561306743,-27.27497323560899,10.988599155785238,2.6157067193405963,6.0441761485,7.889648924122309
20260630,348080,큐라티스,-11.706998037933293,-30.08803728638011,-38.44049247606019,119.95822338564528,28.400349482921456,2.2567185955,-31.235555555555557
20240716,348370,엔켐,-10.09708737864078,-23.786008230452673,-31.28014842300556,13.938884167873693,4.67691231756785,1006.28580305,-8.671313908741071
20240717,348370,엔켐,-8.965517241379306,-21.86046511627907,-31.808118081180815,7.012904211711245,4.13537566931954,1081.18617795,3.3359371492704875
20241111,352480,씨앤씨인터내셔널,-14.896988906497622,-19.850746268656717,-32.025316455696206,9.89307215383233,11.065286229899375,74.28843345,-29.522504743833018
20241112,352480,씨앤씨인터내셔널,-24.841772151898734,-28.463855421686745,-41.93154034229829,16.360404781698822,12.54631390561283,76.87733725,-13.259957356076754
20241113,352480,씨앤씨인터내셔널,-34.29951690821256,-40.08810572687225,-48.28897338403042,18.141702421447196,13.058082155795983,82.58591335,2.6126829268292715
20241125,352480,씨앤씨인터내셔널,15.719947159841485,-18.43575418994413,-34.626865671641795,-14.302507266913214,8.521660527915301,85.894064225,3.9866666666666637
20220125,354200,엔젠바이오,-13.47855268777839,-17.574912081843806,-24.227850806882543,-29.3200485772862,1.0941210030717246,4.862070043,-9.62787804614665
20220127,354200,엔젠바이오,-20.757718404051552,-25.267895413630516,-33.965479926414886,-8.204137443111858,1.7965495851436826,5.642223356000001,8.799741079110161
20220128,354200,엔젠바이오,-5.320874471086034,-17.50084493194457,-28.70343325987096,0.10548800008397055,2.4886361758045585,6.101597375,0.02251549398467989
20260729,357550,석경에이티,-13.35227272727273,-14.923291492329149,-21.694480102695767,7.899470497327152,4.191161187345337,2.863685125,16.80013816925733
20260410,357580,아모센스,6.174496644295302,-18.158303155716503,-36.72,10.159987391031205,1.9360950537846093,100.861469235,11.340480404551192
20210825,357780,솔브레인,-0.3965392934390799,-18.615611192930782,-20.603448275862068,-24.49197280879375,4.0177577962564435,124.18015095,4.574151624548742
20240805,357780,솔브레인,-15.559772296015185,-19.090909090909093,-25.084175084175087,12.435163127038033,5.224302557206991,82.57892,-2.8121961620469067
20241223,358570,지아이이노베이션,-17.593244194229417,-12.731337722022108,-21.27731092436975,3.995366551054829,1.3897577516463289,63.771353526000006,28.9333067955644
20260729,360070,탑머티리얼,-21.352313167259783,-19.44106925880923,-33.23262839879154,-0.8277559238613695,1.143035697664921,3.019967655,36.91111791730474
20260609,362320,청담글로벌,-6.5326633165829096,-18.86586695747001,-24.236252545824843,20.562641352388088,2.1761780164353604,3.93578181,22.42468319559229
20231018,363250,진시스템,-33.01075268817204,-47.315010570824526,-53.507462686567166,13.766529295825123,2.447369151366148,24.03065366,10.852355637030257
20231019,363250,진시스템,-38.743169398907106,-45.3170731707317,-59.01279707495431,9.886916088083415,2.558878033860492,28.613442645,9.486972477064217
20231020,363250,진시스템,-40.39325842696629,-48.117359413202934,-61.34790528233152,7.956607196855156,2.613780385582565,30.60958952,9.289491525423724
20231024,363250,진시스템,7.404103479036572,-39.52787543947765,-53.15175097276265,4.8066887695311795,2.431739513048214,30.648731855,-11.937692307692313
20231127,363250,진시스템,-6.558849955076374,-16.800000000000004,-22.962962962962962,-11.492012113632741,2.497489498975137,7.46846398,-21.299047619047613
20260529,363250,진시스템,-6.937799043062198,-21.015228426395936,-29.272727272727273,2.880345083280843,1.3667219378307303,2.121434565,-11.654093264248706
20220624,367000,플래티어,-5.668016194331981,-20.47781569965871,-23.355263157894733,12.963995509660919,1.2711121405902956,4.07656485,9.760677966101687
20260729,368770,파이버프로,-18.492063492063494,-14.058577405857742,-25.47169811320755,4.96958112864502,4.176027154185558,16.24002985,36.45440860215055
20250325,370090,퓨런티어,-1.8572257690075422,-6.9345074298293845,-24.340044742729305,42.61416557551868,5.921528569860855,30.880947145,-10.74997635933806
20260714,370090,퓨런티어,-5.429864253393668,-14.461118690313779,-31.624863685932393,1.981819933832268,3.1225319824176716,2.39717788,11.876618819776724
20260729,372170,윤성에프앤씨,-16.98867421718854,-18.880208333333336,-31.463146314631462,4.371948305108572,1.115768749046776,2.46807028,87.99052537845057
20220509,376300,디어유,-11.14718614718615,-16.818642350557244,-24.540441176470583,18.02137668767794,3.191128762536309,37.783310175,-0.4868152031454711
20220510,376300,디어유,-18.050941306755263,-22.916666666666664,-27.875243664717352,8.126771481745505,3.428604070254394,45.771128775,6.552432432432434
20220511,376300,디어유,-15.748031496062998,-24.799196787148592,-29.472693032015062,6.474740247409256,3.415144140289847,47.72575045,9.201743869209814
20260610,376930,노을,-1.5348288075560768,-24.864864864864867,-28.717948717948715,2.0769086447998046,1.6154546979469033,6.870479408,-20.62865525672371
20260622,376930,노을,-12.08791208791209,-13.669064748201443,-28.57142857142857,0.4257677947177204,1.0314391365837183,6.153591027,-11.263333333333332
20220620,376980,원티드랩,-9.643605870020966,-25.432525951557096,-22.34234234234235,6.967300971303467,1.5026229239520315,20.14457715,-1.5793006993006977
20220509,377030,비트맥스,-20.095377557764326,-25.444960340491395,-28.85822410928558,0.11792246510439813,9.249443117440226,45.225358901499995,31.202348970637868
20220510,377030,비트맥스,-21.97357262057834,-27.12336467702371,-33.19200768311822,-8.725362228840986,7.820751974417366,49.278097781499994,37.28244342278769
20220520,377030,비트맥스,26.083805866048305,0.0,-23.84032040970421,-6.824028417807476,3.860811051020943,64.622606753,-4.358969729155601
20240619,377480,마음AI,-7.799767171129224,-17.45700885878061,-27.172413793103445,4.897880523698033,1.4641926141932167,12.402120435,-5.087751441383733
20240805,377480,마음AI,-20.408163265306122,-26.03938730853391,-35.0,1.3943578566937114,1.1730653700664666,7.39384321,13.605996055226825
20240806,378340,필에너지,-21.81705809641533,-30.149088901159583,-39.03614457831325,18.37878825247005,3.3478617166946347,37.63740012,41.919999999999995
20240819,378340,필에너지,2.4478041756659463,-7.777057679844457,-25.30183727034121,-8.63432864588029,1.2096979744832836,51.443513185,17.414585332419456
20241112,382800,지앤비에스 에코,-9.531502423263326,-15.915915915915912,-22.330097087378643,9.343148963000367,1.8824462648543927,2.99445435,-5.965714285714281
20240806,382840,원준,-16.63701067615658,-17.079646017699112,-28.74524714828898,17.145559130350005,2.464577503979095,8.06750301,16.333100436681228
20220124,383310,에코프로에이치엔,-7.8863022941970335,-14.868572853980233,-22.54609929078014,12.237687366167023,1.483078664674791,93.56521066299999,-18.89456135837407
20220126,383310,에코프로에이치엔,-34.27285051969137,-40.76208290593133,-45.241581259150806,12.500505892952429,2.5258116344480452,103.766454055,8.384006423839576
20220127,383310,에코프로에이치엔,-14.46937093672741,-27.18655483146768,-34.18913015908802,6.148507469156675,2.2482793622499506,138.077072366,16.58934690634194
20220128,383310,에코프로에이치엔,-16.724751525880034,-26.596125089396004,-37.435407228848895,1.55765287440947,1.288474090752849,154.976388956,16.672971465350773
20240806,383310,에코프로에이치엔,-11.413580869740692,-13.054070112893646,-23.032821375973068,10.674403205351231,1.403192925789627,44.1047438685,-1.9622711471610623
20240805,384470,코어라인소프트,-21.766227657572912,-29.71688147052609,-35.97959969207082,-1.3125173060546376,1.194214807919862,11.710995325499999,11.927017810930133
20260520,388210,씨엠티엑스,-12.222222222222223,-19.270072992700726,-27.853881278538818,3.952358897073479,3.2113765779852486,163.6938076,-10.340383944153572
20240725,389020,자람테크놀로지,-13.992537313432841,-26.82539682539683,-38.94039735099337,8.168269078995829,2.4861391060237716,53.47730545,-9.467541713014457
20240726,389020,자람테크놀로지,-29.1030534351145,-39.495114006514655,-49.38692098092643,2.1133051624705814,2.057357561190026,70.15747085,6.113478260869557
20231016,389260,대명에너지,1.0178117048346147,5.979711692471978,-20.281124497991964,1.7300505549242957,2.972149612385101,15.45466757,-25.930000000000007
20240805,389500,에스비비테크,-24.68619246861925,-31.07221006564551,-36.96848424212106,7.514071164829694,2.4407390797037607,3.86990372,81.00467037331215
20240806,389500,에스비비테크,-24.825581395348838,-28.20655191560244,-34.6309403437816,17.617243976317567,3.6256980388025886,4.05790613,82.03361132966168
20240814,389500,에스비비테크,12.175204157386776,-9.683203825463238,-23.840725806451612,-6.453358821260155,1.6326306800123072,6.685302955,17.361450777202073
20241118,397030,에이프릴바이오,1.0928961748633892,-12.735849056603776,-24.949290060851926,39.58083005374419,3.5169356934510954,125.38258983,-2.7795283018867885
20241127,397030,에이프릴바이오,6.84039087947883,-10.382513661202186,-22.458628841607563,-3.527527750249946,3.5316104462011513,125.383201865,-6.376656534954403
20260609,397030,에이프릴바이오,-24.223034734917736,-25.315315315315313,-37.38670694864048,17.577960043306224,6.343705475916335,234.80041395,-26.310258302583033
20260518,398120,에스지헬스케어,-13.71087928464978,-17.872340425531917,-24.90272373540856,4.868525785699115,2.8527295854223387,3.706518045,-17.616952714535902
20240805,402030,코난테크놀로지,-18.70658077554629,-24.050035402407367,-34.4803013336048,0.10967889639603666,1.2186330076381886,3.9756890515,12.864309774909481
20260529,402030,코난테크놀로지,-0.23571007660577736,-10.18567639257294,-20.887850467289717,-9.495759660772862,3.143304751420237,7.2390129,-32.82206128133706
20260520,403850,더핑크퐁컴퍼니,-14.36502428868841,-24.664224664224665,-27.369040612124785,16.638401367251692,4.882574384061076,10.741886615,-11.621767068273089
20260610,403850,더핑크퐁컴퍼니,2.603231597845612,-11.463981409759871,-27.058072750478622,6.954392714826428,1.7576641690969612,9.46701473,-10.101052631578952
20240805,408900,스튜디오미르,-19.15584415584416,-18.494271685761042,-26.331360946745562,11.976228139195925,1.4731556934668062,2.91267621,6.078620689655183
20240806,408900,스튜디오미르,-13.80417335473515,-13.247172859450728,-22.622478386167145,22.68862630029961,1.9099991061974662,3.21171627,-14.715381750465546
20260304,411080,샌즈랩,-18.80733944954128,-24.78753541076487,-31.3953488372093,1.257893313186147,3.3826499540466,4.933668095,12.208888888888884
20260629,416180,신성에스티,-1.3452914798206317,-21.98581560283688,-32.7217125382263,13.848146922190136,1.33312949449239,9.590815375,-28.481801801801804
20260710,417840,저스템,22.66152362584377,-5.35714285714286,-27.314285714285713,7.118296354624149,1.4540177401600658,116.059038905,-10.095384615384615
20250820,418470,KT밀리의서재,-8.421709295071745,-6.7344345616264345,-21.202361782071932,8.796401407651267,5.332367046534882,6.16915246,-3.974197031039136
20240805,425040,티이엠씨,-25.309090909090916,-27.163120567375888,-37.3780487804878,8.344546638291026,1.4744181161639325,18.036761305,1.638270165208947
20240806,425040,티이엠씨,-22.021660649819495,-21.739130434782606,-32.919254658385086,9.006114062527224,1.6334723978872128,18.558730805,-5.622344045368617
20240809,425040,티이엠씨,4.444444444444451,-17.664233576642342,-28.335451080050824,6.525581520859193,1.0160165868653714,19.40951372,-13.758055307760927
20240912,425040,티이엠씨,-3.469387755102038,-14.92805755395683,-21.166666666666668,19.33352003016725,5.013286508164002,10.546324835,-3.7143189017951403
20260304,430690,한싹,-21.027479091995215,-25.563063063063062,-31.71487603305785,11.563442498842358,3.947167493219519,2.5959811225,8.862168674698793
20260709,445090,에이직랜드,10.1956745623069,-6.753812636165579,-20.887245841035117,-10.166828568474994,1.0455218194825175,37.23538154,-15.949767441860459
20260729,450950,아스테라시스,-12.434325744308229,-19.999999999999996,-27.953890489913547,51.37006773934625,9.825022487544711,2.39461151,26.85658536585366
20260730,450950,아스테라시스,-10.554561717352417,-21.011058451816744,-32.432432432432435,50.423280280039094,10.897479448332088,2.37541401,7.300827447023199
20260729,452450,피아이이,-22.704507512520866,-22.704507512520866,-36.31361760660248,17.2930463676438,1.612480964973757,4.10088504,82.61752066115703
20260529,455180,케이지에이,-30.02150537634408,-39.063670411985015,-47.3462783171521,8.000563002581664,1.8588827874446183,2.416732636,-20.25988165680473
20260605,455180,케이지에이,21.225806451612893,-23.306122448979593,-38.79478827361563,7.077115912119789,1.859830870265209,2.565387175,-10.359446219382324
20260728,456070,이엔셀,-13.198757763975156,-15.43116490166414,-31.57894736842105,14.932467336113596,4.173447915459792,3.001703735,11.65333333333333
20240819,457550,우진엔텍,-2.470461868958107,-8.881083793276467,-34.20289855072463,36.895886493168625,1.9963535437708897,98.426303005,0.0299945385035556
20260729,457550,우진엔텍,-19.75724881995954,-17.817679558011047,-28.14009661835749,4.869106647617446,8.385557042295137,5.61143415,28.45953488372092
20260623,458350,에스팀,-18.0931744312026,-19.91525423728814,-43.75,0.3513993295511066,1.2442436807250157,2.73227628,4.320000000000006
20260624,458350,에스팀,-13.919821826280621,-15.14818880351262,-42.3134328358209,6.095106998136999,1.770430829948872,2.88098338,4.909147286821695
20260709,458350,에스팀,-14.13427561837456,-7.487309644670049,-20.932754880694137,9.104510327671635,5.514296715408393,2.39017522,1.290297029702973
20260611,460930,현대힘스,1.5255530129671957,-21.102548903378782,-26.908292147171885,42.73773299192179,1.0658302243249134,39.504987925,-20.04299559471366
20260304,462310,뉴키즈온,-12.318840579710145,-21.42857142857143,-25.918367346938776,3.7185331048146932,1.069166214388128,2.03118729,17.29506925207757
20260609,468530,프로티나,-7.0666666666666655,-25.454545454545453,-32.59187620889749,14.5974823003124,3.9084908172424826,36.759195975,-26.067406296851576
20260624,473980,노머스,-9.643788010425713,-16.93290734824281,-30.805056553559552,18.839457151591553,2.362511739051337,9.02347054,8.006888454011733
20260702,475230,엔알비,-8.070175438596493,-18.969072164948454,-33.782645324347094,9.808249925762896,5.623208745306028,10.055693895,-17.973893129770985
20260519,475830,오름테라퓨틱,-21.375,-33.01384451544196,-26.77532013969732,15.83693370988846,5.371845492294177,158.031967,4.601967213114758
20260616,476830,알지노믹스,9.375,-13.837011884550087,-31.27962085308057,-5.654775819346393,1.600556287638783,312.34654745,-44.6751219512195
20260601,481070,에이유브랜즈,-4.992967651195501,-24.058459808881395,-28.25278810408922,11.78318931657502,2.623380824460978,4.78391088,1.6757046979865835
20260604,481070,에이유브랜즈,-11.475409836065575,-21.984924623115575,-30.76923076923077,18.46790872464753,4.534558343980293,5.0189427,18.803870967741936
20260605,481070,에이유브랜즈,-13.101406365655066,-22.251655629139076,-32.451093210586876,25.987982156370183,6.487695620895955,5.21651281,24.33260126012601
20260609,481070,에이유브랜즈,-5.797101449275366,-23.828125,-30.522565320665084,32.467486742824335,9.391407440862643,5.815552375,26.13222320637733
20260625,493280,아이엠바이오로직스,-5.309734513274334,-20.44609665427509,-41.76870748299319,11.48061286735965,3.43043291221211,25.949420125,-20.02893617021277
20240813,950140,잉글우드랩,-15.364238410596032,-41.241379310344826,-39.57446808510638,-2.5584389768183455,2.510387749827615,98.15758316,-5.138109146810141
