Symbol,Name,DelistingDate,Reason
035480,제이테크놀로지,2019-12-12,기업의 계속성 및 경영의 투명성 등을 종합적으로 고려하여 상장폐지기준에 해당한다고 결정
017680,데코앤이,2019-11-20,발행한 어음 또는 수표가 주거래은행에 의하여 최종부도로 결정되거나 거래은행에 의한 거래정지
225650,쿠첸,2019-09-16,타법인의 완전자회사로 편입
026180,현대정보기술,2019-07-17,피흡수합병
065160,에프티이앤이,2019-05-03,감사의견 거절(감사범위 제한)
123100,원익테라세미콘,2019-02-20,피흡수합병
194610,우성아이비,2018-10-12,감사의견거절(감사범위 제한 및 계속기업 존속능력에 대한 불확실성)
155960,지디,2018-10-12,감사의견 거절(감사범위 제한)
032040,C&S자산관리,2018-10-11,감사의견거절(범위제한 및 계속기업 존속능력에 대한 불확실성)
081970,넥스지,2018-10-11,감사의견거절(감사범위제한)
047440,레이젠,2018-10-11,감사의견거절(감사범위 제한 및 계속기업 존속능력에 대한 불확실성)
026260,위너지스,2018-10-11,감사의견거절(감사범위 제한)
052290,트레이스,2018-10-11,감사의견거절(감사범위 제한)
016170,카카오M,2018-09-18,피흡수합병
043580,에임하이,2018-08-10,감사의견거절(감사범위 제한)
130960,CJ E&M,2018-07-18,피흡수합병
090730,SIMPAC Metal,2018-07-17,피흡수합병
024660,하림홀딩스,2018-07-16,피흡수합병
099660,신텍,2018-07-09,발행한 어음 또는 수표가 주거래은행에 의하여 최종부도로 결정되거나 거래은행에 의한 거래정지
087220,스틸플라워,2018-05-08,감사의견거절(감사범위 제한 및 계속기업 존속능력에 대한 불확실성)
099830,씨그널엔터테인먼트그룹,2018-05-04,감사의견거절(감사범위 제한)
051170,썬코어,2018-03-15,'16사업연도 감사의견거절(계속기업 존속능력에 대한 불확실성) 및 '17사업연도 반기 감사의견거절(계속기업 존속능력에 대한 불확실성)
039790,위노바,2018-03-09,기업의 계속성 및 경영의 투명성 등을 종합적으로 고려하여 상장폐지기준에 해당한다고 결정
036490,SK머티리얼즈,2021-12-27,피흡수합병
045890,GV,2021-12-20,해산사유 발생(파산선고)
031390,녹십자셀,2021-11-17,피흡수합병
087730,이엠네트웍스,2021-10-08,기업의 계속성 및 경영의 투명성 등을 종합적으로 고려하여 상장폐지기준에 해당한다고 결정
033110,코너스톤네트웍스,2021-10-08,감사의견 거절(감사범위 제한 및 계속기업 존속능력에 대한 불확실성)
039230,에이아이비트,2021-10-06,감사의견 거절(감사범위 제한)
213090,미래테크놀로지,2021-10-05,피흡수합병
111820,지유온,2021-09-30,기업의 계속성 및 경영의 투명성 등을 종합적으로 고려하여 상장폐지기준에 해당한다고 결정
141070,맥스로텍,2021-09-16,발행한 어음 또는 수표가 주거래은행에 의하여 최종부도로 결정되거나 거래은행에 의한 거래정지
080440,에스제이케이,2021-09-13,해산사유 발생(파산선고)
033430,디에스티,2021-09-02,감사의견 한정(감사범위 제한)
086250,이노와이즈,2021-08-31,감사의견 거절(감사범위 제한)
038160,팍스넷,2021-08-23,감사의견 거절(감사범위 제한 및 계속기업 존속능력에 대한 불확실성)
033600,럭슬,2021-08-11,감사의견 거절(감사범위 제한)
065620,제낙스,2021-08-09,감사의견 거절(감사범위 제한 및 계속기업 존속능력에 대한 불확실성)
043290,케이맥,2021-07-20,피흡수합병
028150,GS홈쇼핑,2021-07-16,피흡수합병
226350,아이엠텍,2021-06-11,감사의견 거절(감사범위 제한)
195440,퓨전,2021-06-10,감사의견 거절(감사범위 제한 및 계속기업 존속능력에 대한 불확실성)
008800,행남사,2021-06-07,기업의 계속성 및 경영의 투명성 등을 종합적으로 고려하여 상장폐지기준에 해당한다고 결정
073070,에이팸,2021-06-04,기업의 계속성 및 경영의 투명성 등을 종합적으로 고려하여 상장폐지기준에 해당
102210,에이치디,2021-04-19,기업의 계속성 및 경영의 투명성 등을 종합적으로 고려하여 상장폐지기준에 해당한다고 결정
023890,한국아트라스비엑스,2021-04-19,피흡수합병
028040,미래SCI,2021-04-13,"최근 2년간 3회 이상 공시규정 제19조제1항의 규정에 의한 사업보고서, 반기보고서 또는 분기보고서 법정제출기한 내 미제출"
036260,이매진아시아,2021-02-15,기업의 계속성 및 경영의 투명성 등을 종합적으로 고려하여 상장폐지기준에 해당
057500,SKC 솔믹스,2020-12-23,타법인의 완전자회사로 편입
194510,파티게임즈,2020-09-09,감사의견거절(감사범위 제한)
204990,코썬바이오,2020-08-11,기업의 계속성 및 경영의 투명성 등을 종합적으로 고려하여 상장폐지기준에 해당한다고 결정
065940,바이오빌,2020-07-31,감사의견 거절(감사범위 제한 및 계속기업 존속능력에 대한 불확실성)
108790,인터파크,2020-07-16,피흡수합병
149940,모다,2020-07-10,감사의견거절(감사범위 제한)
134780,화진,2020-07-02,감사의견거절(감사범위제한)
112240,에스에프씨,2020-06-30,감사의견 거절(감사범위 제한)
094190,이엘케이,2020-05-22,감사의견 거절(감사범위 제한 및 계속기업 존속능력에 대한 불확실성)
030270,에스마크,2020-05-21,감사의견거절(감사범위제한 및 계속기업 존속 불확실)
054340,피앤텔,2020-05-21,감사의견 거절(감사범위 제한 및 계속기업 존속능력에 대한 불확실성)
197210,리드,2020-05-14,기업의 계속성 및 경영의 투명성 등을 종합적으로 고려하여 상장폐지기준에 해당한다고 결정
123260,파인넥스,2020-04-10,"제28조제1항제9호에 따라 관리종목 지정 후 공시규정 제19조제1항에 따른 사업보고서 법정제출기한 내 미제출, 최근 2년간 3회 이상 공시규정 제19조제1항의 규정에 의한 사업보고서, 반기보고서 또는 분기보고서 법정제출기한 내 미제출"
122800,썬텍,2020-02-12,기업의 계속성 및 경영의 투명성 등을 종합적으로 고려하여 상장폐지기준에 해당한다고 결정
077280,한컴지엠디,2020-01-16,피흡수합병
046140,SBS콘텐츠허브,2023-12-18,타법인의 완전자회사로 편입
138690,엘아이에스,2023-12-06,기업의 계속성 및 경영의 투명성 등을 종합적으로 고려하여 상장폐지기준에 해당한다고 결정
085370,루트로닉,2023-10-27,타법인의 완전자회사로 편입
069110,코스온,2023-10-20,감사의견 거절(감사범위 제한)
298870,우리벤처파트너스,2023-08-28,타법인의 완전자회사로 편입
048260,오스템임플란트,2023-08-14,상장폐지 신청('23.06.28)
078650,지나인제약,2023-07-21,감사의견 거절(감사범위 제한 및 계속기업가정 불확실성)
096640,멜파스,2023-07-17,기업의 계속성 및 경영의 투명성 등을 종합적으로 고려하여 상장폐지기준에 해당한다고 결정
050540,엠피씨플러스,2023-05-08,감사의견 거절(감사범위 제한)
058420,제이웨이,2023-04-14,감사의견 거절(감사범위 제한 및 계속기업가정 불확실성)
056000,코원플레이,2023-03-30,감사의견 거절(감사범위 제한 및 계속기업가정 불확실성)
064510,유네코,2023-01-17,감사의견 거절(감사범위 제한 및 계속기업 존속능력 불확실성)
217600,켐온,2022-12-16,피흡수합병
290510,코리아센터,2022-12-16,피흡수합병
131390,원익피앤이,2022-11-29,피흡수합병
158310,참존글로벌,2022-11-09,기업의 계속성 및 경영의 투명성 등을 종합적으로 고려하여 상장폐지기준에 해당한다고 결정
060300,레드로버,2022-11-04,기업의 계속성 및 경영의 투명성 등을 종합적을 고려하여 상장폐지기준에 해당한다고 결정
347140,케이프이에스제4호,2022-10-31,상장예비심사 청구서 미제출로 관리종목 지정 후 1개월 이내 동 사유 미해소
126870,뉴로스,2022-10-26,감사의견 거절(감사범위 제한 및 계속기업 존속능력 불확실성)
090740,연이비앤티,2022-10-17,기업의 계속성 및 경영의 투명성 등을 종합적으로 고려하여 상장폐지기준에 해당한다고 결정
182690,테라셈,2022-10-17,감사의견 거절(감사범위 제한)
046110,한일네트웍스,2022-10-05,상장폐지 신청('22.08.31)
127160,매직마이크로,2022-09-22,감사의견 거절(감사범위 제한 및 계속기업 존속능력 불확실성)
053110,소리바다,2022-09-07,감사의견 거절(감사범위 제한)
176440,에이치엔티,2022-06-27,기업의 계속성 및 경영의 투명성 등을 종합적을 고려하여 상장폐지기준에 해당한다고 결정
220630,맘스터치,2022-05-31,상장폐지 신청('22.03.30)
050320,에스에이치엔엘,2022-05-31,감사의견 거절
052190,세영디앤씨,2022-05-27,감사의견 거절(감사범위 제한 및 계속기업 존속능력에 대한 불확실성)
053660,현진소재,2022-04-26,감사의견 거절(감사범위 제한 및 계속기업 존속능력에 대한 불확실성)
039670,스포츠서울,2022-04-20,기업의 계속성 및 경영의 투명성 등을 종합적으로 고려하여 상장폐지기준에 해당한다고 결정
041140,넥슨지티,2022-04-15,피흡수합병
066110,한프,2022-04-06,감사의견 거절(감사범위 제한)
225330,씨엠에스에듀,2022-03-17,피흡수합병
114570,지스마트글로벌,2022-02-23,감사의견 거절(감사범위 제한 및 계속기업 존속능력에 대한 불확실성)
221610,자안바이오,2022-01-05,발행한 어음 또는 수표가 주거래은행에 의하여 최종부도로 결정되거나 거래은행에 의한 거래정지
054630,에이디칩스,2025-12-30,감사의견 거절(계속기업 존속능력 불확실성)
335890,비올,2025-12-10,상장폐지 신청('25.11.06)
014200,광림,2025-11-26,기업의 계속성 및 경영의 투명성 등을 종합적으로 고려하여 상장폐지기준에 해당한다고 결정
151910,퓨처코어,2025-11-26,기업의 계속성 및 경영의 투명성 등을 종합적으로 고려하여 상장폐지기준에 해당한다고 결정
096040,이트론,2025-09-10,기업의 계속성 및 경영의 투명성 등을 종합적으로 고려하여 상장폐지기준에 해당한다고 결정
024810,이화전기,2025-09-10,기업의 계속성 및 경영의 투명성 등을 종합적으로 고려하여 상장폐지기준에 해당한다고 결정
019590,에스유앤피,2025-09-08,기업의 계속성 및 경영의 투명성 등을 종합적으로 고려하여 상장폐지기준에 해당한다고 결정
290380,대유,2025-08-21,기업의 계속성 및 경영의 투명성 등을 종합적으로 고려하여 상장폐지기준에 해당한다고 결정
044060,조광ILI,2025-08-21,기업의 계속성 및 경영의 투명성 등을 종합적으로 고려하여 상장폐지기준에 해당한다고 결정
023460,CNH,2025-07-14,기업의 계속성 및 경영의 투명성 등을 종합적으로 고려하여 상장폐지기준에 해당한다고 결정
323230,엠에프엠코리아,2025-06-19,기업의 계속성 및 경영의 투명성 등을 종합적으로 고려하여 상장폐지기준에 해당한다고 결정
226440,한송네오텍,2025-06-19,기업의 계속성 및 경영의 투명성 등을 종합적으로 고려하여 상장폐지기준에 해당한다고 결정
071460,위니아,2025-06-18,감사의견 거절(감사범위 제한 및 계속기업가정 불확실성)
072520,제넨바이오,2025-06-18,감사의견 거절(감사범위 제한 및 계속기업 가정 불확실성)
029960,코엔텍,2025-06-16,타법인의 완전자회사로 편입
214870,한울BnC,2025-03-31,감사의견 거절(감사범위 제한 및 계속기업가정 불확실성)
038340,MIT,2025-03-28,기업의 계속성 및 경영의 투명성 등을 종합적으로 고려하여 상장폐지기준에 해당한다고 결정
268600,셀리버리,2025-03-07,감사의견 거절(감사범위 제한 및 계속기업 가정 불확실성)
376190,LB루셈,2025-02-21,피흡수합병
078940,퀀타피아,2025-02-19,기업의 계속성 및 경영의 투명성 등을 종합적으로 고려하여 상장폐지기준에 해당한다고 결정
299910,애닉,2025-02-14,기업의 계속성 및 경영의 투명성 등을 종합적으로 고려하여 상장폐지기준에 해당한다고 결정
160600,이큐셀,2025-02-14,기업의 계속성 및 경영의 투명성 등을 종합적으로 고려하여 상장폐지기준에 해당한다고 결정
214310,에스엘에너지,2024-12-23,기업의 계속성 및 경영의 투명성 등을 종합적으로 고려하여 상장폐지기준에 해당한다고 결정
080000,에스엔유,2024-12-20,피흡수합병
138580,비즈니스온,2024-11-22,타법인의 완전자회사로 편입
062860,티엘아이,2024-11-14,기업의 계속성 및 경영의 투명성 등을 종합적으로 고려하여 상장폐지기준에 해당한다고 결정
287410,제이시스메디칼,2024-11-07,타법인의 완전자회사로 편입
263540,어스앤에어로스페이스,2024-11-06,기업의 계속성 및 경영의 투명성 등을 종합적으로 고려하여 상장폐지기준에 해당한다고 결정
164060,이루다,2024-10-22,피흡수합병
053590,한국테크놀로지,2024-10-07,해산사유 발생(파산선고)
119860,커넥트웨이브,2024-09-24,타법인의 완전자회사로 편입
089530,에이티세미콘,2024-09-06,기업의 계속성 및 경영의 투명성 등을 종합적으로 고려하여 상장폐지 기준에 해당한다고 결정
065560,녹원씨엔아이,2024-07-29,기업의 계속성 및 경영의 투명성 등을 종합적으로 고려하여 상장폐지기준에 해당한다고 결정
136510,스마트솔루션즈,2024-07-25,감사의견 거절
181340,이즈미디어,2024-07-10,감사범위 제한
058530,파나케이아,2024-06-25,기업의 계속성 및 경영의 투명성 등을 종합적으로 고려하여 상장폐지기준에 해당한다고 결정
006580,대양제지,2024-06-21,상장폐지 신청('24.05.17)
161570,THE MIDONG,2024-06-17,기업의 계속성 및 경영의 투명성 등을 종합적으로 고려하여 상장폐지기준에 해당한다고 결정
148140,비디아이,2024-06-07,기업의 계속성 및 경영의 투명성 등을 종합적으로 고려하여 상장폐지기준에 해당한다고 결정
058220,아리온,2024-05-03,감사의견 거절(감사범위 제한 및 계속기업 존속능력에 대한 불확실성)
115960,연우,2024-03-06,타법인의 완전자회사로 편입
114120,크루셜텍,2024-02-15,기업의 계속성 및 경영의 투명성 등을 종합적으로 고려하여 상장폐지기준에 해당한다고 결정
091990,셀트리온헬스케어,2024-01-12,피흡수합병
141020,디에스앤엘,2024-01-03,기업의 계속성 및 경영의 투명성 등을 종합적으로 고려하여 상장폐지기준에 해당한다고 결정
269620,시스웍,2026-08-25,감사의견 거절(계속기업 존속능력 불확실성)
299900,위지윅스튜디오,2026-08-18,피흡수합병
043090,더테크놀로지,2026-08-10,기업의 계속성 및 경영의 투명성 등을 종합적으로 고려하여 상장폐지기준에 해당한다고 결정
060240,스타코링크,2026-07-24,기업의 계속성 및 경영의 투명성 등을 종합적으로 고려하여 상장폐지기준에 해당한다고 결정
203690,아크솔루션스,2026-07-08,기업의 계속성 및 경영의 투명성 등을 종합적으로 고려하여 상장폐지기준에 해당한다고 결정
222160,NPX,2026-07-07,기업의 계속성 및 경영의 투명성 등을 종합적으로 고려하여 상장폐지기준에 해당한다고 결정
106520,노블엠앤비,2026-07-01,감사의견 거절(계속기업 존속능력 불확실성)
032980,바이온,2026-07-01,기업의 계속성 및 경영의 투명성 등을 종합적으로 고려하여 상장폐지기준에 해당한다고 결정
101390,아이엠,2026-07-01,기업의 계속성 및 경영의 투명성 등을 종합적으로 고려하여 상장폐지기준에 해당한다고 결정
227100,프로브잇,2026-07-01,기업의 계속성 및 경영의 투명성 등을 종합적으로 고려하여 상장폐지기준에 해당한다고 결정
230360,에코마케팅,2026-06-30,타법인의 완전자회사로 편입
230980,비유테크놀러지,2026-06-05,감사의견 거절(감사범위 제한 및 계속기업 존속능력 불확실성)
139050,BF랩스,2026-05-08,감사의견 거절(감사범위 제한)
217620,선샤인푸드,2026-05-08,감사의견 거절(감사범위 제한 및 계속기업 존속능력 불확실성)
204630,스튜디오산타클로스,2026-03-18,감사의견 한정(감사범위 제한)
036180,지더블유바이텍,2026-03-17,기업의 계속성 및 경영의 투명성 등을 종합적으로 고려하여 상장폐지기준에 해당한다고 결정
222810,세토피아,2026-03-16,감사의견 거절(계속기업 존속능력 불확실성)
052670,제일바이오,2026-02-23,기업의 계속성 및 경영의 투명성 등을 종합적으로 고려하여 상장폐지기준에 해당한다고 결정
208340,파멥신,2026-01-27,기업의 계속성 및 경영의 투명성 등을 종합적으로 고려하여 상장폐지기준에 해당한다고 결정
150840,인트로메딕,2026-01-26,기업의 계속성 및 경영의 투명성 등을 종합적으로 고려하여 상장폐지기준에 해당한다고 결정
057880,푸른소나무,2026-01-22,감사의견 거절(감사범위 제한 및 계속기업 존속능력 불확실성)
226360,KH 건설,2026-01-14,감사의견 거절(감사범위 제한)
111870,KH 미래물산,2026-01-14,감사의견 거절(감사범위 제한)
174880,장원테크,2026-01-14,감사의견 한정(감사범위 제한)
