F,date,ticker,name,grp,r,y
1번 상승초입,20210901,000100,유한양행,생존,-0.5281145884156931,2021
1번 상승초입,20210902,000100,유한양행,생존,0.24562030341699603,2021
1번 상승초입,20210903,000100,유한양행,생존,-0.5319461474584372,2021
1번 상승초입,20211228,000100,유한양행,생존,-3.939230327009566,2021
1번 상승초입,20240221,000150,두산,생존,8.062211055276382,2024
1번 상승초입,20240308,000150,두산,생존,19.62,2024
1번 상승초입,20240311,000150,두산,생존,19.62,2024
1번 상승초입,20220303,000880,한화,생존,-3.509175745336665,2022
1번 상승초입,20211115,000990,DB하이텍,생존,10.815158850226927,2021
1번 상승초입,20211116,000990,DB하이텍,생존,0.22060060060060926,2021
1번 상승초입,20231128,000990,DB하이텍,생존,-0.5455629139072801,2023
1번 상승초입,20231129,000990,DB하이텍,생존,4.472686308492205,2023
1번 상승초입,20231130,000990,DB하이텍,생존,-0.7057328990228015,2023
1번 상승초입,20250207,000990,DB하이텍,생존,16.375345911949683,2025
1번 상승초입,20250602,000990,DB하이텍,생존,10.175737704918033,2025
1번 상승초입,20250604,000990,DB하이텍,생존,7.709158016147635,2025
1번 상승초입,20220330,001440,대한전선,생존,19.62,2022
1번 상승초입,20221103,001440,대한전선,생존,3.3743748011453993,2022
1번 상승초입,20230418,001440,대한전선,생존,-14.670283374912051,2023
1번 상승초입,20231214,001440,대한전선,생존,-0.9605125467164939,2023
1번 상승초입,20250605,001440,대한전선,생존,19.62,2025
1번 상승초입,20210401,001510,SK증권,생존,19.52,2021
1번 상승초입,20210402,001510,SK증권,생존,19.52,2021
1번 상승초입,20210406,001510,SK증권,생존,19.52,2021
1번 상승초입,20190415,001820,삼화콘덴서,생존,-10.318837920489297,2019
1번 상승초입,20210715,001820,삼화콘덴서,생존,-6.6815503875969,2021
1번 상승초입,20210716,001820,삼화콘덴서,생존,-5.7759501557632404,2021
1번 상승초입,20260504,002020,코오롱,생존,19.52,2026
1번 상승초입,20240607,002710,TCC스틸,생존,-0.5634862385321046,2024
1번 상승초입,20221129,002900,TYM,생존,-3.3369598072500257,2022
1번 상승초입,20221130,002900,TYM,생존,-0.18812641083520731,2022
1번 상승초입,20250529,003160,디아이,생존,6.572096569250322,2025
1번 상승초입,20210831,003410,쌍용C&E,폐지,0.9468727705113005,2021
1번 상승초입,20211216,003550,LG,생존,-0.7494581280788145,2021
1번 상승초입,20220729,004000,롯데정밀화학,생존,5.922439024390238,2022
1번 상승초입,20240222,005070,코스모신소재,생존,-8.271832229580577,2024
1번 상승초입,20240528,005070,코스모신소재,생존,11.802410423452761,2024
1번 상승초입,20210121,005320,온타이드,생존,0.918701298701288,2021
1번 상승초입,20210122,005320,온타이드,생존,-3.1053668763102755,2021
1번 상승초입,20200211,005690,파미셀,생존,-7.69769499417928,2020
1번 상승초입,20240527,006110,삼아알미늄,생존,18.262293464858207,2024
1번 상승초입,20240528,006110,삼아알미늄,생존,9.40095238095239,2024
1번 상승초입,20250701,006340,대원전선,생존,-5.5362499999999955,2025
1번 상승초입,20251013,006340,대원전선,생존,-4.023465045592708,2025
1번 상승초입,20251014,006340,대원전선,생존,-2.4923839009287936,2025
1번 상승초입,20251015,006340,대원전선,생존,4.743880597014929,2025
1번 상승초입,20211203,006650,대한유화,생존,1.042842639593902,2021
1번 상승초입,20210106,006980,우성,생존,2.2762500000000045,2021
1번 상승초입,20210107,006980,우성,생존,1.4492682926829286,2021
1번 상승초입,20210108,006980,우성,생존,1.0153488372093094,2021
1번 상승초입,20250909,007660,이수페타시스,생존,2.50065843621399,2025
1번 상승초입,20250910,007660,이수페타시스,생존,1.2329032258064503,2025
1번 상승초입,20211025,007860,서연,생존,19.52,2021
1번 상승초입,20230323,008350,남선알미늄,생존,-4.8098969072164905,2023
1번 상승초입,20230324,008350,남선알미늄,생존,-4.168524590163933,2023
1번 상승초입,20250610,008930,한미사이언스,생존,15.389712140175218,2025
1번 상승초입,20220523,009830,한화솔루션,생존,19.62,2022
1번 상승초입,20251024,009830,한화솔루션,생존,-21.19361135985672,2025
1번 상승초입,20251027,009830,한화솔루션,생존,-18.30678530462426,2025
1번 상승초입,20251028,009830,한화솔루션,생존,-14.19864875543264,2025
1번 상승초입,20251103,009830,한화솔루션,생존,-17.882338634237602,2025
1번 상승초입,20260114,009830,한화솔루션,생존,-2.624644293339182,2026
1번 상승초입,20260115,009830,한화솔루션,생존,-3.567704568094496,2026
1번 상승초입,20260116,009830,한화솔루션,생존,-3.363408972546686,2026
1번 상승초입,20260119,009830,한화솔루션,생존,-5.399759841921267,2026
1번 상승초입,20260123,009830,한화솔루션,생존,19.62,2026
1번 상승초입,20260126,009830,한화솔루션,생존,19.62,2026
1번 상승초입,20220323,009900,명신산업,생존,-3.0551072961373356,2022
1번 상승초입,20231222,010060,OCI홀딩스,생존,3.355616438356171,2023
1번 상승초입,20240527,010060,OCI홀딩스,생존,-7.572907092907098,2024
1번 상승초입,20250904,010130,고려아연,생존,19.62,2025
1번 상승초입,20250905,010130,고려아연,생존,19.62,2025
1번 상승초입,20201109,010140,삼성중공업,생존,19.62,2020
1번 상승초입,20201110,010140,삼성중공업,생존,19.62,2020
1번 상승초입,20201111,010140,삼성중공업,생존,19.62,2020
1번 상승초입,20201112,010140,삼성중공업,생존,19.62,2020
1번 상승초입,20220303,010140,삼성중공업,생존,-7.75018425460636,2022
1번 상승초입,20260108,010140,삼성중공업,생존,12.354082397003753,2026
1번 상승초입,20260109,010140,삼성중공업,생존,6.286666666666665,2026
1번 상승초입,20221116,011000,진원생명과학,생존,-13.68049813200498,2022
1번 상승초입,20211227,011210,현대위아,생존,-6.576840826245442,2021
1번 상승초입,20211228,011210,현대위아,생존,-3.5898765432098774,2021
1번 상승초입,20260120,011790,SKC,생존,8.355675371031369,2026
1번 상승초입,20260122,011790,SKC,생존,-2.6548850457024793,2026
1번 상승초입,20260123,011790,SKC,생존,-5.910646939042382,2026
1번 상승초입,20260126,011790,SKC,생존,-1.2496295748066406,2026
1번 상승초입,20240314,011930,신성이엔지,생존,-3.443457330415753,2024
1번 상승초입,20201217,012510,더존비즈온,폐지,-2.7055813953488412,2020
1번 상승초입,20230414,019170,신풍제약,생존,-18.434545454545457,2023
1번 상승초입,20210615,020150,롯데에너지머티리얼즈,생존,3.786666666666674,2021
1번 상승초입,20210715,020150,롯데에너지머티리얼즈,생존,7.764192256341798,2021
1번 상승초입,20210511,020560,아시아나항공,생존,11.21284467713787,2021
1번 상승초입,20240902,022100,포스코DX,생존,-5.600228384991843,2024
1번 상승초입,20250721,022100,포스코DX,생존,-15.22962406015038,2025
1번 상승초입,20251017,022100,포스코DX,생존,4.510019960079839,2025
1번 상승초입,20251020,022100,포스코DX,생존,12.523225806451622,2025
1번 상승초입,20210901,026890,스틱인베스트먼트,생존,-2.736902356902357,2021
1번 상승초입,20190916,028050,삼성E&A,생존,-5.195864022662886,2019
1번 상승초입,20190917,028050,삼성E&A,생존,-1.536069364161849,2019
1번 상승초입,20240926,028670,팬오션,생존,-6.713766233766236,2024
1번 상승초입,20240927,028670,팬오션,생존,-11.632416356877327,2024
1번 상승초입,20240311,034020,두산에너빌리티,생존,1.5646081319976384,2024
1번 상승초입,20240312,034020,두산에너빌리티,생존,0.20445353594389626,2024
1번 상승초입,20240313,034020,두산에너빌리티,생존,-1.6229378531073397,2024
1번 상승초입,20260106,034020,두산에너빌리티,생존,11.737647058823521,2026
1번 상승초입,20260107,034020,두산에너빌리티,생존,7.031764705882362,2026
1번 상승초입,20201112,034730,SK,생존,-0.38,2020
1번 상승초입,20201116,034730,SK,생존,-4.243636363636369,2020
1번 상승초입,20250625,036460,한국가스공사,생존,19.62,2025
1번 상승초입,20260123,036460,한국가스공사,생존,-0.7467481662591676,2026
1번 상승초입,20220221,037270,YG PLUS,생존,-1.3238818565400852,2022
1번 상승초입,20250528,037270,YG PLUS,생존,4.420000000000004,2025
1번 상승초입,20250529,037270,YG PLUS,생존,11.048571428571432,2025
1번 상승초입,20230202,042660,한화오션,생존,11.104541062801934,2023
1번 상승초입,20260108,042660,한화오션,생존,5.952046332046337,2026
1번 상승초입,20260109,042660,한화오션,생존,3.3921893491124315,2026
1번 상승초입,20220603,042670,HD현대인프라코어,폐지,-24.20634643377002,2022
1번 상승초입,20250915,042700,한미반도체,생존,-0.9234782608695676,2025
1번 상승초입,20250916,042700,한미반도체,생존,4.17037919826653,2025
1번 상승초입,20240312,047050,포스코인터내셔널,생존,-10.590696920583474,2024
1번 상승초입,20240313,047050,포스코인터내셔널,생존,-10.871803278688528,2024
1번 상승초입,20260114,047050,포스코인터내셔널,생존,12.517526501766786,2026
1번 상승초입,20260115,047050,포스코인터내셔널,생존,8.315652173913037,2026
1번 상승초입,20201112,047810,한국항공우주,생존,1.4147368421052602,2020
1번 상승초입,20201113,047810,한국항공우주,생존,-0.060712788259950745,2020
1번 상승초입,20230713,052690,한전기술,생존,-9.946326530612247,2023
1번 상승초입,20200113,064350,현대로템,생존,-14.80664756446992,2020
1번 상승초입,20200114,064350,현대로템,생존,-16.41498542274052,2020
1번 상승초입,20200115,064350,현대로템,생존,-19.183418803418803,2020
1번 상승초입,20210420,064350,현대로템,생존,-9.321176470588231,2021
1번 상승초입,20240223,064350,현대로템,생존,-5.25062404870624,2024
1번 상승초입,20260511,064400,LG씨엔에스,생존,19.62,2026
1번 상승초입,20260512,064400,LG씨엔에스,생존,19.62,2026
1번 상승초입,20210623,069620,대웅제약,생존,-6.449364161849711,2021
1번 상승초입,20210624,069620,대웅제약,생존,-10.464033613445377,2021
1번 상승초입,20210625,069620,대웅제약,생존,-7.459646017699115,2021
1번 상승초입,20251224,071970,HD현대마린엔진,생존,6.329265175718859,2025
1번 상승초입,20251226,071970,HD현대마린엔진,생존,7.624268943436511,2025
1번 상승초입,20211122,090460,비에이치,생존,11.868668280871667,2021
1번 상승초입,20211123,090460,비에이치,생존,8.654615384615374,2021
1번 상승초입,20210625,092220,KEC,생존,-13.782457757296472,2021
1번 상승초입,20200212,093370,후성,생존,-17.334116498535632,2020
1번 상승초입,20210630,093370,후성,생존,14.20432919954905,2021
1번 상승초입,20230713,093370,후성,생존,-9.045472458575908,2023
1번 상승초입,20230714,093370,후성,생존,-5.943063063063067,2023
1번 상승초입,20260127,097230,HJ중공업,생존,-14.091151736745887,2026
1번 상승초입,20260128,097230,HJ중공업,생존,-8.50379110251451,2026
1번 상승초입,20260223,097230,HJ중공업,생존,-9.595686274509806,2026
1번 상승초입,20211203,097520,엠씨넥스,생존,3.5647731755424044,2021
1번 상승초입,20211206,097520,엠씨넥스,생존,1.5505019305019268,2021
1번 상승초입,20220421,100090,SK오션플랜트,생존,2.753830845771135,2022
1번 상승초입,20250526,100840,SNT에너지,생존,-3.0087356321839094,2025
1번 상승초입,20250527,100840,SNT에너지,생존,-2.312760595647198,2025
1번 상승초입,20240304,103590,일진전기,생존,19.52,2024
1번 상승초입,20210415,128940,한미약품,생존,-5.919159513140113,2021
1번 상승초입,20210705,128940,한미약품,생존,-9.396670665467985,2021
1번 상승초입,20211208,128940,한미약품,생존,1.7270435574087943,2021
1번 상승초입,20191223,180640,한진칼,생존,-13.050157068062827,2019
1번 상승초입,20260508,204320,HL만도,생존,2.393246329526913,2026
1번 상승초입,20260511,204320,HL만도,생존,-1.006959247648906,2026
1번 상승초입,20260512,204320,HL만도,생존,4.1654545454545415,2026
1번 상승초입,20210420,207940,삼성바이오로직스,생존,-8.331867507254085,2021
1번 상승초입,20211216,207940,삼성바이오로직스,생존,-5.626595621272066,2021
1번 상승초입,20211217,207940,삼성바이오로직스,생존,-5.582848492479573,2021
1번 상승초입,20250109,229640,LS에코에너지,생존,19.62,2025
1번 상승초입,20250110,229640,LS에코에너지,생존,19.62,2025
1번 상승초입,20250805,229640,LS에코에너지,생존,-9.12197530864198,2025
1번 상승초입,20250806,229640,LS에코에너지,생존,-9.43705521472393,2025
1번 상승초입,20250807,229640,LS에코에너지,생존,-11.41368176538908,2025
1번 상승초입,20250808,229640,LS에코에너지,생존,-13.097391304347825,2025
1번 상승초입,20251015,229640,LS에코에너지,생존,4.7596648044692795,2025
1번 상승초입,20251016,229640,LS에코에너지,생존,10.665828437132776,2025
1번 상승초입,20260123,229640,LS에코에너지,생존,1.8949999999999938,2026
1번 상승초입,20260126,229640,LS에코에너지,생존,5.110062111801241,2026
1번 상승초입,20250612,241560,두산밥캣,생존,19.62,2025
1번 상승초입,20250617,267270,HD건설기계,생존,0.45582887700534025,2025
1번 상승초입,20250618,267270,HD건설기계,생존,19.52,2025
1번 상승초입,20210705,272210,한화시스템,생존,-5.366149584487531,2021
1번 상승초입,20210706,272210,한화시스템,생존,-4.581680672268903,2021
1번 상승초입,20251030,272210,한화시스템,생존,-12.373517017828204,2025
1번 상승초입,20251222,272210,한화시스템,생존,3.050531732418518,2025
1번 상승초입,20251224,272210,한화시스템,생존,19.62,2025
1번 상승초입,20251226,272210,한화시스템,생존,19.62,2025
1번 상승초입,20210121,285130,SK케미칼,생존,3.9783569305077897,2021
1번 상승초입,20210122,285130,SK케미칼,생존,0.5750859219619623,2021
1번 상승초입,20210805,285130,SK케미칼,생존,19.62,2021
1번 상승초입,20210806,285130,SK케미칼,생존,19.62,2021
1번 상승초입,20221108,298020,효성티앤씨,생존,19.52,2022
1번 상승초입,20221109,298020,효성티앤씨,생존,19.52,2022
1번 상승초입,20250526,298040,효성중공업,생존,13.355343383584596,2025
1번 상승초입,20221108,298050,HS효성첨단소재,생존,19.52,2022
1번 상승초입,20221109,298050,HS효성첨단소재,생존,9.201881051175667,2022
1번 상승초입,20240701,302440,SK바이오사이언스,생존,1.6876691729323294,2024
1번 상승초입,20230801,323410,카카오뱅크,생존,-12.154461028192374,2023
1번 상승초입,20231121,323410,카카오뱅크,생존,-2.321747572815533,2023
1번 상승초입,20231122,323410,카카오뱅크,생존,-1.531631477927062,2023
1번 상승초입,20231123,323410,카카오뱅크,생존,-0.18620155038759656,2023
1번 상승초입,20231107,377300,카카오페이,생존,4.6551288056206035,2023
1번 상승초입,20231108,377300,카카오페이,생존,9.15855421686748,2023
1번 상승초입,20260506,377300,카카오페이,생존,-26.99812297734628,2026
1번 상승초입,20260120,450080,에코프로머티,생존,19.62,2026
1번 상승초입,20260121,450080,에코프로머티,생존,19.62,2026
1번 상승초입,20250828,454910,두산로보틱스,생존,-0.8554358161648153,2025
1번 상승초입,20250924,457190,이수스페셜티케미컬,생존,1.4057142857142795,2025
1번 상승초입,20250925,457190,이수스페셜티케미컬,생존,13.349508196721318,2025
1번 상승초입,20251016,457190,이수스페셜티케미컬,생존,-1.8214414414414377,2025
1번 상승초입,20251017,457190,이수스페셜티케미컬,생존,0.7148905109489093,2025
1번 상승초입,20251020,457190,이수스페셜티케미컬,생존,3.6200000000000037,2025
2번 조정매집,20220614,000020,동화약품,생존,-2.6800000000000015,2022
2번 조정매집,20220615,000020,동화약품,생존,-2.4800000000000013,2022
2번 조정매집,20220616,000020,동화약품,생존,2.6456410256410354,2022
2번 조정매집,20240806,000220,유유제약,생존,14.100898876404493,2024
2번 조정매집,20241113,000400,롯데손해보험,생존,0.8100497512437721,2024
2번 조정매집,20211006,001380,SG글로벌,생존,13.283529997510572,2021
2번 조정매집,20211007,001380,SG글로벌,생존,11.62443694236797,2021
2번 조정매집,20220615,001520,동양,생존,-7.277560975609761,2022
2번 조정매집,20200319,001550,조비,생존,111.84578018995927,2020
2번 조정매집,20240807,001780,알루코,생존,3.8200000000000047,2024
2번 조정매집,20200319,002100,경농,생존,73.65625632377741,2020
2번 조정매집,20200320,002100,경농,생존,80.48439267886855,2020
2번 조정매집,20200323,002100,경농,생존,80.05699515347335,2020
2번 조정매집,20200317,002210,동성제약,생존,17.99826086956521,2020
2번 조정매집,20200319,002210,동성제약,생존,50.26626865671641,2020
2번 조정매집,20200320,002210,동성제약,생존,48.208046647230326,2020
2번 조정매집,20200323,002210,동성제약,생존,39.59782101167315,2020
2번 조정매집,20211201,002320,한진,생존,3.873521126760574,2021
2번 조정매집,20220929,002760,보락,생존,-0.08510948905109061,2022
2번 조정매집,20220217,002900,TYM,생존,16.622986857825566,2022
2번 조정매집,20220613,003000,부광약품,생존,-5.992954876273656,2022
2번 조정매집,20220926,003160,디아이,생존,-9.285147864184003,2022
2번 조정매집,20220927,003160,디아이,생존,-12.964140969162992,2022
2번 조정매집,20220928,003160,디아이,생존,-8.026240179573515,2022
2번 조정매집,20220929,003160,디아이,생존,0.14850241545894316,2022
2번 조정매집,20220930,003160,디아이,생존,-2.3163636363636355,2022
2번 조정매집,20190730,003350,한국화장품제조,생존,16.611411042944795,2019
2번 조정매집,20190807,003350,한국화장품제조,생존,29.3410918114144,2019
2번 조정매집,20220920,003520,영진약품,생존,-7.486306306306308,2022
2번 조정매집,20220905,003780,진양산업,생존,7.515652173913038,2022
2번 조정매집,20200316,004060,SG세계물산,생존,13.574976303317534,2020
2번 조정매집,20200317,004060,SG세계물산,생존,21.18896551724138,2020
2번 조정매집,20260729,004060,SG세계물산,생존,22.2538747099768,2026
2번 조정매집,20240806,004560,현대비앤지스틸,생존,10.739190404797597,2024
2번 조정매집,20240807,004560,현대비앤지스틸,생존,9.104984984984991,2024
2번 조정매집,20190805,004870,티웨이홀딩스,생존,7.553153638814017,2019
2번 조정매집,20190806,004870,티웨이홀딩스,생존,38.94125534950071,2019
2번 조정매집,20190807,004870,티웨이홀딩스,생존,62.8150239914697,2019
2번 조정매집,20220622,005320,온타이드,생존,4.050769230769239,2022
2번 조정매집,20210820,005740,크라운해태홀딩스,생존,8.349147982062792,2021
2번 조정매집,20210823,005740,크라운해태홀딩스,생존,2.579398496240607,2021
2번 조정매집,20220624,006390,한일현대시멘트,폐지,-2.7150877192982446,2022
2번 조정매집,20220622,006660,삼성공조,생존,2.820000000000004,2022
2번 조정매집,20220623,006660,삼성공조,생존,10.166765641569468,2022
2번 조정매집,20200318,007110,일신석재,생존,18.605714285714285,2020
2번 조정매집,20200319,007110,일신석재,생존,46.10111587982832,2020
2번 조정매집,20200320,007110,일신석재,생존,48.23774891774892,2020
2번 조정매집,20211005,007280,한국특강,생존,-5.002969543147203,2021
2번 조정매집,20211006,007280,한국특강,생존,2.984497657470068,2021
2번 조정매집,20211007,007280,한국특강,생존,-4.097472598323667,2021
2번 조정매집,20200318,007540,샘표,생존,21.699684418145964,2020
2번 조정매집,20200319,007540,샘표,생존,46.73666666666667,2020
2번 조정매집,20200323,007540,샘표,생존,38.213939393939405,2020
2번 조정매집,20190806,007610,선도전기,생존,21.780151802656537,2019
2번 조정매집,20190807,007610,선도전기,생존,15.973284671532852,2019
2번 조정매집,20220908,007860,서연,생존,-10.798573797678277,2022
2번 조정매집,20190807,008250,이건산업,생존,17.43861861861862,2019
2번 조정매집,20240806,008350,남선알미늄,생존,7.298260869565224,2024
2번 조정매집,20240807,008350,남선알미늄,생존,4.802905982905984,2024
2번 조정매집,20220623,008600,윌비스,생존,11.396722640416915,2022
2번 조정매집,20200317,008700,아남전자,생존,6.527407407407418,2020
2번 조정매집,20200318,008700,아남전자,생존,25.342222222222215,2020
2번 조정매집,20200319,008700,아남전자,생존,54.93643543223051,2020
2번 조정매집,20240806,008700,아남전자,생존,4.788992248062022,2024
2번 조정매집,20240807,008700,아남전자,생존,3.316951219512191,2024
2번 조정매집,20241206,008970,KBI동양철관,생존,7.267512864494001,2024
2번 조정매집,20230814,009200,무림페이퍼,생존,6.70288288288288,2023
2번 조정매집,20220518,009470,삼화전기,생존,1.6584279475982544,2022
2번 조정매집,20220519,009470,삼화전기,생존,1.2009523809523726,2022
2번 조정매집,20220623,009470,삼화전기,생존,12.13269349845201,2022
2번 조정매집,20220624,009470,삼화전기,생존,-0.3512707182320407,2022
2번 조정매집,20200317,010040,한국내화,생존,10.508311688311682,2020
2번 조정매집,20200318,010040,한국내화,생존,9.510423162583528,2020
2번 조정매집,20200319,010040,한국내화,생존,41.32000000000001,2020
2번 조정매집,20200320,010040,한국내화,생존,43.98129032258065,2020
2번 조정매집,20200820,011280,태림포장,생존,38.89987421383648,2020
2번 조정매집,20190806,011760,현대코퍼레이션,생존,14.877575757575748,2019
2번 조정매집,20190807,011760,현대코퍼레이션,생존,7.840930232558132,2019
2번 조정매집,20241111,011930,신성이엔지,생존,-0.7201278976818628,2024
2번 조정매집,20241112,011930,신성이엔지,생존,2.311489361702127,2024
2번 조정매집,20241113,011930,신성이엔지,생존,2.655353535353525,2024
2번 조정매집,20210929,012690,모나리자,생존,-1.91891625615764,2021
2번 조정매집,20211001,012690,모나리자,생존,1.2465644955300037,2021
2번 조정매집,20211006,012690,모나리자,생존,6.336778523489931,2021
2번 조정매집,20220310,013360,일성건설,생존,100.36166666666665,2022
2번 조정매집,20240806,014580,태경비케이,생존,9.981731207289293,2024
2번 조정매집,20240807,014580,태경비케이,생존,7.181581920903948,2024
2번 조정매집,20250204,014820,동원시스템즈,생존,6.302014388489211,2025
2번 조정매집,20240912,015590,DKME,생존,-5.276385542168679,2024
2번 조정매집,20240806,016380,KG스틸,생존,5.847272727272737,2024
2번 조정매집,20240807,016380,KG스틸,생존,3.648985507246386,2024
2번 조정매집,20240806,016740,두올,생존,15.23025641025642,2024
2번 조정매집,20240807,016740,두올,생존,10.358461538461542,2024
2번 조정매집,20241030,017040,광명전기,생존,8.386517189835565,2024
2번 조정매집,20190806,019170,신풍제약,생존,13.66183266932272,2019
2번 조정매집,20190807,019170,신풍제약,생존,8.262857142857143,2019
2번 조정매집,20240807,024900,디와이덕양,생존,18.87772005772006,2024
2번 조정매집,20190806,025750,한솔홈데코,생존,16.523349282296643,2019
2번 조정매집,20190807,025750,한솔홈데코,생존,9.419078341013835,2019
2번 조정매집,20240806,033530,SJG세종,생존,10.273744493392071,2024
2번 조정매집,20240806,036420,콘텐트리중앙,생존,7.910909090909083,2024
2번 조정매집,20220621,037270,YG PLUS,생존,-7.628640483383683,2022
2번 조정매집,20220622,037270,YG PLUS,생존,17.60193832599119,2022
2번 조정매집,20200320,069730,DSR제강,생존,40.61431072210065,2020
2번 조정매집,20200319,070960,모나용평,생존,46.20249496981891,2020
2번 조정매집,20200320,070960,모나용평,생존,46.488421052631566,2020
2번 조정매집,20200323,070960,모나용평,생존,47.32717131474104,2020
2번 조정매집,20240806,077500,유니퀘스트,생존,13.22860215053763,2024
2번 조정매집,20211117,079980,휴비스,생존,-7.668991888760143,2021
2번 조정매집,20240806,092220,KEC,생존,14.240967741935478,2024
2번 조정매집,20240807,092220,KEC,생존,8.38640926640927,2024
2번 조정매집,20211110,093230,이아이디,폐지,-10.530550104073741,2021
2번 조정매집,20211111,093230,이아이디,폐지,-6.269804908747643,2021
2번 조정매집,20210923,093240,형지엘리트,생존,23.03646240476979,2021
2번 조정매집,20220310,093240,형지엘리트,생존,9.840887245841039,2022
2번 조정매집,20210325,096760,JW홀딩스,생존,4.960561285680013,2021
2번 조정매집,20200313,119650,KC코트렐,생존,-15.4350911039657,2020
2번 조정매집,20200316,119650,KC코트렐,생존,-2.440591031204794,2020
2번 조정매집,20200317,119650,KC코트렐,생존,-2.8193442622950835,2020
2번 조정매집,20240806,192400,쿠쿠홀딩스,생존,4.322392344497609,2024
2번 조정매집,20220930,210980,SK디앤디,생존,-2.0720817873213857,2022
2번 조정매집,20240319,214390,경보제약,생존,33.928481262327416,2024
2번 조정매집,20190806,227840,현대코퍼레이션홀딩스,생존,19.925527638190957,2019
2번 조정매집,20190807,227840,현대코퍼레이션홀딩스,생존,15.893170731707311,2019
2번 조정매집,20200323,267850,아시아나IDT,생존,47.43691312384474,2020
2번 조정매집,20220616,308170,씨티알모빌리티,생존,-4.737312252964428,2022
2번 조정매집,20220617,308170,씨티알모빌리티,생존,-10.340305343511455,2022
2번 조정매집,20231020,381970,케이카,생존,6.681235356762519,2023
2번 조정매집,20231023,381970,케이카,생존,9.596190476190483,2023
3번 폭락반등,20200316,000020,동화약품,생존,41.78666666666667,2020
3번 폭락반등,20181107,000070,삼양홀딩스,생존,12.583798777621073,2018
3번 폭락반등,20240802,000150,두산,생존,1.4484106891701902,2024
3번 폭락반등,20240805,000150,두산,생존,13.862193450114237,2024
3번 폭락반등,20260714,000150,두산,생존,-5.235842185128978,2026
3번 폭락반등,20181026,000180,성창기업지주,생존,4.069999999999999,2018
3번 폭락반등,20181029,000180,성창기업지주,생존,16.875555555555557,2018
3번 폭락반등,20240806,000210,DL,생존,-1.3768609865470878,2024
3번 폭락반등,20240807,000210,DL,생존,-3.404634420697414,2024
3번 폭락반등,20181025,000270,기아,생존,1.0960147601476038,2018
3번 폭락반등,20190805,000640,동아쏘시오홀딩스,생존,15.942967850624736,2019
3번 폭락반등,20220127,000640,동아쏘시오홀딩스,생존,8.326867985338009,2022
3번 폭락반등,20210824,000860,강남제비스코,생존,3.3280360642885123,2021
3번 폭락반등,20210825,000860,강남제비스코,생존,6.42556621880999,2021
3번 폭락반등,20181005,001020,페이퍼코리아,생존,1.973526970954368,2018
3번 폭락반등,20231019,001060,JW중외제약,생존,-0.3089253087898176,2023
3번 폭락반등,20231020,001060,JW중외제약,생존,15.821493517150824,2023
3번 폭락반등,20231023,001060,JW중외제약,생존,11.1629836794693,2023
3번 폭락반등,20200224,001140,국보,폐지,-54.45424571090515,2020
3번 폭락반등,20231024,001140,국보,폐지,-4.915632183908044,2023
3번 폭락반등,20241114,001200,유진투자증권,생존,-15.03483870967742,2024
3번 폭락반등,20241128,001200,유진투자증권,생존,-11.168245931283902,2024
3번 폭락반등,20241129,001200,유진투자증권,생존,-10.49481481481481,2024
3번 폭락반등,20190729,001360,삼성제약,생존,39.47743944636677,2019
3번 폭락반등,20190805,001360,삼성제약,생존,80.36882154882154,2019
3번 폭락반등,20190806,001360,삼성제약,생존,61.25059839605183,2019
3번 폭락반등,20210820,001380,SG글로벌,생존,2.611069924178592,2021
3번 폭락반등,20211005,001380,SG글로벌,생존,5.24451198418581,2021
3번 폭락반등,20211012,001380,SG글로벌,생존,-7.202700949733606,2021
3번 폭락반등,20211130,001380,SG글로벌,생존,13.431727416798726,2021
3번 폭락반등,20200303,001750,한양증권,생존,-24.928211731044343,2020
3번 폭락반등,20200304,001750,한양증권,생존,-24.60857142857143,2020
3번 폭락반등,20180814,001820,삼화콘덴서,생존,14.627012622720905,2018
3번 폭락반등,20200313,001820,삼화콘덴서,생존,-0.06220338983051488,2020
3번 폭락반등,20200316,001820,삼화콘덴서,생존,21.335817694369968,2020
3번 폭락반등,20200319,001820,삼화콘덴서,생존,39.78973125884018,2020
3번 폭락반등,20241113,001820,삼화콘덴서,생존,-7.440283687943258,2024
3번 폭락반등,20241115,001820,삼화콘덴서,생존,0.4235381750465592,2024
3번 폭락반등,20241120,001820,삼화콘덴서,생존,2.879398496240607,2024
3번 폭락반등,20180703,002020,코오롱,생존,6.741550591327209,2018
3번 폭락반등,20260722,002020,코오롱,생존,3.229465020576142,2026
3번 폭락반등,20260723,002020,코오롱,생존,-11.42074074074074,2026
3번 폭락반등,20200319,002210,동성제약,생존,68.92298507462685,2020
3번 폭락반등,20200324,002210,동성제약,생존,16.765005257623557,2020
3번 폭락반등,20200325,002210,동성제약,생존,15.46202898550725,2020
3번 폭락반등,20181030,002360,SH에너지화학,생존,10.707982832618015,2018
3번 폭락반등,20190801,002360,SH에너지화학,생존,3.080396039603964,2019
3번 폭락반등,20200319,002360,SH에너지화학,생존,74.90740157480315,2020
3번 폭락반등,20220927,002460,HS화성,생존,-10.52959349593496,2022
3번 폭락반등,20220704,002780,진흥기업,생존,5.095075987841949,2022
3번 폭락반등,20181119,002790,아모레퍼시픽홀딩스,생존,9.160059347181006,2018
3번 폭락반등,20240807,002790,아모레퍼시픽홀딩스,생존,3.8859043659043606,2024
3번 폭락반등,20200320,002810,삼영무역,생존,21.677142857142865,2020
3번 폭락반등,20200313,002990,금호건설,생존,20.069263502454984,2020
3번 폭락반등,20200319,002990,금호건설,생존,71.11074074074075,2020
3번 폭락반등,20200320,002990,금호건설,생존,75.24293144208038,2020
3번 폭락반등,20231005,003060,에이프로젠바이오로직스,생존,-7.2063041065482745,2023
3번 폭락반등,20180703,003070,코오롱글로벌,생존,-2.832484893328399,2018
3번 폭락반등,20220926,003160,디아이,생존,-2.1657612267250794,2022
3번 폭락반등,20220927,003160,디아이,생존,-0.9597356828193926,2022
3번 폭락반등,20181029,003220,대원제약,생존,18.112814078539998,2018
3번 폭락반등,20181011,003230,삼양식품,생존,-2.141038961038963,2018
3번 폭락반등,20190103,003230,삼양식품,생존,44.67084745762712,2019
3번 폭락반등,20190807,003240,태광산업,생존,2.190786516853941,2019
3번 폭락반등,20181011,003280,흥아해운,생존,-3.071447368421051,2018
3번 폭락반등,20200317,003470,유안타증권,생존,30.20888888888889,2020
3번 폭락반등,20200319,003470,유안타증권,생존,75.22294117647058,2020
3번 폭락반등,20200320,003470,유안타증권,생존,70.08774193548388,2020
3번 폭락반등,20200325,003470,유안타증권,생존,20.14564102564102,2020
3번 폭락반등,20200313,003520,영진약품,생존,19.807804878048778,2020
3번 폭락반등,20200318,003520,영진약품,생존,13.29314814814814,2020
3번 폭락반등,20200324,003520,영진약품,생존,17.474545454545446,2020
3번 폭락반등,20220919,003520,영진약품,생존,-6.847276051188297,2022
3번 폭락반등,20200317,003530,한화투자증권,생존,17.23320754716981,2020
3번 폭락반등,20200318,003530,한화투자증권,생존,24.426122448979587,2020
3번 폭락반등,20200319,003530,한화투자증권,생존,51.00679245283018,2020
3번 폭락반등,20200320,003530,한화투자증권,생존,51.273110047846885,2020
3번 폭락반등,20180412,003560,IHQ,폐지,-6.858263509411053,2018
3번 폭락반등,20200313,003560,IHQ,폐지,24.12185102917223,2020
3번 폭락반등,20200317,003560,IHQ,폐지,26.244099176064086,2020
3번 폭락반등,20200318,003560,IHQ,폐지,35.35818138157369,2020
3번 폭락반등,20260710,003580,HLB글로벌,생존,33.83303214596003,2026
3번 폭락반등,20260713,003580,HLB글로벌,생존,47.535596330275226,2026
3번 폭락반등,20260709,003670,포스코퓨처엠,생존,4.748205128205132,2026
3번 폭락반등,20241209,003720,삼영,생존,19.1325,2024
3번 폭락반등,20181029,004000,롯데정밀화학,생존,10.395331564986744,2018
3번 폭락반등,20200316,004060,SG세계물산,생존,63.574976303317534,2020
3번 폭락반등,20200317,004060,SG세계물산,생존,56.59126436781609,2020
3번 폭락반등,20200319,004270,남성,생존,103.41376786735276,2020
3번 폭락반등,20200324,004270,남성,생존,57.042900480947104,2020
3번 폭락반등,20200326,004270,남성,생존,15.109473684210531,2020
3번 폭락반등,20200313,004310,현대약품,생존,11.620000000000001,2020
3번 폭락반등,20200319,004310,현대약품,생존,47.63657940663176,2020
3번 폭락반등,20200324,004310,현대약품,생존,26.02058479532165,2020
3번 폭락반등,20181026,004410,서울식품,생존,20.29239263803682,2018
3번 폭락반등,20181012,004430,송원산업,생존,-13.115233160621761,2018
3번 폭락반등,20181101,004430,송원산업,생존,15.173658536585357,2018
3번 폭락반등,20200320,004440,삼일씨엔에스,생존,88.68587183308493,2020
3번 폭락반등,20221013,004490,세방전지,생존,11.79217630853994,2022
3번 폭락반등,20190325,004540,깨끗한나라,생존,24.888170907345167,2019
3번 폭락반등,20181030,004560,현대비앤지스틸,생존,3.899006772009032,2018
3번 폭락반등,20240806,004560,현대비앤지스틸,생존,1.1439880059969907,2024
3번 폭락반등,20181011,004710,한솔테크닉스,생존,5.379673258813403,2018
3번 폭락반등,20200313,004710,한솔테크닉스,생존,-0.6799999999999999,2020
3번 폭락반등,20200319,004710,한솔테크닉스,생존,49.347144408251886,2020
3번 폭락반등,20260729,004800,효성,생존,39.656134453781505,2026
3번 폭락반등,20190806,004870,티웨이홀딩스,생존,46.07392296718973,2019
3번 폭락반등,20190807,004870,티웨이홀딩스,생존,38.46812511107161,2019
3번 폭락반등,20190808,004870,티웨이홀딩스,생존,27.533875274632408,2019
3번 폭락반등,20181026,004920,씨아이테크,생존,-0.20222222222221142,2018
3번 폭락반등,20200318,004960,한신공영,생존,20.563486973947903,2020
3번 폭락반등,20200319,004960,한신공영,생존,24.074582484725052,2020
3번 폭락반등,20241111,005070,코스모신소재,생존,-34.633450439146806,2024
3번 폭락반등,20241112,005070,코스모신소재,생존,-27.91246753246753,2024
3번 폭락반등,20241114,005070,코스모신소재,생존,-13.849985358711567,2024
3번 폭락반등,20241115,005070,코스모신소재,생존,-13.235007473841552,2024
3번 폭락반등,20241119,005070,코스모신소재,생존,-14.178449612403098,2024
3번 폭락반등,20220524,005090,SGC에너지,생존,-16.869244558258643,2022
3번 폭락반등,20200319,005180,빙그레,생존,53.535954415954414,2020
3번 폭락반등,20200320,005180,빙그레,생존,53.28666666666667,2020
3번 폭락반등,20200319,005300,롯데칠성,생존,20.705365853658535,2020
3번 폭락반등,20200325,005300,롯데칠성,생존,12.04134831460674,2020
3번 폭락반등,20220620,005320,온타이드,생존,11.20390092879258,2022
3번 폭락반등,20200319,005440,현대지에프홀딩스,생존,45.862393265183414,2020
3번 폭락반등,20200320,005440,현대지에프홀딩스,생존,52.301366459627324,2020
3번 폭락반등,20190529,005610,삼립,생존,-1.08,2019
3번 폭락반등,20181029,005680,삼영전자,생존,19.117029702970292,2018
3번 폭락반등,20181030,005690,파미셀,생존,21.747659574468095,2018
3번 폭락반등,20181108,005850,에스엘,생존,25.131029411764697,2018
3번 폭락반등,20210820,005850,에스엘,생존,7.543483365949113,2021
3번 폭락반등,20180725,005870,휴니드,생존,2.6204750593824135,2018
3번 폭락반등,20180726,005870,휴니드,생존,1.2590243902439047,2018
3번 폭락반등,20200319,005940,NH투자증권,생존,29.76285714285714,2020
3번 폭락반등,20200320,005940,NH투자증권,생존,32.75432835820895,2020
3번 폭락반등,20240806,005950,이수화학,생존,16.300719794344467,2024
3번 폭락반등,20220623,006110,삼아알미늄,생존,16.15470031545742,2022
3번 폭락반등,20260730,006110,삼아알미늄,생존,129.36562607204118,2026
3번 폭락반등,20181030,006260,LS,생존,6.468640483383684,2018
3번 폭락반등,20241115,006260,LS,생존,7.574545454545459,2024
3번 폭락반등,20241118,006260,LS,생존,12.36853801169591,2024
3번 폭락반등,20241118,006280,녹십자,생존,28.855370511841098,2024
3번 폭락반등,20181029,006380,카프로,생존,29.58875,2018
3번 폭락반등,20190524,006390,한일현대시멘트,폐지,26.988852459016403,2019
3번 폭락반등,20181018,006490,프리티,생존,-7.492375533428161,2018
3번 폭락반등,20181226,006490,프리티,생존,7.944974924774331,2018
3번 폭락반등,20200319,006490,프리티,생존,49.060932642487046,2020
3번 폭락반등,20220926,006490,프리티,생존,-0.5133333333333401,2022
3번 폭락반등,20221004,006490,프리티,생존,-1.5046753246753275,2022
3번 폭락반등,20240118,006650,대한유화,생존,18.2176377952756,2024
3번 폭락반등,20260731,006650,대한유화,생존,12.558770685579194,2026
3번 폭락반등,20220616,006740,블루산업개발,생존,-10.616991336308743,2022
3번 폭락반등,20181012,006840,AK홀딩스,생존,-6.437575757575761,2018
3번 폭락반등,20260814,007110,일신석재,생존,-13.19780415430267,2026
3번 폭락반등,20181031,007210,벽산,생존,-8.337894736842108,2018
3번 폭락반등,20200320,007210,벽산,생존,48.97166835187057,2020
3번 폭락반등,20190107,007460,에이프로젠,생존,-10.565571309424525,2019
3번 폭락반등,20200318,007540,샘표,생존,30.378185404339256,2020
3번 폭락반등,20200320,007540,샘표,생존,54.47819861431871,2020
3번 폭락반등,20190806,007570,일양약품,생존,9.648791870530662,2019
3번 폭락반등,20220127,007570,일양약품,생존,15.718992609718843,2022
3번 폭락반등,20181030,007630,폴루스바이오팜,폐지,-19.563248730964464,2018
3번 폭락반등,20181116,007630,폴루스바이오팜,폐지,-31.089356725146196,2018
3번 폭락반등,20181203,007630,폴루스바이오팜,폐지,-19.43,2018
3번 폭락반등,20181205,007630,폴루스바이오팜,폐지,-17.716011080332414,2018
3번 폭락반등,20181228,007630,폴루스바이오팜,폐지,-29.58625,2018
3번 폭락반등,20200313,007660,이수페타시스,생존,16.61547920433996,2020
3번 폭락반등,20200319,007660,이수페타시스,생존,69.52210942649967,2020
3번 폭락반등,20200325,007660,이수페타시스,생존,50.23902339776195,2020
3번 폭락반등,20200326,007660,이수페타시스,생존,40.64334152334151,2020
3번 폭락반등,20200330,007660,이수페타시스,생존,24.43700918233493,2020
3번 폭락반등,20240802,007660,이수페타시스,생존,8.565241744461472,2024
3번 폭락반등,20221027,007980,TP,생존,41.07941422594141,2022
3번 폭락반등,20221028,007980,TP,생존,36.87668016194333,2022
3번 폭락반등,20181026,008040,사조동아원,생존,12.49924528301887,2018
3번 폭락반등,20260729,008060,대덕,생존,47.50129496402879,2026
3번 폭락반등,20211130,008260,NI스틸,생존,12.653333333333343,2021
3번 폭락반등,20200319,008700,아남전자,생존,72.01220917822839,2020
3번 폭락반등,20200320,008700,아남전자,생존,64.62,2020
3번 폭락반등,20200401,008700,아남전자,생존,18.838309859154926,2020
3번 폭락반등,20190704,008930,한미사이언스,생존,-5.67604012671595,2019
3번 폭락반등,20190705,008930,한미사이언스,생존,-10.57830976198689,2019
3번 폭락반등,20200313,009150,삼성전기,생존,-8.824444444444444,2020
3번 폭락반등,20220926,009180,한솔로지스틱스,생존,-6.15131931166348,2022
3번 폭락반등,20190730,009310,참엔지니어링,생존,0.6891588785046732,2019
3번 폭락반등,20220623,009410,태영건설,생존,6.5653622958617355,2022
3번 폭락반등,20220624,009410,태영건설,생존,-3.6269820554649304,2022
3번 폭락반등,20220630,009410,태영건설,생존,-1.613714037877697,2022
3번 폭락반등,20190731,009460,한창제지,생존,16.658709677419353,2019
3번 폭락반등,20220623,009470,삼화전기,생존,15.228668730650146,2022
3번 폭락반등,20240808,009470,삼화전기,생존,-23.848421052631583,2024
3번 폭락반등,20200313,009680,모토닉,생존,13.764356120826719,2020
3번 폭락반등,20200323,009680,모토닉,생존,37.548323699421964,2020
3번 폭락반등,20200325,009680,모토닉,생존,15.755483870967751,2020
3번 폭락반등,20210802,009810,MDS스피어,생존,-11.015391623434141,2021
3번 폭락반등,20220510,009810,MDS스피어,생존,-8.879017017877985,2022
3번 폭락반등,20180709,010040,한국내화,생존,-0.22761904761905094,2018
3번 폭락반등,20200319,010050,우리종금,폐지,51.333966480446925,2020
3번 폭락반등,20200320,010050,우리종금,폐지,39.63948051948051,2020
3번 폭락반등,20190729,010060,OCI홀딩스,생존,-14.169909762100083,2019
3번 폭락반등,20220623,010100,한국무브넥스,생존,14.309749430523926,2022
3번 폭락반등,20200317,010120,LS ELECTRIC,생존,18.59899686520376,2020
3번 폭락반등,20200313,010420,한솔PNS,폐지,7.3220242914979785,2020
3번 폭락반등,20230816,010690,화신,생존,-11.667878787878792,2023
3번 폭락반등,20190729,010820,퍼스텍,생존,2.098688524590168,2019
3번 폭락반등,20220706,010950,S-Oil,생존,-4.5104347826086935,2022
3번 폭락반등,20181030,011000,진원생명과학,생존,13.046174496644305,2018
3번 폭락반등,20190523,011070,LG이노텍,생존,9.109051094890509,2019
3번 폭락반등,20220621,011090,에넥스,생존,-7.408373702422141,2022
3번 폭락반등,20200319,011200,HMM,생존,54.392881355932204,2020
3번 폭락반등,20211027,011200,HMM,생존,-5.683030303030298,2021
3번 폭락반등,20220429,011300,우성머티리얼스,생존,-15.529624060150379,2022
3번 폭락반등,20220503,011300,우성머티리얼스,생존,-21.405388601036265,2022
3번 폭락반등,20200313,011330,유니켐,생존,15.249032258064524,2020
3번 폭락반등,20200318,011390,부산산업,생존,82.01230769230769,2020
3번 폭락반등,20200319,011390,부산산업,생존,102.73394025604553,2020
3번 폭락반등,20200320,011390,부산산업,생존,110.27890410958904,2020
3번 폭락반등,20190807,011690,와이투솔루션,생존,27.354824132308412,2019
3번 폭락반등,20190808,011690,와이투솔루션,생존,14.40441558441559,2019
3번 폭락반등,20200224,011690,와이투솔루션,생존,-58.03388422638261,2020
3번 폭락반등,20200225,011690,와이투솔루션,생존,-62.468604898828545,2020
3번 폭락반등,20200227,011690,와이투솔루션,생존,-62.09304347826087,2020
3번 폭락반등,20190806,011760,현대코퍼레이션,생존,11.544242424242427,2019
3번 폭락반등,20200319,011760,현대코퍼레이션,생존,94.5874220963173,2020
3번 폭락반등,20200401,011810,STX,생존,26.13676495366471,2020
3번 폭락반등,20181030,011930,신성이엔지,생존,4.0086792452830124,2018
3번 폭락반등,20241112,011930,신성이엔지,생존,-9.472471358428809,2024
3번 폭락반등,20260730,0120G0,삼양바이오팜,생존,59.82381231671553,2026
3번 폭락반등,20181030,012280,영화금속,생존,9.439469026548668,2018
3번 폭락반등,20200312,012280,영화금속,생존,58.5138775510204,2020
3번 폭락반등,20220623,012280,영화금속,생존,22.317267759562846,2022
3번 폭락반등,20200313,012510,더존비즈온,폐지,2.0465644955300037,2020
3번 폭락반등,20200319,012510,더존비즈온,폐지,54.851560891938256,2020
3번 폭락반등,20240805,012510,더존비즈온,폐지,12.381904761904751,2024
3번 폭락반등,20200312,012610,경인양행,생존,1.993796791443861,2020
3번 폭락반등,20200313,012610,경인양행,생존,14.690370370370367,2020
3번 폭락반등,20200316,012610,경인양행,생존,40.26074074074075,2020
3번 폭락반등,20180703,012690,모나리자,생존,-3.4240392706872367,2018
3번 폭락반등,20200326,012800,대창,생존,15.475653128430306,2020
3번 폭락반등,20200316,013000,세우글로벌,생존,36.38235741444868,2020
3번 폭락반등,20180706,013360,일성건설,생존,4.394912891986062,2018
3번 폭락반등,20220303,013360,일성건설,생존,64.30516320474776,2022
3번 폭락반등,20220307,013360,일성건설,생존,71.36301075268817,2022
3번 폭락반등,20220308,013360,일성건설,생존,119.68659877800408,2022
3번 폭락반등,20220310,013360,일성건설,생존,79.87555555555555,2022
3번 폭락반등,20220311,013360,일성건설,생존,68.00874598070739,2022
3번 폭락반등,20190805,013870,지엠비코리아,생존,20.900924855491336,2019
3번 폭락반등,20190806,013870,지엠비코리아,생존,21.700371660859457,2019
3번 폭락반등,20220125,014680,한솔케미칼,생존,-7.644957264957261,2022
3번 폭락반등,20220126,014680,한솔케미칼,생존,-7.923103448275867,2022
3번 폭락반등,20220127,014680,한솔케미칼,생존,2.622309468822162,2022
3번 폭락반등,20220128,014680,한솔케미칼,생존,2.622309468822162,2022
3번 폭락반등,20200331,014710,사조씨푸드,생존,27.29337461300309,2020
3번 폭락반등,20230926,014710,사조씨푸드,생존,-5.713333333333333,2023
3번 폭락반등,20241105,014710,사조씨푸드,생존,-15.59103327495622,2024
3번 폭락반등,20220705,014830,유니드,생존,3.2811974580813,2022
3번 폭락반등,20190729,014910,성문전자,생존,4.888601583113465,2019
3번 폭락반등,20190806,014910,성문전자,생존,17.23359773371105,2019
3번 폭락반등,20220303,015020,이스타코,생존,22.93963190184049,2022
3번 폭락반등,20220308,015020,이스타코,생존,80.18956521739129,2022
3번 폭락반등,20220310,015020,이스타코,생존,45.56060150375939,2022
3번 폭락반등,20220314,015020,이스타코,생존,45.616296296296305,2022
3번 폭락반등,20181025,015260,에이엔피,생존,-7.62362089914945,2018
3번 폭락반등,20181030,015260,에이엔피,생존,16.525643092707956,2018
3번 폭락반등,20181017,015860,일진홀딩스,생존,-18.93147928994083,2018
3번 폭락반등,20200319,015860,일진홀딩스,생존,103.59368421052632,2020
3번 폭락반등,20200325,015860,일진홀딩스,생존,48.31028340080971,2020
3번 폭락반등,20200319,016580,환인제약,생존,34.97023474178405,2020
3번 폭락반등,20200320,016580,환인제약,생존,39.20461538461537,2020
3번 폭락반등,20180622,016880,웅진,생존,-16.305,2018
3번 폭락반등,20180625,016880,웅진,생존,-15.283174603174606,2018
3번 폭락반등,20180626,016880,웅진,생존,-6.940869565217386,2018
3번 폭락반등,20190807,017040,광명전기,생존,15.028791208791219,2019
3번 폭락반등,20241028,017040,광명전기,생존,15.685671641791046,2024
3번 폭락반등,20241030,017040,광명전기,생존,16.30878923766817,2024
3번 폭락반등,20241031,017040,광명전기,생존,14.949032258064523,2024
3번 폭락반등,20190806,017180,명문제약,생존,13.72094745908699,2019
3번 폭락반등,20200331,017550,수산세보틱스,생존,23.272542372881357,2020
3번 폭락반등,20200401,017550,수산세보틱스,생존,23.10373983739837,2020
3번 폭락반등,20200319,017800,현대엘리베이터,생존,73.15326241715081,2020
3번 폭락반등,20240529,017860,DS단석,생존,43.433224597045545,2024
3번 폭락반등,20240530,017860,DS단석,생존,24.78315789473683,2024
3번 폭락반등,20200313,017940,E1,생존,-1.918552437223039,2020
3번 폭락반등,20200319,017940,E1,생존,29.661121495327095,2020
3번 폭락반등,20200320,017940,E1,생존,44.23666666666666,2020
3번 폭락반등,20200323,017940,E1,생존,48.82,2020
3번 폭락반등,20200324,017940,E1,생존,34.19832310838447,2020
3번 폭락반등,20200325,017940,E1,생존,30.858834951456316,2020
3번 폭락반등,20200326,017940,E1,생존,20.74028985507246,2020
3번 폭락반등,20200319,017960,한국카본,생존,39.34333722287048,2020
3번 폭락반등,20181101,018250,애경산업,생존,7.360585774058584,2018
3번 폭락반등,20181102,018250,애경산업,생존,7.620000000000007,2018
3번 폭락반등,20200325,018250,애경산업,생존,31.095700934579444,2020
3번 폭락반등,20211126,019170,신풍제약,생존,-11.364308131241083,2021
3번 폭락반등,20220704,019170,신풍제약,생존,27.308787185354703,2022
3번 폭락반등,20220614,019180,티에이치엔,생존,-13.512838038632987,2022
3번 폭락반등,20200317,019680,대교,생존,26.293684210526305,2020
3번 폭락반등,20260804,020000,한섬,생존,-4.061642512077299,2026
3번 폭락반등,20260805,020000,한섬,생존,-2.3394960049170272,2026
3번 폭락반등,20200312,020150,롯데에너지머티리얼즈,생존,0.17555555555555358,2020
3번 폭락반등,20200313,020150,롯데에너지머티리얼즈,생존,-2.9372005383580064,2020
3번 폭락반등,20200319,020150,롯데에너지머티리얼즈,생존,69.70368200836822,2020
3번 폭락반등,20190605,020760,일진디스플,생존,6.581640798226155,2019
3번 폭락반등,20200313,020760,일진디스플,생존,-9.68626223091977,2020
3번 폭락반등,20211119,020760,일진디스플,생존,-4.339126365054598,2021
3번 폭락반등,20181030,021240,코웨이,생존,12.210448625180904,2018
3번 폭락반등,20200319,022100,포스코DX,생존,48.56874791318865,2020
3번 폭락반등,20211201,023530,롯데쇼핑,생존,4.909221556886237,2021
3번 폭락반등,20260723,023530,롯데쇼핑,생존,-23.63396825396825,2026
3번 폭락반등,20260807,023530,롯데쇼핑,생존,1.7199999999999909,2026
3번 폭락반등,20220926,024090,디씨엠,생존,-2.608571428571423,2022
3번 폭락반등,20190814,024720,콜마홀딩스,생존,8.667869977791245,2019
3번 폭락반등,20181030,025560,미래산업,생존,10.720262147168196,2018
3번 폭락반등,20200504,025560,미래산업,생존,-5.0878842881452035,2020
3번 폭락반등,20190725,025620,차AI헬스케어,생존,-16.549547336538193,2019
3번 폭락반등,20190730,025620,차AI헬스케어,생존,-17.69452592179888,2019
3번 폭락반등,20190805,025620,차AI헬스케어,생존,13.260288032750935,2019
3번 폭락반등,20200313,025620,차AI헬스케어,생존,20.341534962416436,2020
3번 폭락반등,20200317,025620,차AI헬스케어,생존,37.73555687281828,2020
3번 폭락반등,20200319,025620,차AI헬스케어,생존,98.62110375275938,2020
3번 폭락반등,20200326,025620,차AI헬스케어,생존,25.499417234965907,2020
3번 폭락반등,20210325,025620,차AI헬스케어,생존,17.412855904282992,2021
3번 폭락반등,20210326,025620,차AI헬스케어,생존,23.835554172962397,2021
3번 폭락반등,20190806,025750,한솔홈데코,생존,15.5664114832536,2019
3번 폭락반등,20180703,026890,스틱인베스트먼트,생존,7.991597633136086,2018
3번 폭락반등,20190806,026890,스틱인베스트먼트,생존,33.93538461538463,2019
3번 폭락반등,20240910,026890,스틱인베스트먼트,생존,3.341963824289399,2024
3번 폭락반등,20200313,026940,부국철강,생존,34.0464705882353,2020
3번 폭락반등,20200316,026940,부국철강,생존,42.75256784968685,2020
3번 폭락반등,20200317,026940,부국철강,생존,29.373623188405787,2020
3번 폭락반등,20200319,026940,부국철강,생존,77.17486284289276,2020
3번 폭락반등,20200326,026940,부국철강,생존,20.95333333333333,2020
3번 폭락반등,20231030,028050,삼성E&A,생존,10.778798283261805,2023
3번 폭락반등,20200316,028100,동아지질,생존,27.89358490566038,2020
3번 폭락반등,20200317,028100,동아지질,생존,23.89627118644068,2020
3번 폭락반등,20200313,028260,삼성물산,생존,-1.2221052631578995,2020
3번 폭락반등,20200319,028670,팬오션,생존,47.03131221719458,2020
3번 폭락반등,20181130,029460,케이씨,생존,-11.179999999999998,2018
3번 폭락반등,20200312,029460,케이씨,생존,24.12,2020
3번 폭락반등,20200313,029460,케이씨,생존,19.554782608695646,2020
3번 폭락반등,20180718,030210,다올투자증권,생존,-6.187262569832405,2018
3번 폭락반등,20221026,030210,다올투자증권,생존,8.12163666121112,2022
3번 폭락반등,20190613,031430,신세계인터내셔날,생존,-17.923859649122804,2019
3번 폭락반등,20190614,031430,신세계인터내셔날,생존,-10.636410256410255,2019
3번 폭락반등,20200319,031820,아이티센씨티에스,생존,70.3441653418124,2020
3번 폭락반등,20200324,031820,아이티센씨티에스,생존,44.1251948051948,2020
3번 폭락반등,20181026,032560,황금에스티,생존,3.160277777777768,2018
3번 폭락반등,20181029,032560,황금에스티,생존,28.05777019340159,2018
3번 폭락반등,20190531,033180,KH 필룩스,폐지,-9.777644608912215,2019
3번 폭락반등,20190805,033180,KH 필룩스,폐지,8.20303934265172,2019
3번 폭락반등,20190806,033180,KH 필룩스,폐지,12.810851845782901,2019
3번 폭락반등,20190808,033180,KH 필룩스,폐지,-1.1293599217335166,2019
3번 폭락반등,20200313,033180,KH 필룩스,폐지,11.00939889837951,2020
3번 폭락반등,20200326,033180,KH 필룩스,폐지,31.103296403613427,2020
3번 폭락반등,20200327,033180,KH 필룩스,폐지,44.88497480873297,2020
3번 폭락반등,20211130,033180,KH 필룩스,폐지,1.3211320880364947,2021
3번 폭락반등,20241115,033240,자화전자,생존,-0.1482926829268285,2024
3번 폭락반등,20200331,033250,체시스,생존,18.511919191919183,2020
3번 폭락반등,20240123,033250,체시스,생존,-0.11750000000000083,2024
3번 폭락반등,20180619,034020,두산에너빌리티,생존,-9.510649950511384,2018
3번 폭락반등,20200319,034220,LG디스플레이,생존,26.00525564803804,2020
3번 폭락반등,20260716,034230,파라다이스,생존,-1.9720398009950264,2026
3번 폭락반등,20200319,034310,NICE,생존,41.97714285714286,2020
3번 폭락반등,20200320,034310,NICE,생존,38.458235294117635,2020
3번 폭락반등,20200324,034310,NICE,생존,24.852899022801292,2020
3번 폭락반등,20190725,035150,백산,생존,-18.043120567375887,2019
3번 폭락반등,20200319,035150,백산,생존,33.568010610079575,2020
3번 폭락반등,20200320,035150,백산,생존,40.713644617380034,2020
3번 폭락반등,20220706,036460,한국가스공사,생존,3.961534008683068,2022
3번 폭락반등,20200319,036570,NC,생존,15.720178890876559,2020
3번 폭락반등,20181108,044820,코스맥스비티아이,생존,1.4516062176165887,2018
3번 폭락반등,20220706,047050,포스코인터내셔널,생존,17.648169014084505,2022
3번 폭락반등,20241204,047050,포스코인터내셔널,생존,1.9370731707317095,2024
3번 폭락반등,20200312,047400,유니온머티리얼,생존,10.786666666666669,2020
3번 폭락반등,20200313,047400,유니온머티리얼,생존,6.491794871794868,2020
3번 폭락반등,20241206,052690,한전기술,생존,8.833051823416495,2024
3번 폭락반등,20181113,053210,스카이라이프,생존,3.814835680751175,2018
3번 폭락반등,20200319,053210,스카이라이프,생존,45.459511201629326,2020
3번 폭락반등,20200319,053690,한미글로벌,생존,52.9183606557377,2020
3번 폭락반등,20230814,055490,테이팩스,생존,-2.0115579227696436,2023
3번 폭락반등,20231024,055490,테이팩스,생존,1.2090784982935066,2023
3번 폭락반등,20200319,058730,다스코,생존,25.283700234192047,2020
3번 폭락반등,20200320,058730,다스코,생존,41.40600237247925,2020
3번 폭락반등,20200319,060980,HL홀딩스,생존,27.086101694915246,2020
3번 폭락반등,20200319,064350,현대로템,생존,56.26157303370786,2020
3번 폭락반등,20260729,064350,현대로템,생존,19.619999999999997,2026
3번 폭락반등,20181022,064960,SNT모티브,생존,3.0421556886227528,2018
3번 폭락반등,20181023,064960,SNT모티브,생존,5.395259019766333,2018
3번 폭락반등,20190802,068270,셀트리온,생존,-2.567874257513278,2019
3번 폭락반등,20190805,068270,셀트리온,생존,15.923689414483677,2019
3번 폭락반등,20190806,068270,셀트리온,생존,10.916634935826222,2019
3번 폭락반등,20211029,068270,셀트리온,생존,6.353326113898608,2021
3번 폭락반등,20231017,069460,대호에이엘,생존,-12.331917404129797,2023
3번 폭락반등,20231018,069460,대호에이엘,생존,8.700918091809186,2023
3번 폭락반등,20231019,069460,대호에이엘,생존,9.97871559633027,2023
3번 폭락반등,20231023,069460,대호에이엘,생존,18.887588932806324,2023
3번 폭락반등,20260805,069960,현대백화점,생존,-15.316247723132967,2026
3번 폭락반등,20260806,069960,현대백화점,생존,-12.680469483568078,2026
3번 폭락반등,20200319,070960,모나용평,생존,89.86446680080483,2020
3번 폭락반등,20200320,070960,모나용평,생존,101.1442914979757,2020
3번 폭락반등,20200323,070960,모나용평,생존,88.56223107569723,2020
3번 폭락반등,20241227,071320,지역난방공사,생존,-4.217169159953968,2024
3번 폭락반등,20200325,072130,유엔젤,생존,50.34749490835031,2020
3번 폭락반등,20200326,072130,유엔젤,생존,44.257262357414454,2020
3번 폭락반등,20200327,072130,유엔젤,생존,29.704808013355603,2020
3번 폭락반등,20200330,072130,유엔젤,생존,23.738566775244312,2020
3번 폭락반등,20200331,072130,유엔젤,생존,21.07806451612904,2020
3번 폭락반등,20200401,072130,유엔젤,생존,24.626756756756755,2020
3번 폭락반등,20181220,074610,이엔플러스,생존,10.214941634241251,2018
3번 폭락반등,20190514,074610,이엔플러스,생존,74.3221563342318,2019
3번 폭락반등,20190515,074610,이엔플러스,생존,57.621158301158296,2019
3번 폭락반등,20240806,077500,유니퀘스트,생존,2.3683870967741862,2024
3번 폭락반등,20181022,078520,에이블씨엔씨,생존,-10.139259259259255,2018
3번 폭락반등,20190806,079430,현대리바트,생존,6.338796992481214,2019
3번 폭락반등,20190807,079430,현대리바트,생존,0.9939130434782706,2019
3번 폭락반등,20200312,079430,현대리바트,생존,15.47388739946382,2020
3번 폭락반등,20200313,079430,현대리바트,생존,16.453333333333337,2020
3번 폭락반등,20200313,081000,일진다이아,생존,16.12911680911681,2020
3번 폭락반등,20200319,081000,일진다이아,생존,105.48740088105727,2020
3번 폭락반등,20200320,081000,일진다이아,생존,114.23228070175436,2020
3번 폭락반등,20200325,081000,일진다이아,생존,49.05560371517028,2020
3번 폭락반등,20200313,081660,미스토홀딩스,생존,12.555323383084584,2020
3번 폭락반등,20200318,081660,미스토홀딩스,생존,32.953333333333326,2020
3번 폭락반등,20200319,081660,미스토홀딩스,생존,57.81477434679334,2020
3번 폭락반등,20200312,082640,동양생명,생존,20.278333333333336,2020
3번 폭락반등,20200313,082640,동양생명,생존,28.46509394572026,2020
3번 폭락반등,20200320,082640,동양생명,생존,78.51696969696968,2020
3번 폭락반등,20200324,082640,동양생명,생존,71.76117647058824,2020
3번 폭락반등,20200325,082640,동양생명,생존,46.9403007518797,2020
3번 폭락반등,20200326,082640,동양생명,생존,16.15067729083666,2020
3번 폭락반등,20241218,082640,동양생명,생존,4.014323144104806,2024
3번 폭락반등,20200313,082740,한화엔진,생존,16.675455833726964,2020
3번 폭락반등,20200316,082740,한화엔진,생존,30.225895691609985,2020
3번 폭락반등,20200319,082740,한화엔진,생존,62.041476510067106,2020
3번 폭락반등,20200320,082740,한화엔진,생존,64.02601700457815,2020
3번 폭락반등,20211112,084010,대한제강,생존,-3.706458861906489,2021
3번 폭락반등,20180703,084870,TBH글로벌,생존,-11.317457044673537,2018
3번 폭락반등,20180704,084870,TBH글로벌,생존,-4.870036900369009,2018
3번 폭락반등,20200316,084870,TBH글로벌,생존,72.61385964912282,2020
3번 폭락반등,20200318,084870,TBH글로벌,생존,25.091186440677962,2020
3번 폭락반등,20211130,088350,한화생명,생존,10.751884057971019,2021
3번 폭락반등,20250102,089590,제주항공,생존,1.8374825174825167,2025
3번 폭락반등,20250103,089590,제주항공,생존,-4.09655716162943,2025
3번 폭락반등,20221026,090460,비에이치,생존,14.026779661016954,2022
3번 폭락반등,20200312,091090,세원이앤씨,폐지,49.25763676148796,2020
3번 폭락반등,20200319,091090,세원이앤씨,폐지,88.75103448275863,2020
3번 폭락반등,20220513,091090,세원이앤씨,폐지,9.98956521739131,2022
3번 폭락반등,20220516,091090,세원이앤씨,폐지,-7.545671641791049,2022
3번 폭락반등,20220524,091090,세원이앤씨,폐지,-26.63628415300546,2022
3번 폭락반등,20230314,091090,세원이앤씨,폐지,0.1136507936507909,2023
3번 폭락반등,20230315,091090,세원이앤씨,폐지,-2.9876923076923108,2023
3번 폭락반등,20230320,091090,세원이앤씨,폐지,-75.9788047808765,2023
3번 폭락반등,20181029,092220,KEC,생존,15.322531645569619,2018
3번 폭락반등,20200319,092220,KEC,생존,49.86309978768578,2020
3번 폭락반등,20240806,092220,KEC,생존,-0.17435483870967516,2024
3번 폭락반등,20220315,093230,이아이디,폐지,4.634757481940147,2022
3번 폭락반등,20220316,093230,이아이디,폐지,6.792755578619617,2022
3번 폭락반등,20220317,093230,이아이디,폐지,-0.14078431372549205,2022
3번 폭락반등,20220318,093230,이아이디,폐지,-6.828867313915862,2022
3번 폭락반등,20220704,093230,이아이디,폐지,11.718425196850394,2022
3번 폭락반등,20220308,093240,형지엘리트,생존,26.29031146454605,2022
3번 폭락반등,20220310,093240,형지엘리트,생존,13.106444855206416,2022
3번 폭락반등,20260708,093240,형지엘리트,생존,0.05152709359606322,2026
3번 폭락반등,20260818,093240,형지엘리트,생존,-2.629999999999996,2026
3번 폭락반등,20190104,093370,후성,생존,23.190090449179824,2019
3번 폭락반등,20241114,093370,후성,생존,6.698947368421063,2024
3번 폭락반등,20181029,096760,JW홀딩스,생존,38.789239250275635,2018
3번 폭락반등,20181030,096760,JW홀딩스,생존,23.100099502487563,2018
3번 폭락반등,20211005,100220,비상교육,생존,9.787741935483865,2021
3번 폭락반등,20200312,102260,동성케미컬,생존,0.7892307692307676,2020
3번 폭락반등,20200313,102260,동성케미컬,생존,5.694602164226618,2020
3번 폭락반등,20200316,102260,동성케미컬,생존,24.637361894024792,2020
3번 폭락반등,20200319,102260,동성케미컬,생존,53.4258458813109,2020
3번 폭락반등,20181029,102280,쌍방울,폐지,25.65578104138853,2018
3번 폭락반등,20181026,102460,이연제약,생존,8.379683075724124,2018
3번 폭락반등,20181029,102460,이연제약,생존,24.733522363622832,2018
3번 폭락반등,20181030,102460,이연제약,생존,14.10351737687148,2018
3번 폭락반등,20181224,102460,이연제약,생존,13.485746703465189,2018
3번 폭락반등,20181226,102460,이연제약,생존,11.836450610264574,2018
3번 폭락반등,20181227,102460,이연제약,생존,9.767384088710276,2018
3번 폭락반등,20190530,105630,한세실업,생존,-3.9362211981566837,2019
3번 폭락반등,20200319,105630,한세실업,생존,58.41090909090908,2020
3번 폭락반등,20220203,108320,LX세미콘,생존,-5.466071987480434,2022
3번 폭락반등,20200312,108670,LX하우시스,생존,28.115057660626025,2020
3번 폭락반등,20200313,108670,LX하우시스,생존,8.412649098474336,2020
3번 폭락반등,20200319,108670,LX하우시스,생존,24.71618441971383,2020
3번 폭락반등,20200324,108670,LX하우시스,생존,13.739883040935666,2020
3번 폭락반등,20190806,112610,씨에스윈드,생존,10.933656867319968,2019
3번 폭락반등,20200312,112610,씨에스윈드,생존,9.972355027633432,2020
3번 폭락반등,20200313,112610,씨에스윈드,생존,-3.753928132456071,2020
3번 폭락반등,20200319,112610,씨에스윈드,생존,51.91768909810634,2020
3번 폭락반등,20210308,112610,씨에스윈드,생존,23.757931034482763,2021
3번 폭락반등,20210309,112610,씨에스윈드,생존,15.866056782334395,2021
3번 폭락반등,20210310,112610,씨에스윈드,생존,15.773846153846163,2021
3번 폭락반등,20241108,112610,씨에스윈드,생존,-14.418876889848818,2024
3번 폭락반등,20200313,119650,KC코트렐,생존,16.18334405144695,2020
3번 폭락반등,20200401,119650,KC코트렐,생존,34.94393194007767,2020
3번 폭락반등,20240820,119650,KC코트렐,생존,29.028333333333325,2024
3번 폭락반등,20240821,119650,KC코트렐,생존,20.24857142857142,2024
3번 폭락반등,20240822,119650,KC코트렐,생존,40.548571428571435,2024
3번 폭락반등,20200221,120110,코오롱인더,생존,-36.23342465753424,2020
3번 폭락반등,20200325,136490,선진,생존,44.13835205992509,2020
3번 폭락반등,20200326,136490,선진,생존,34.95445378151261,2020
3번 폭락반등,20200401,136490,선진,생존,38.05444976076556,2020
3번 폭락반등,20181029,144620,코오롱머티리얼,폐지,31.59777777777777,2018
3번 폭락반등,20200320,145990,삼양사,생존,49.44240663900415,2020
3번 폭락반등,20200324,145990,삼양사,생존,35.48666666666667,2020
3번 폭락반등,20200325,145990,삼양사,생존,22.51337979094077,2020
3번 폭락반등,20180703,152330,코리아오토글라스,폐지,0.07523012552302144,2018
3번 폭락반등,20190715,152330,코리아오토글라스,폐지,-0.8799999999999999,2019
3번 폭락반등,20200313,161390,한국타이어앤테크놀로지,생존,6.76285714285714,2020
3번 폭락반등,20180627,180640,한진칼,생존,0.21880239520957445,2018
3번 폭락반등,20220124,181710,NHN,생존,-8.892483039348706,2022
3번 폭락반등,20240812,192820,코스맥스,생존,-5.287063197026018,2024
3번 폭락반등,20240813,192820,코스맥스,생존,6.499194630872476,2024
3번 폭락반등,20231020,195870,해성디에스,생존,9.604033613445386,2023
3번 폭락반등,20180509,207940,삼성바이오로직스,생존,3.8279629150613363,2018
3번 폭락반등,20200319,207940,삼성바이오로직스,생존,47.20814428646467,2020
3번 폭락반등,20181030,210540,디와이파워,생존,21.00141592920354,2018
3번 폭락반등,20211005,210980,SK디앤디,생존,2.655094827080032,2021
3번 폭락반등,20200313,213500,한솔제지,생존,15.3237037037037,2020
3번 폭락반등,20200327,213500,한솔제지,생존,43.433304721030034,2020
3번 폭락반등,20200319,214320,이노션,생존,40.87251141552512,2020
3번 폭락반등,20190806,214330,금호에이치티,생존,9.969593289273007,2019
3번 폭락반등,20190807,214330,금호에이치티,생존,17.163307685000476,2019
3번 폭락반등,20190812,214330,금호에이치티,생존,5.880454961201424,2019
3번 폭락반등,20181022,214420,토니모리,생존,10.701188118811892,2018
3번 폭락반등,20181026,214420,토니모리,생존,68.82623052959502,2018
3번 폭락반등,20181029,214420,토니모리,생존,89.06353577871317,2018
3번 폭락반등,20181030,214420,토니모리,생존,71.60353289385172,2018
3번 폭락반등,20260715,217590,티엠씨,생존,14.569342105263164,2026
3번 폭락반등,20180620,226320,잇츠한불,생존,20.645966850828728,2018
3번 폭락반등,20220128,226320,잇츠한불,생존,54.17714285714286,2022
3번 폭락반등,20181025,227840,현대코퍼레이션홀딩스,생존,-12.585263157894742,2018
3번 폭락반등,20181026,227840,현대코퍼레이션홀딩스,생존,-3.4298525073746284,2018
3번 폭락반등,20200316,249420,일동제약,생존,20.688627450980384,2020
3번 폭락반등,20221012,251270,넷마블,생존,8.794311926605493,2022
3번 폭락반등,20181101,267260,HD현대일렉트릭,생존,21.619225766491173,2018
3번 폭락반등,20181102,267260,HD현대일렉트릭,생존,17.558156184381563,2018
3번 폭락반등,20181107,267260,HD현대일렉트릭,생존,32.13015194523293,2018
3번 폭락반등,20181108,267260,HD현대일렉트릭,생존,25.779731543624155,2018
3번 폭락반등,20181109,267260,HD현대일렉트릭,생존,19.691239376401263,2018
3번 폭락반등,20220127,267260,HD현대일렉트릭,생존,29.194213836477992,2022
3번 폭락반등,20231026,267270,HD건설기계,생존,4.761521068859201,2023
3번 폭락반등,20231027,267270,HD건설기계,생존,9.498308026030369,2023
3번 폭락반등,20200320,267850,아시아나IDT,생존,91.4337605563835,2020
3번 폭락반등,20200401,267850,아시아나IDT,생존,32.22279847656896,2020
3번 폭락반등,20180816,271560,오리온,생존,-0.8516981132075526,2018
3번 폭락반등,20200318,271980,제일약품,생존,37.46864864864865,2020
3번 폭락반등,20200319,271980,제일약품,생존,66.8579746835443,2020
3번 폭락반등,20200320,271980,제일약품,생존,57.625970149253725,2020
3번 폭락반등,20200327,271980,제일약품,생존,26.304466019417486,2020
3번 폭락반등,20180627,272450,진에어,생존,-5.515980289964936,2018
3번 폭락반등,20190520,272450,진에어,생존,6.097399294078102,2019
3번 폭락반등,20200319,280360,롯데웰푸드,생존,19.819999999999997,2020
3번 폭락반등,20200323,280360,롯데웰푸드,생존,27.220435255712744,2020
3번 폭락반등,20200324,280360,롯데웰푸드,생존,15.689918699186993,2020
3번 폭락반등,20200401,280360,롯데웰푸드,생존,14.70785046728971,2020
3번 폭락반등,20181030,281820,케이씨텍,생존,-4.435555555555556,2018
3번 폭락반등,20250416,281820,케이씨텍,생존,17.04428884026258,2025
3번 폭락반등,20250421,281820,케이씨텍,생존,8.19445887445888,2025
3번 폭락반등,20250423,281820,케이씨텍,생존,-2.9570398481973488,2025
3번 폭락반등,20181029,285130,SK케미칼,생존,37.148112865648464,2018
3번 폭락반등,20190805,285130,SK케미칼,생존,9.967770275283808,2019
3번 폭락반등,20190807,285130,SK케미칼,생존,6.590713494587167,2019
3번 폭락반등,20220617,285130,SK케미칼,생존,3.019999999999992,2022
3번 폭락반등,20200313,286940,롯데이노베이트,생존,16.427692307692315,2020
3번 폭락반등,20200319,286940,롯데이노베이트,생존,61.17128205128205,2020
3번 폭락반등,20220519,286940,롯데이노베이트,생존,-12.654744027303753,2022
3번 폭락반등,20200319,293480,하나제약,생존,58.031002628614345,2020
3번 폭락반등,20200323,293480,하나제약,생존,32.457684375407915,2020
3번 폭락반등,20220121,294870,IPARK현대산업개발,생존,13.352394366197176,2022
3번 폭락반등,20200313,298020,효성티앤씨,생존,2.6287719298245724,2020
3번 폭락반등,20200316,298020,효성티앤씨,생존,17.52796019900497,2020
3번 폭락반등,20200317,298020,효성티앤씨,생존,10.334953271028038,2020
3번 폭락반등,20200319,298020,효성티앤씨,생존,50.905714285714275,2020
3번 폭락반등,20241203,298020,효성티앤씨,생존,7.052432432432434,2024
3번 폭락반등,20200313,298050,HS효성첨단소재,생존,3.3140828402366793,2020
3번 폭락반등,20200319,298050,HS효성첨단소재,생존,59.36366812227073,2020
3번 폭락반등,20200320,298050,HS효성첨단소재,생존,68.02748299319728,2020
3번 폭락반등,20200325,298050,HS효성첨단소재,생존,33.77229681978799,2020
3번 폭락반등,20200326,298050,HS효성첨단소재,생존,17.097777777777782,2020
3번 폭락반등,20200320,298690,에어부산,생존,72.39083050463904,2020
3번 폭락반등,20200313,306200,세아제강,생존,6.551305449936632,2020
3번 폭락반등,20200318,306200,세아제강,생존,20.139018404907976,2020
3번 폭락반등,20200325,306200,세아제강,생존,19.250107526881724,2020
3번 폭락반등,20231031,307950,현대오토에버,생존,39.0139393939394,2023
3번 폭락반등,20220620,317400,자이에스앤디,생존,-3.615064935064934,2022
3번 폭락반등,20220926,323410,카카오뱅크,생존,-27.04666666666667,2022
3번 폭락반등,20220622,353200,대덕전자,생존,15.5474193548387,2022
3번 폭락반등,20260710,353200,대덕전자,생존,-11.601122112211224,2026
3번 폭락반등,20220203,361610,SK아이이테크놀로지,생존,6.227929515418509,2022
3번 폭락반등,20220623,363280,티와이홀딩스,생존,-4.071489361702127,2022
3번 폭락반등,20221012,377190,디앤디플랫폼리츠,생존,-8.100821114369502,2022
3번 폭락반등,20221013,400760,NH올원리츠,생존,-13.817045585689554,2022
3번 폭락반등,20221018,400760,NH올원리츠,생존,-2.7112499999999953,2022
3번 폭락반등,20221019,400760,NH올원리츠,생존,2.4090681593677923,2022
3번 폭락반등,20221020,400760,NH올원리츠,생존,6.725686546463242,2022
3번 폭락반등,20221021,400760,NH올원리츠,생존,7.669247988807285,2022
3번 폭락반등,20221024,400760,NH올원리츠,생존,5.512094313453545,2022
3번 폭락반등,20241115,450080,에코프로머티,생존,-10.524927536231885,2024
3번 폭락반등,20241111,456040,OCI,생존,-4.0466666666666615,2024
3번 폭락반등,20241112,456040,OCI,생존,6.533793103448274,2024
3번 폭락반등,20260729,489790,한화비전,생존,62.65317535545023,2026
3번 폭락반등,20260730,489790,한화비전,생존,25.277071339173965,2026
