date,ticker,name,grp,y,sret60,r
20200316,000020,동화약품,생존,2020,-20.360929530811774,41.78666666666667
20181107,000070,삼양홀딩스,생존,2018,-13.949556868987202,12.583798777621073
20240805,000150,두산,생존,2024,-11.20662547722342,13.862193450114237
20181026,000180,성창기업지주,생존,2018,-14.626204824505647,4.069999999999999
20181029,000180,성창기업지주,생존,2018,-19.316284577239028,16.875555555555557
20240806,000210,DL,생존,2024,-12.451686214099505,-1.3768609865470878
20240807,000210,DL,생존,2024,-11.456673267207877,-3.404634420697414
20181025,000270,기아,생존,2018,-17.745289924532084,1.0960147601476038
20190805,000640,동아쏘시오홀딩스,생존,2019,-23.29890176241354,15.942967850624736
20220127,000640,동아쏘시오홀딩스,생존,2022,-18.810089579525574,8.326867985338009
20200224,001140,국보,폐지,2020,,-54.45424571090515
20231024,001140,국보,폐지,2023,,-4.915632183908044
20190729,001360,삼성제약,생존,2019,-20.11549813656172,39.47743944636677
20190805,001360,삼성제약,생존,2019,-23.29890176241354,80.36882154882154
20190806,001360,삼성제약,생존,2019,-23.085024346386664,61.25059839605183
20211005,001380,SG글로벌,생존,2021,-13.853764287433824,5.24451198418581
20211130,001380,SG글로벌,생존,2021,-15.750719047021814,13.431727416798726
20200303,001750,한양증권,생존,2020,-12.254642720439886,-24.928211731044343
20200304,001750,한양증권,생존,2020,-10.425771689650455,-24.60857142857143
20200316,001820,삼화콘덴서,생존,2020,-16.014307084804035,21.335817694369968
20200319,001820,삼화콘덴서,생존,2020,-35.530020349687945,39.78973125884018
20180703,002020,코오롱,생존,2018,-15.86350009555133,6.741550591327209
20260722,002020,코오롱,생존,2026,-13.05931716238436,3.229465020576142
20260723,002020,코오롱,생존,2026,-10.525265239226718,-11.42074074074074
20200319,002210,동성제약,생존,2020,-32.47763503037484,68.92298507462685
20200324,002210,동성제약,생존,2020,-22.964746803962996,16.765005257623557
20200325,002210,동성제약,생존,2020,-20.422502625882306,15.46202898550725
20181030,002360,SH에너지화학,생존,2018,-16.95378575078817,10.707982832618015
20200319,002360,SH에너지화학,생존,2020,-36.91130102037679,74.90740157480315
20220927,002460,HS화성,생존,2022,-12.77917651189434,-10.52959349593496
20220704,002780,진흥기업,생존,2022,-22.136173830063797,5.095075987841949
20181119,002790,아모레퍼시픽홀딩스,생존,2018,-17.55221135328818,9.160059347181006
20200320,002810,삼영무역,생존,2020,-32.5532308362556,21.677142857142865
20200313,002990,금호건설,생존,2020,-27.90603842405837,20.069263502454984
20200319,002990,금호건설,생존,2020,-43.12184812970981,71.11074074074075
20200320,002990,금호건설,생존,2020,-39.218783451908955,75.24293144208038
20220926,003160,디아이,생존,2022,-16.870281742735564,-2.1657612267250794
20220927,003160,디아이,생존,2022,-13.511137220279938,-0.9597356828193926
20181029,003220,대원제약,생존,2018,-14.598857089557502,18.112814078539998
20181011,003230,삼양식품,생존,2018,-15.990470886855261,-2.141038961038963
20190103,003230,삼양식품,생존,2019,-12.592263292227127,44.67084745762712
20181011,003280,흥아해운,생존,2018,-13.191056957065957,-3.071447368421051
20200317,003470,유안타증권,생존,2020,-30.20390152469281,30.20888888888889
20200319,003470,유안타증권,생존,2020,-41.89597556044224,75.22294117647058
20200320,003470,유안타증권,생존,2020,-38.25056121111999,70.08774193548388
20200325,003470,유안타증권,생존,2020,-31.593457187592694,20.14564102564102
20200313,003520,영진약품,생존,2020,-19.01026176186491,19.807804878048778
20200318,003520,영진약품,생존,2020,-24.17750582570493,13.29314814814814
20200324,003520,영진약품,생존,2020,-22.964746803962996,17.474545454545446
20200317,003530,한화투자증권,생존,2020,-30.20390152469281,17.23320754716981
20200318,003530,한화투자증권,생존,2020,-33.31689274262736,24.426122448979587
20200319,003530,한화투자증권,생존,2020,-41.89597556044224,51.00679245283018
20200320,003530,한화투자증권,생존,2020,-38.25056121111999,51.273110047846885
20180412,003560,IHQ,폐지,2018,,-6.858263509411053
20200313,003560,IHQ,폐지,2020,,24.12185102917223
20200317,003560,IHQ,폐지,2020,,26.244099176064086
20200318,003560,IHQ,폐지,2020,,35.35818138157369
20260710,003580,HLB글로벌,생존,2026,,33.83303214596003
20260713,003580,HLB글로벌,생존,2026,,47.535596330275226
20260709,003670,포스코퓨처엠,생존,2026,-18.199465028114236,4.748205128205132
20241209,003720,삼영,생존,2024,-12.739608962352092,19.1325
20181029,004000,롯데정밀화학,생존,2018,-17.603584526076947,10.395331564986744
20200316,004060,SG세계물산,생존,2020,-30.3095448397023,63.574976303317534
20200317,004060,SG세계물산,생존,2020,-32.26028915387635,56.59126436781609
20200319,004270,남성,생존,2020,-44.38864459026883,103.41376786735276
20200324,004270,남성,생존,2020,-32.756340617887524,57.042900480947104
20200326,004270,남성,생존,2020,-30.71473430344951,15.109473684210531
20200313,004310,현대약품,생존,2020,-19.01026176186491,11.620000000000001
20200319,004310,현대약품,생존,2020,-32.47763503037484,47.63657940663176
20200324,004310,현대약품,생존,2020,-22.964746803962996,26.02058479532165
20181026,004410,서울식품,생존,2018,-16.700396067638334,20.29239263803682
20181101,004430,송원산업,생존,2018,-15.101644370330948,15.173658536585357
20200320,004440,삼일씨엔에스,생존,2020,-42.05704798662778,88.68587183308493
20181030,004560,현대비앤지스틸,생존,2018,-12.624800889657294,3.899006772009032
20240806,004560,현대비앤지스틸,생존,2024,-19.21578269736726,1.1439880059969907
20181011,004710,한솔테크닉스,생존,2018,-17.70239623844757,5.379673258813403
20200313,004710,한솔테크닉스,생존,2020,-24.58384779999319,-0.6799999999999999
20200319,004710,한솔테크닉스,생존,2020,-44.38864459026883,49.347144408251886
20260729,004800,효성,생존,2026,-28.915021896409957,39.656134453781505
20190806,004870,티웨이홀딩스,생존,2019,-19.994564107771186,46.07392296718973
20190807,004870,티웨이홀딩스,생존,2019,-18.892346230667286,38.46812511107161
20190808,004870,티웨이홀딩스,생존,2019,-16.733471841177735,27.533875274632408
20181026,004920,씨아이테크,생존,2018,,-0.20222222222221142
20200318,004960,한신공영,생존,2020,-34.79892056731831,20.563486973947903
20200319,004960,한신공영,생존,2020,-43.12184812970981,24.074582484725052
20241115,005070,코스모신소재,생존,2024,-11.000312180753527,-13.235007473841552
20241119,005070,코스모신소재,생존,2024,-10.505292071366947,-14.178449612403098
20200319,005180,빙그레,생존,2020,-37.17318348618757,53.535954415954414
20200320,005180,빙그레,생존,2020,-34.18792354700447,53.28666666666667
20200319,005300,롯데칠성,생존,2020,-30.704715222103065,20.705365853658535
20200325,005300,롯데칠성,생존,2020,-25.821995918188804,12.04134831460674
20220620,005320,온타이드,생존,2022,-17.666342755866175,11.20390092879258
20200319,005440,현대지에프홀딩스,생존,2020,-44.61991984888334,45.862393265183414
20200320,005440,현대지에프홀딩스,생존,2020,-40.41587858873637,52.301366459627324
20181029,005680,삼영전자,생존,2018,-25.799461999385738,19.117029702970292
20181030,005690,파미셀,생존,2018,-16.95378575078817,21.747659574468095
20181108,005850,에스엘,생존,2018,-16.17288142879509,25.131029411764697
20180725,005870,휴니드,생존,2018,-11.136083148178557,2.6204750593824135
20180726,005870,휴니드,생존,2018,-11.484107508899259,1.2590243902439047
20200319,005940,NH투자증권,생존,2020,-41.89597556044224,29.76285714285714
20200320,005940,NH투자증권,생존,2020,-38.25056121111999,32.75432835820895
20240806,005950,이수화학,생존,2024,-12.451686214099505,16.300719794344467
20220623,006110,삼아알미늄,생존,2022,-26.696960826249924,16.15470031545742
20260730,006110,삼아알미늄,생존,2026,-32.772542075094925,129.36562607204118
20181030,006260,LS,생존,2018,-27.474104905229982,6.468640483383684
20241118,006280,녹십자,생존,2024,-12.731499720333026,28.855370511841098
20181029,006380,카프로,생존,2018,-17.603584526076947,29.58875
20190524,006390,한일현대시멘트,폐지,2019,,26.988852459016403
20181018,006490,프리티,생존,2018,,-7.492375533428161
20181226,006490,프리티,생존,2018,,7.944974924774331
20200319,006490,프리티,생존,2020,,49.060932642487046
20220926,006490,프리티,생존,2022,,-0.5133333333333401
20221004,006490,프리티,생존,2022,,-1.5046753246753275
20260731,006650,대한유화,생존,2026,-28.85879456739123,12.558770685579194
20260814,007110,일신석재,생존,2026,-11.42924313471189,-13.19780415430267
20181031,007210,벽산,생존,2018,-22.265696558088482,-8.337894736842108
20200320,007210,벽산,생존,2020,-42.05704798662778,48.97166835187057
20200318,007540,샘표,생존,2020,-27.624956922285055,30.378185404339256
20200320,007540,샘표,생존,2020,-34.18792354700447,54.47819861431871
20190806,007570,일양약품,생존,2019,-23.085024346386664,9.648791870530662
20220127,007570,일양약품,생존,2022,-18.810089579525574,15.718992609718843
20181030,007630,폴루스바이오팜,폐지,2018,,-19.563248730964464
20181116,007630,폴루스바이오팜,폐지,2018,,-31.089356725146196
20181203,007630,폴루스바이오팜,폐지,2018,,-19.43
20181205,007630,폴루스바이오팜,폐지,2018,,-17.716011080332414
20181228,007630,폴루스바이오팜,폐지,2018,,-29.58625
20200313,007660,이수페타시스,생존,2020,-19.529184939787232,16.61547920433996
20200319,007660,이수페타시스,생존,2020,-38.75743608433914,69.52210942649967
20200325,007660,이수페타시스,생존,2020,-26.962207324652816,50.23902339776195
20200326,007660,이수페타시스,생존,2020,-27.883687052184865,40.64334152334151
20200330,007660,이수페타시스,생존,2020,-25.691445727889295,24.43700918233493
20240802,007660,이수페타시스,생존,2024,-11.814354922119065,8.565241744461472
20181026,008040,사조동아원,생존,2018,-16.700396067638334,12.49924528301887
20260729,008060,대덕,생존,2026,-36.070681389010865,47.50129496402879
20211130,008260,NI스틸,생존,2021,-20.17761611599709,12.653333333333343
20200319,008700,아남전자,생존,2020,,72.01220917822839
20200320,008700,아남전자,생존,2020,,64.62
20200401,008700,아남전자,생존,2020,,18.838309859154926
20200313,009150,삼성전기,생존,2020,-24.58384779999319,-8.824444444444444
20190730,009310,참엔지니어링,생존,2019,,0.6891588785046732
20220623,009410,태영건설,생존,2022,-31.827232175456736,6.5653622958617355
20220624,009410,태영건설,생존,2022,-27.19957559816462,-3.6269820554649304
20220630,009410,태영건설,생존,2022,-21.326074450792042,-1.613714037877697
20220623,009470,삼화전기,생존,2022,-16.00804432868941,15.228668730650146
20240808,009470,삼화전기,생존,2024,-29.42808360348467,-23.848421052631583
20200313,009680,모토닉,생존,2020,-26.652207005020706,13.764356120826719
20200323,009680,모토닉,생존,2020,-43.466806212850514,37.548323699421964
20200325,009680,모토닉,생존,2020,-36.0924453079736,15.755483870967751
20210802,009810,MDS스피어,생존,2021,,-11.015391623434141
20220510,009810,MDS스피어,생존,2022,,-8.879017017877985
20200319,010050,우리종금,폐지,2020,,51.333966480446925
20200320,010050,우리종금,폐지,2020,,39.63948051948051
20220623,010100,한국무브넥스,생존,2022,-21.18811369593,14.309749430523926
20200317,010120,LS ELECTRIC,생존,2020,-37.19284968666634,18.59899686520376
20200313,010420,한솔PNS,폐지,2020,,7.3220242914979785
20190729,010820,퍼스텍,생존,2019,-17.316865496813683,2.098688524590168
20220706,010950,S-Oil,생존,2022,-11.443724566454254,-4.5104347826086935
20181030,011000,진원생명과학,생존,2018,,13.046174496644305
20220621,011090,에넥스,생존,2022,-21.6955657807566,-7.408373702422141
20200319,011200,HMM,생존,2020,-48.20873495097997,54.392881355932204
20200313,011330,유니켐,생존,2020,-26.652207005020706,15.249032258064524
20200318,011390,부산산업,생존,2020,-36.89231215004618,82.01230769230769
20200319,011390,부산산업,생존,2020,-44.94925115358026,102.73394025604553
20200320,011390,부산산업,생존,2020,-42.05704798662778,110.27890410958904
20190807,011690,와이투솔루션,생존,2019,-14.137212346594422,27.354824132308412
20190808,011690,와이투솔루션,생존,2019,-13.5197025959974,14.40441558441559
20190806,011760,현대코퍼레이션,생존,2019,-15.801133087044958,11.544242424242427
20200319,011760,현대코퍼레이션,생존,2020,-51.92734120917274,94.5874220963173
20200401,011810,STX,생존,2020,-39.01413334401045,26.13676495366471
20181030,011930,신성이엔지,생존,2018,-16.246385933803285,4.0086792452830124
20241112,011930,신성이엔지,생존,2024,-14.834464455437194,-9.472471358428809
20260730,0120G0,삼양바이오팜,생존,2026,,59.82381231671553
20181030,012280,영화금속,생존,2018,-18.74327782832683,9.439469026548668
20200312,012280,영화금속,생존,2020,-20.28029094637492,58.5138775510204
20220623,012280,영화금속,생존,2022,-21.18811369593,22.317267759562846
20200313,012510,더존비즈온,폐지,2020,,2.0465644955300037
20200319,012510,더존비즈온,폐지,2020,,54.851560891938256
20240805,012510,더존비즈온,폐지,2024,,12.381904761904751
20200312,012610,경인양행,생존,2020,-15.659720467998138,1.993796791443861
20200313,012610,경인양행,생존,2020,-22.26160970383949,14.690370370370367
20200316,012610,경인양행,생존,2020,-24.625120540321465,40.26074074074075
20180703,012690,모나리자,생존,2018,,-3.4240392706872367
20200326,012800,대창,생존,2020,-32.30229723339031,15.475653128430306
20200316,013000,세우글로벌,생존,2020,-24.625120540321465,36.38235741444868
20190805,013870,지엠비코리아,생존,2019,-14.138504691094067,20.900924855491336
20190806,013870,지엠비코리아,생존,2019,-14.630988017772637,21.700371660859457
20220125,014680,한솔케미칼,생존,2022,-11.330685957186363,-7.644957264957261
20220126,014680,한솔케미칼,생존,2022,-11.90322124179728,-7.923103448275867
20220127,014680,한솔케미칼,생존,2022,-14.839275343210378,2.622309468822162
20220128,014680,한솔케미칼,생존,2022,-12.760909341839787,2.622309468822162
20200331,014710,사조씨푸드,생존,2020,-20.701719982496765,27.29337461300309
20220705,014830,유니드,생존,2022,-11.92571565421919,3.2811974580813
20190729,014910,성문전자,생존,2019,-16.713227040809258,4.888601583113465
20190806,014910,성문전자,생존,2019,-15.106563086852036,17.23359773371105
20181025,015260,에이엔피,생존,2018,-18.24369634375999,-7.62362089914945
20181030,015260,에이엔피,생존,2018,-27.547841790500993,16.525643092707956
20200319,015860,일진홀딩스,생존,2020,-49.494361717845244,103.59368421052632
20200325,015860,일진홀딩스,생존,2020,-42.665490143098005,48.31028340080971
20200319,016580,환인제약,생존,2020,-32.47763503037484,34.97023474178405
20200320,016580,환인제약,생존,2020,-27.102524662978823,39.20461538461537
20180622,016880,웅진,생존,2018,,-16.305
20180625,016880,웅진,생존,2018,,-15.283174603174606
20180626,016880,웅진,생존,2018,,-6.940869565217386
20190807,017040,광명전기,생존,2019,-19.096708250575475,15.028791208791219
20190806,017180,명문제약,생존,2019,-23.085024346386664,13.72094745908699
20200331,017550,수산세보틱스,생존,2020,-32.49777299394101,23.272542372881357
20200401,017550,수산세보틱스,생존,2020,-30.942555379414024,23.10373983739837
20200319,017800,현대엘리베이터,생존,2020,-45.630892441035556,73.15326241715081
20200313,017940,E1,생존,2020,-17.8666040429055,-1.918552437223039
20200319,017940,E1,생존,2020,-27.211333974437068,29.661121495327095
20200320,017940,E1,생존,2020,-26.204782662434024,44.23666666666666
20200323,017940,E1,생존,2020,-30.362031428773957,48.82
20200324,017940,E1,생존,2020,-28.930047923694033,34.19832310838447
20200325,017940,E1,생존,2020,-25.826929902934012,30.858834951456316
20200326,017940,E1,생존,2020,-23.673140463089805,20.74028985507246
20200319,017960,한국카본,생존,2020,-52.84288391889403,39.34333722287048
20181101,018250,애경산업,생존,2018,-30.480117442484463,7.360585774058584
20181102,018250,애경산업,생존,2018,-25.06631559435752,7.620000000000007
20200325,018250,애경산업,생존,2020,-23.175663413231387,31.095700934579444
20211126,019170,신풍제약,생존,2021,-16.40282510696646,-11.364308131241083
20220704,019170,신풍제약,생존,2022,-18.81909251416244,27.308787185354703
20200317,019680,대교,생존,2020,,26.293684210526305
20260804,020000,한섬,생존,2026,-17.72360545494796,-4.061642512077299
20260805,020000,한섬,생존,2026,-17.655143495787126,-2.3394960049170272
20200312,020150,롯데에너지머티리얼즈,생존,2020,-17.9381474949282,0.17555555555555358
20200313,020150,롯데에너지머티리얼즈,생존,2020,-24.58384779999319,-2.9372005383580064
20200319,020150,롯데에너지머티리얼즈,생존,2020,-44.38864459026883,69.70368200836822
20190605,020760,일진디스플,생존,2019,,6.581640798226155
20200313,020760,일진디스플,생존,2020,,-9.68626223091977
20211119,020760,일진디스플,생존,2021,,-4.339126365054598
20181030,021240,코웨이,생존,2018,-27.76872440807539,12.210448625180904
20200319,022100,포스코DX,생존,2020,-43.16809889421591,48.56874791318865
20211201,023530,롯데쇼핑,생존,2021,-17.743153267416414,4.909221556886237
20260807,023530,롯데쇼핑,생존,2026,-12.475944312655447,1.7199999999999909
20190814,024720,콜마홀딩스,생존,2019,-24.66740650164623,8.667869977791245
20181030,025560,미래산업,생존,2018,-16.246385933803285,10.720262147168196
20200504,025560,미래산업,생존,2020,-16.685649721933142,-5.0878842881452035
20190725,025620,차AI헬스케어,생존,2019,-27.561110574197436,-16.549547336538193
20190730,025620,차AI헬스케어,생존,2019,-29.19780358767698,-17.69452592179888
20190805,025620,차AI헬스케어,생존,2019,-30.989065969811517,13.260288032750935
20200313,025620,차AI헬스케어,생존,2020,-20.73700889328359,20.341534962416436
20200317,025620,차AI헬스케어,생존,2020,-21.902667929385178,37.73555687281828
20200319,025620,차AI헬스케어,생존,2020,-33.18192710872827,98.62110375275938
20200326,025620,차AI헬스케어,생존,2020,-21.58168594361402,25.499417234965907
20190806,025750,한솔홈데코,생존,2019,-19.994564107771186,15.5664114832536
20180703,026890,스틱인베스트먼트,생존,2018,,7.991597633136086
20190806,026890,스틱인베스트먼트,생존,2019,,33.93538461538463
20240910,026890,스틱인베스트먼트,생존,2024,,3.341963824289399
20200313,026940,부국철강,생존,2020,-33.939580739604466,34.0464705882353
20200316,026940,부국철강,생존,2020,-36.26543594880731,42.75256784968685
20200317,026940,부국철강,생존,2020,-37.75542542794184,29.373623188405787
20200319,026940,부국철강,생존,2020,-47.75009521407769,77.17486284289276
20200326,026940,부국철강,생존,2020,-38.327774098983376,20.95333333333333
20200316,028100,동아지질,생존,2020,-29.876905226691694,27.89358490566038
20200317,028100,동아지질,생존,2020,-30.052584473932225,23.89627118644068
20200313,028260,삼성물산,생존,2020,-28.224073121445056,-1.2221052631578995
20200319,028670,팬오션,생존,2020,-48.20873495097997,47.03131221719458
20181130,029460,케이씨,생존,2018,-17.99992772167929,-11.179999999999998
20200312,029460,케이씨,생존,2020,-11.507546787447222,24.12
20200313,029460,케이씨,생존,2020,-19.529184939787232,19.554782608695646
20221026,030210,다올투자증권,생존,2022,-15.745202175955688,8.12163666121112
20200319,031820,아이티센씨티에스,생존,2020,-43.16809889421591,70.3441653418124
20200324,031820,아이티센씨티에스,생존,2020,-35.79452028807224,44.1251948051948
20181029,032560,황금에스티,생존,2018,-14.969432295740317,28.05777019340159
20190531,033180,KH 필룩스,폐지,2019,,-9.777644608912215
20190805,033180,KH 필룩스,폐지,2019,,8.20303934265172
20190806,033180,KH 필룩스,폐지,2019,,12.810851845782901
20190808,033180,KH 필룩스,폐지,2019,,-1.1293599217335166
20200313,033180,KH 필룩스,폐지,2020,,11.00939889837951
20200326,033180,KH 필룩스,폐지,2020,,31.103296403613427
20200327,033180,KH 필룩스,폐지,2020,,44.88497480873297
20211130,033180,KH 필룩스,폐지,2021,,1.3211320880364947
20241115,033240,자화전자,생존,2024,,-0.1482926829268285
20200331,033250,체시스,생존,2020,-31.060863396302945,18.511919191919183
20200319,034220,LG디스플레이,생존,2020,,26.00525564803804
20260716,034230,파라다이스,생존,2026,-29.609935138188902,-1.9720398009950264
20200319,034310,NICE,생존,2020,-43.16809889421591,41.97714285714286
20200320,034310,NICE,생존,2020,-38.29466438114289,38.458235294117635
20200324,034310,NICE,생존,2020,-35.79452028807224,24.852899022801292
20200319,035150,백산,생존,2020,-43.50472696960319,33.568010610079575
20200320,035150,백산,생존,2020,-39.55670026417199,40.713644617380034
20200319,036570,NC,생존,2020,,15.720178890876559
20181108,044820,코스맥스비티아이,생존,2018,,1.4516062176165887
20220706,047050,포스코인터내셔널,생존,2022,-12.46037869660021,17.648169014084505
20241204,047050,포스코인터내셔널,생존,2024,-16.94102087201011,1.9370731707317095
20200312,047400,유니온머티리얼,생존,2020,-20.28029094637492,10.786666666666669
20200313,047400,유니온머티리얼,생존,2020,-26.652207005020706,6.491794871794868
20241206,052690,한전기술,생존,2024,,8.833051823416495
20181113,053210,스카이라이프,생존,2018,-13.878176003176966,3.814835680751175
20200319,053210,스카이라이프,생존,2020,-46.144392847058526,45.459511201629326
20200319,053690,한미글로벌,생존,2020,-43.12184812970981,52.9183606557377
20231024,055490,테이팩스,생존,2023,-20.62497708387325,1.2090784982935066
20200319,058730,다스코,생존,2020,-44.94925115358026,25.283700234192047
20200320,058730,다스코,생존,2020,-42.05704798662778,41.40600237247925
20200319,060980,HL홀딩스,생존,2020,-42.05927449541546,27.086101694915246
20200319,064350,현대로템,생존,2020,-49.434269638461316,56.26157303370786
20260729,064350,현대로템,생존,2026,-50.988278963639786,19.619999999999997
20190802,068270,셀트리온,생존,2019,-16.87317656509228,-2.567874257513278
20190805,068270,셀트리온,생존,2019,-23.29890176241354,15.923689414483677
20190806,068270,셀트리온,생존,2019,-23.085024346386664,10.916634935826222
20211029,068270,셀트리온,생존,2021,-11.985039956880481,6.353326113898608
20231017,069460,대호에이엘,생존,2023,-12.31805304938333,-12.331917404129797
20231018,069460,대호에이엘,생존,2023,-12.153188377282758,8.700918091809186
20231019,069460,대호에이엘,생존,2023,-14.305463256664334,9.97871559633027
20231023,069460,대호에이엘,생존,2023,-17.60434430619063,18.887588932806324
20260805,069960,현대백화점,생존,2026,-15.046966241904846,-15.316247723132967
20260806,069960,현대백화점,생존,2026,-14.247954104360355,-12.680469483568078
20200319,070960,모나용평,생존,2020,-45.31174153129749,89.86446680080483
20200320,070960,모나용평,생존,2020,-43.071914279881604,101.1442914979757
20200323,070960,모나용평,생존,2020,-47.92536890709519,88.56223107569723
20241227,071320,지역난방공사,생존,2024,,-4.217169159953968
20200325,072130,유엔젤,생존,2020,-31.709494891634435,50.34749490835031
20200326,072130,유엔젤,생존,2020,-30.60721296866788,44.257262357414454
20200327,072130,유엔젤,생존,2020,-29.62611467634247,29.704808013355603
20200330,072130,유엔젤,생존,2020,-27.176397692768635,23.738566775244312
20200331,072130,유엔젤,생존,2020,-23.575317366847056,21.07806451612904
20200401,072130,유엔젤,생존,2020,-21.551299284515874,24.626756756756755
20181220,074610,이엔플러스,생존,2018,-17.451541624331117,10.214941634241251
20190514,074610,이엔플러스,생존,2019,-13.22658800228969,74.3221563342318
20190515,074610,이엔플러스,생존,2019,-10.538044160754232,57.621158301158296
20240806,077500,유니퀘스트,생존,2024,-16.940344038607257,2.3683870967741862
20181022,078520,에이블씨엔씨,생존,2018,-13.641327616475353,-10.139259259259255
20190806,079430,현대리바트,생존,2019,-24.348084621312932,6.338796992481214
20190807,079430,현대리바트,생존,2019,-23.767956266618413,0.9939130434782706
20200312,079430,현대리바트,생존,2020,-19.411927375119372,15.47388739946382
20200313,079430,현대리바트,생존,2020,-26.05863173089171,16.453333333333337
20200313,081000,일진다이아,생존,2020,-27.249629164438762,16.12911680911681
20200319,081000,일진다이아,생존,2020,-42.710384931169436,105.48740088105727
20200320,081000,일진다이아,생존,2020,-39.72161019228191,114.23228070175436
20200325,081000,일진다이아,생존,2020,-34.567897714546554,49.05560371517028
20200313,081660,미스토홀딩스,생존,2020,-27.6577193864242,12.555323383084584
20200318,081660,미스토홀딩스,생존,2020,-33.47737568451323,32.953333333333326
20200319,081660,미스토홀딩스,생존,2020,-43.50472696960319,57.81477434679334
20200312,082640,동양생명,생존,2020,,20.278333333333336
20200313,082640,동양생명,생존,2020,,28.46509394572026
20200320,082640,동양생명,생존,2020,,78.51696969696968
20200324,082640,동양생명,생존,2020,,71.76117647058824
20200325,082640,동양생명,생존,2020,,46.9403007518797
20200326,082640,동양생명,생존,2020,,16.15067729083666
20241218,082640,동양생명,생존,2024,,4.014323144104806
20200313,082740,한화엔진,생존,2020,-37.43584155749882,16.675455833726964
20200316,082740,한화엔진,생존,2020,-39.6050213463009,30.225895691609985
20200319,082740,한화엔진,생존,2020,-52.84288391889403,62.041476510067106
20200320,082740,한화엔진,생존,2020,-49.006167200375046,64.02601700457815
20200316,084870,TBH글로벌,생존,2020,-30.3095448397023,72.61385964912282
20200318,084870,TBH글로벌,생존,2020,-33.47737568451323,25.091186440677962
20211130,088350,한화생명,생존,2021,,10.751884057971019
20221026,090460,비에이치,생존,2022,-18.71874310135165,14.026779661016954
20200312,091090,세원이앤씨,폐지,2020,,49.25763676148796
20200319,091090,세원이앤씨,폐지,2020,,88.75103448275863
20220513,091090,세원이앤씨,폐지,2022,,9.98956521739131
20220516,091090,세원이앤씨,폐지,2022,,-7.545671641791049
20220524,091090,세원이앤씨,폐지,2022,,-26.63628415300546
20230314,091090,세원이앤씨,폐지,2023,,0.1136507936507909
20230315,091090,세원이앤씨,폐지,2023,,-2.9876923076923108
20230320,091090,세원이앤씨,폐지,2023,,-75.9788047808765
20181029,092220,KEC,생존,2018,-19.933116147732047,15.322531645569619
20200319,092220,KEC,생존,2020,-38.75743608433914,49.86309978768578
20240806,092220,KEC,생존,2024,-16.940344038607257,-0.17435483870967516
20220315,093230,이아이디,폐지,2022,,4.634757481940147
20220316,093230,이아이디,폐지,2022,,6.792755578619617
20220317,093230,이아이디,폐지,2022,,-0.14078431372549205
20220318,093230,이아이디,폐지,2022,,-6.828867313915862
20220704,093230,이아이디,폐지,2022,,11.718425196850394
20260708,093240,형지엘리트,생존,2026,-17.210422378200928,0.05152709359606322
20181029,096760,JW홀딩스,생존,2018,-14.598857089557502,38.789239250275635
20181030,096760,JW홀딩스,생존,2018,-12.522764741331272,23.100099502487563
20211005,100220,비상교육,생존,2021,,9.787741935483865
20200312,102260,동성케미컬,생존,2020,-15.659720467998138,0.7892307692307676
20200313,102260,동성케미컬,생존,2020,-22.26160970383949,5.694602164226618
20200316,102260,동성케미컬,생존,2020,-24.625120540321465,24.637361894024792
20200319,102260,동성케미컬,생존,2020,-36.91130102037679,53.4258458813109
20181029,102280,쌍방울,폐지,2018,,25.65578104138853
20181029,102460,이연제약,생존,2018,-14.598857089557502,24.733522363622832
20181030,102460,이연제약,생존,2018,-12.522764741331272,14.10351737687148
20181224,102460,이연제약,생존,2018,-19.590207949785103,13.485746703465189
20181226,102460,이연제약,생존,2018,-20.70969933041558,11.836450610264574
20181227,102460,이연제약,생존,2018,-17.366568083606666,9.767384088710276
20200319,105630,한세실업,생존,2020,-43.50472696960319,58.41090909090908
20220203,108320,LX세미콘,생존,2022,,-5.466071987480434
20200312,108670,LX하우시스,생존,2020,-25.143052619585404,28.115057660626025
20200313,108670,LX하우시스,생존,2020,-30.76821466340642,8.412649098474336
20200319,108670,LX하우시스,생존,2020,-44.94925115358026,24.71618441971383
20200324,108670,LX하우시스,생존,2020,-42.33760532495334,13.739883040935666
20190806,112610,씨에스윈드,생존,2019,-12.87956812561364,10.933656867319968
20200313,112610,씨에스윈드,생존,2020,-14.763845841421,-3.753928132456071
20200319,112610,씨에스윈드,생존,2020,-38.00704453660404,51.91768909810634
20200313,119650,KC코트렐,생존,2020,-25.707426323835264,16.18334405144695
20200401,119650,KC코트렐,생존,2020,-25.143745770501468,34.94393194007767
20240820,119650,KC코트렐,생존,2024,-21.26692980862834,29.028333333333325
20240821,119650,KC코트렐,생존,2024,-20.720694769429123,20.24857142857142
20240822,119650,KC코트렐,생존,2024,-20.549791638562652,40.548571428571435
20200325,136490,선진,생존,2020,-30.112642572854156,44.13835205992509
20200326,136490,선진,생존,2020,-28.11120920019687,34.95445378151261
20200401,136490,선진,생존,2020,-14.453392791199743,38.05444976076556
20181029,144620,코오롱머티리얼,폐지,2018,,31.59777777777777
20200320,145990,삼양사,생존,2020,-34.18792354700447,49.44240663900415
20200324,145990,삼양사,생존,2020,-33.42313602547197,35.48666666666667
20200325,145990,삼양사,생존,2020,-30.112642572854156,22.51337979094077
20180703,152330,코리아오토글라스,폐지,2018,,0.07523012552302144
20190715,152330,코리아오토글라스,폐지,2019,,-0.8799999999999999
20200313,161390,한국타이어앤테크놀로지,생존,2020,-26.652207005020706,6.76285714285714
20240813,192820,코스맥스,생존,2024,-11.60110733626317,6.499194630872476
20231020,195870,해성디에스,생존,2023,-15.764270471458323,9.604033613445386
20200319,207940,삼성바이오로직스,생존,2020,-32.47763503037484,47.20814428646467
20181030,210540,디와이파워,생존,2018,-21.70411781731488,21.00141592920354
20200313,213500,한솔제지,생존,2020,-24.024363989812585,15.3237037037037
20200327,213500,한솔제지,생존,2020,-27.627255122727224,43.433304721030034
20200319,214320,이노션,생존,2020,,40.87251141552512
20190806,214330,금호에이치티,생존,2019,-14.630988017772637,9.969593289273007
20190807,214330,금호에이치티,생존,2019,-13.938946758093174,17.163307685000476
20190812,214330,금호에이치티,생존,2019,-10.113017582520984,5.880454961201424
20181022,214420,토니모리,생존,2018,-13.641327616475353,10.701188118811892
20181026,214420,토니모리,생존,2018,-22.976614349543514,68.82623052959502
20181029,214420,토니모리,생존,2018,-30.736110744750256,89.06353577871317
20181030,214420,토니모리,생존,2018,-27.8434378378221,71.60353289385172
20260715,217590,티엠씨,생존,2026,-27.437098628002612,14.569342105263164
20220128,226320,잇츠한불,생존,2022,-27.415363705965966,54.17714285714286
20181025,227840,현대코퍼레이션홀딩스,생존,2018,,-12.585263157894742
20181026,227840,현대코퍼레이션홀딩스,생존,2018,,-3.4298525073746284
20200316,249420,일동제약,생존,2020,-20.360929530811774,20.688627450980384
20221012,251270,넷마블,생존,2022,,8.794311926605493
20181101,267260,HD현대일렉트릭,생존,2018,-24.613326274479107,21.619225766491173
20181102,267260,HD현대일렉트릭,생존,2018,-19.902699153476455,17.558156184381563
20181107,267260,HD현대일렉트릭,생존,2018,-24.068754743407876,32.13015194523293
20181108,267260,HD현대일렉트릭,생존,2018,-22.287246977959835,25.779731543624155
20181109,267260,HD현대일렉트릭,생존,2018,-22.364770911735974,19.691239376401263
20220127,267260,HD현대일렉트릭,생존,2022,-23.918136821092695,29.194213836477992
20231026,267270,HD건설기계,생존,2023,-11.918915590910848,4.761521068859201
20231027,267270,HD건설기계,생존,2023,-12.4665159964926,9.498308026030369
20200320,267850,아시아나IDT,생존,2020,-38.29466438114289,91.4337605563835
20200401,267850,아시아나IDT,생존,2020,-21.551299284515874,32.22279847656896
20180816,271560,오리온,생존,2018,-11.077448203615486,-0.8516981132075526
20200318,271980,제일약품,생존,2020,-24.17750582570493,37.46864864864865
20200319,271980,제일약품,생존,2020,-32.47763503037484,66.8579746835443
20200320,271980,제일약품,생존,2020,-27.102524662978823,57.625970149253725
20200327,271980,제일약품,생존,2020,-17.090950469187987,26.304466019417486
20200319,280360,롯데웰푸드,생존,2020,-37.17318348618757,19.819999999999997
20200323,280360,롯데웰푸드,생존,2020,-37.185334259354676,27.220435255712744
20200324,280360,롯데웰푸드,생존,2020,-33.42313602547197,15.689918699186993
20200401,280360,롯데웰푸드,생존,2020,-14.453392791199743,14.70785046728971
20181030,281820,케이씨텍,생존,2018,-16.246385933803285,-4.435555555555556
20181029,285130,SK케미칼,생존,2018,-17.603584526076947,37.148112865648464
20200313,286940,롯데이노베이트,생존,2020,-25.82533110306648,16.427692307692315
20200319,286940,롯데이노베이트,생존,2020,-43.16809889421591,61.17128205128205
20200319,293480,하나제약,생존,2020,-32.47763503037484,58.031002628614345
20200323,293480,하나제약,생존,2020,-28.827410877789983,32.457684375407915
20220121,294870,IPARK현대산업개발,생존,2022,-12.034515882624213,13.352394366197176
20200313,298020,효성티앤씨,생존,2020,-37.052080684410505,2.6287719298245724
20200316,298020,효성티앤씨,생존,2020,-39.00246229875921,17.52796019900497
20200317,298020,효성티앤씨,생존,2020,-40.953262321069204,10.334953271028038
20200319,298020,효성티앤씨,생존,2020,-51.92734120917274,50.905714285714275
20241203,298020,효성티앤씨,생존,2024,-13.090144775770218,7.052432432432434
20200313,298050,HS효성첨단소재,생존,2020,-22.26160970383949,3.3140828402366793
20200319,298050,HS효성첨단소재,생존,2020,-36.91130102037679,59.36366812227073
20200320,298050,HS효성첨단소재,생존,2020,-32.5532308362556,68.02748299319728
20200325,298050,HS효성첨단소재,생존,2020,-28.665848360068992,33.77229681978799
20200326,298050,HS효성첨단소재,생존,2020,-27.038660430082768,17.097777777777782
20200320,298690,에어부산,생존,2020,-42.4601889756378,72.39083050463904
20200313,306200,세아제강,생존,2020,-33.939580739604466,6.551305449936632
20200318,306200,세아제강,생존,2020,-39.671187255814786,20.139018404907976
20200325,306200,세아제강,생존,2020,-40.98329566342135,19.250107526881724
20220620,317400,자이에스앤디,생존,2022,-25.78921226069234,-3.615064935064934
20220622,353200,대덕전자,생존,2022,-26.133432309019376,15.5474193548387
20220623,363280,티와이홀딩스,생존,2022,-24.175013040921378,-4.071489361702127
20221012,377190,디앤디플랫폼리츠,생존,2022,-13.6874729616209,-8.100821114369502
20221013,400760,NH올원리츠,생존,2022,-16.622521578354352,-13.817045585689554
20221018,400760,NH올원리츠,생존,2022,-17.201034870145737,-2.7112499999999953
20221019,400760,NH올원리츠,생존,2022,-17.47679639208092,2.4090681593677923
20221020,400760,NH올원리츠,생존,2022,-18.770923845182608,6.725686546463242
20221021,400760,NH올원리츠,생존,2022,-20.256601140945843,7.669247988807285
20221024,400760,NH올원리츠,생존,2022,-19.26694783076947,5.512094313453545
20260729,489790,한화비전,생존,2026,,62.65317535545023
20260730,489790,한화비전,생존,2026,,25.277071339173965
