ticker,ksic
000010,64121
000020,212
000030,64121
000040,319
000050,47119
000060,65121
000070,64992
000080,11122
000100,212
000110,64121
000120,493
000140,64992
000150,26221
000180,71531
0001A0,352
000210,20111
000220,212
000230,212
000240,64992
000250,212
000270,30121
000300,303
000320,64992
000360,41221
000370,65121
000380,41221
000390,20411
000400,65121
000420,28201
000430,303
000440,46712
000470,65121
000480,2321
000490,29210
0004V0,259
0004Y0,649
000500,28302
000520,212
000540,65121
000590,64992
000610,65121
000640,64992
000650,49220
000660,2612
000670,24213
000680,46800
000700,715
000720,41221
000760,467
000790,50112
0007C0,58222
0007J0,70113
000800,41112
000810,65121
000830,467
000850,29223
000860,20411
000880,20494
000890,11122
0008Z0,28123
000910,23311
000950,13101
000970,24131
000990,2611
0009K0,70113
001000,681
001020,171
001040,64992
001060,212
001070,132
001080,24123
0010F0,2221
0010V0,27199
001120,4610
001130,105
001140,49301
001150,20202
001190,13109
0011A0,289
0011T0,28119
001200,66121
001210,28410
001230,649
001250,468
001260,41221
001270,66121
001280,66121
001290,66121
001300,20202
001310,41112
001340,20131
001360,212
001370,1419
001380,303
001390,201
0013V0,10211
001420,303
001430,2411
001440,28302
001450,65121
001460,14120
001470,41221
001490,46417
001500,66121
001510,66121
001520,23322
001530,46103
001540,212
001550,20312
001560,23992
001570,201
001580,28410
001590,13212
0015G0,273
0015N0,20423
0015S0,739
001600,41221
001620,303
001630,212
001670,13212
001680,108
001720,66121
001740,467
001750,66121
001770,24199
001780,24222
001790,105
0017J0,29299
001800,649
001810,171
001820,26291
001830,2612
001840,411
001880,411
001890,33201
001940,241
001950,1710
001970,41221
001980,41221
002000,64992
002020,64992
002030,715
002070,14120
002100,2032
002140,10520
002150,72121
002170,15110
002200,1721
002210,212
002220,2419
002230,27214
002240,2411
002250,21212
002270,10422
002290,411
002300,1710
002310,172
002320,49309
002350,221
002360,201
002380,20411
002390,212
002410,411
002420,477
002450,33201
002460,41112
002480,13213
002530,41112
002540,10895
002550,65121
002600,108
002620,715
002630,212
002670,24121
002680,105
002690,24122
002700,46521
002710,24191
002720,212
002760,2049
002780,41221
002790,20423
002800,212
002810,46739
002820,22232
002840,204
002850,06200
002860,64121
002870,467
002880,303
002900,29210
002920,303
002930,46413
002950,41221
002960,19221
002990,41112
003000,212
003010,465
003020,13922
003030,64992
003040,21212
003050,28302
003060,212
003070,41221
003080,2032
003090,212
0030R0,642
003100,52942
003120,212
003160,27212
003190,21100
003200,13101
003220,212
003230,108
003240,20501
003280,50112
003300,23311
003310,109
003330,66121
003350,20423
003380,64992
003410,23311
003450,66121
003460,66121
003470,66121
003480,352
003490,511
003520,212
003530,66121
003540,66121
003550,64992
003560,591
003570,30331
003580,471
003590,14111
003600,64992
003610,132
003620,301
003640,24122
003650,19221
003660,23311
003670,282
003680,10211
003690,65200
003720,2221
003780,2225
0037T0,66199
003800,32029
003830,20501
003850,212
003900,10421
003920,104
003930,14111
003940,108
003960,10211
003990,46800
0039P0,713
004000,20119
004010,47111
004020,2411
004060,46800
004080,4659
004090,23999
004100,303
004130,2622
004140,529
004150,64992
004170,47111
004190,2629
0041B0,66199
0041J0,661
0041L0,66199
004200,41221
004230,25931
004250,22232
004270,46799
004310,212
004320,41221
004360,49301
004370,108
004380,29141
004410,108
004430,20499
004440,23325
004450,25991
004490,28202
0044K0,66199
004510,29162
004530,1090
004540,171
004550,45110
004560,24122
004590,478
004620,14111
004650,11121
004660,10520
004690,35200
004700,15110
004710,26299
004720,212
004740,32029
004770,262
004780,25991
004790,26
004800,649
004820,467
004830,22214
004840,221
004870,23325
004890,24113
004910,20411
004920,26529
004940,64121
004960,41112
004970,03111
004980,23311
004990,64992
005010,2413
005030,30310
005070,204
005090,351
005110,465
005160,24122
005180,104
005190,201
005250,715
005270,64121
005280,64121
005290,20129
005300,11209
005320,46413
005330,30
005350,29230
005360,46452
005380,30121
005390,467
005420,2049
005430,52939
005440,64992
005450,41121
005490,2411
0054V0,6619
005500,212
005560,28302
005600,17105
005610,108
005620,715
005670,1030
005680,26291
005690,262
005710,303
005720,221
005740,64992
005750,23222
005760,1419
005800,14120
005810,64992
005820,13225
005830,65121
005850,303
005860,109
005870,2642
005880,50112
005890,66121
005900,41221
005930,264
005940,66121
005950,20111
005960,412
005980,41221
005990,104
006040,64992
006050,231
006060,46800
006070,10602
006090,102
006110,24222
006120,64992
006140,27112
006150,2622
006200,64992
006210,26
006220,64121
006250,28302
006260,64992
006280,212
006340,28302
006350,64121
006360,4111
006370,47111
006380,20119
006390,23311
006400,28202
006440,4111
006490,612
006570,25993
006580,1710
006600,21212
006620,212
006650,20111
006660,30399
006730,551
006740,172
006750,29172
006800,66121
006840,64992
006880,46201
006890,20121
0068Y0,66199
006910,2511
006920,23322
006980,105
007050,29230
007070,47122
007110,466
007120,620
007150,26
007160,102
007190,171
0071M0,66199
007200,64131
007210,23999
007280,24121
0072Z0,66199
007310,108
007330,64132
007340,28202
007370,212
007390,211
007460,212
007480,24222
007490,13401
007530,259
007540,64992
007570,212
007590,2032
007610,28123
007630,461
007640,64132
007660,2622
007680,41112
007690,20111
007700,64992
007720,468
007770,201
007800,64131
007810,2622
007820,29169
007830,64132
007860,64992
007910,20202
007980,141
008000,20501
008020,35200
008030,1419
008040,105
008060,64992
008080,27
008110,264
008120,26
008250,16211
008260,2419
008270,64911
008290,14111
0082N0,70113
008320,28302
008340,24222
008350,24222
008370,22212
008400,30203
008420,2419
008470,25130
008490,2049
008500,133
008540,14120
008560,66121
008600,46413
008670,66121
008700,265
008720,29299
008730,22231
008770,47859
008780,2629
008800,108
008830,292
008870,23192
0088D0,66199
0088M0,27112
008900,28302
008930,64992
008970,2413
009010,85501
009070,49301
009080,23192
009140,2629
009150,2622
009160,24113
009180,5299
009190,24122
0091W0,6619
009200,171
009220,2642
009240,46431
009270,14112
009280,26
009290,21220
009300,212
009310,29271
009320,303
009360,46800
009380,17105
0093G0,66199
009410,41221
009420,212
009440,64992
009450,28520
009460,171
009470,26291
009520,24199
009540,64992
009580,171
009620,24222
009680,303
009690,28302
0096B0,64999
0096D0,66199
009720,231
009730,2413
009760,64992
009770,171
009780,108
009790,2622
0097F0,66199
009810,467
009830,20111
009890,2642
0098T0,66199
009900,303
009940,2629
009970,64992
0099W0,66199
0099X0,66199
010040,2321
010050,64919
010060,64992
010090,47121
010100,303
010120,28121
010130,24213
010140,3111
010150,2629
010170,283
0101C0,66199
010200,15110
010240,29241
010280,62021
010400,422
010420,467
010460,66199
010470,71310
010520,2413
010580,303
0105P0,66199
010600,461
010620,3111
010640,22259
010660,29223
010670,27212
010690,30391
010730,13103
010770,303
010780,2332
010820,252
010950,19210
010960,421
011000,212
011020,20202
011040,212
011050,2642
011070,262
011080,1419
011090,32021
011150,108
011160,41112
011170,20111
011200,50112
011210,303
011230,265
011280,1721
011300,13213
011320,303
011330,303
011370,41112
011390,23322
011400,30320
011420,911
011500,20421
011560,422
0115H0,66199
011690,2611
011700,29132
011720,20411
011760,46800
011780,201
011790,204
0117P0,474
011800,24122
011810,46800
011930,2612
012030,62021
012090,41221
0120G0,212
012160,24123
012170,591
012200,291
012210,25912
012250,25992
012280,303
012320,649
012330,303
012340,303
012400,26429
012410,2611
012420,64919
012450,31321
012460,26
012510,62022
012580,4741
012600,29180
012610,20132
012620,24123
012630,649
012650,41221
012690,17902
0126Z0,64992
012700,46712
012720,4111
012750,75320
012760,30
012790,212
012800,24221
012860,303
012990,20111
0129K0,661
013000,467
013030,241
0130D0,661
0130H0,661
013120,41112
0131D0,66199
013200,4111
013240,26
0132G0,649
013310,303
013340,2413
013360,41221
013450,20111
0134X0,66199
013520,303
013570,64992
013580,412
013650,14112
013700,41121
013720,303
013780,2629
013810,29229
013870,303
013890,320
013990,46414
014010,2612
014100,468
014130,49301
014160,1721
014190,46739
014200,301
014280,2413
014300,1090
014350,4111
014420,26
014440,2225
014470,681
014530,19221
014570,212
014580,23312
014590,91249
014620,24133
014680,20129
014710,102
014790,41221
014820,222
014830,20129
014900,68112
014910,26291
014940,291
014950,21212
014970,17223
014990,14112
015020,68121
015050,26211
015110,41112
015170,21230
015200,2413
015230,303
015260,2622
015350,35200
015360,715
015390,20491
015540,759
015590,29176
0155E0,26112
015670,26
0156T0,211
015710,26410
015750,303
015760,35120
015860,64992
015890,20129
015940,61210
016040,30
016090,14112
016100,172
016140,68112
016160,26
016170,182
016250,4112
016360,66121
016380,24122
016420,66121
016450,1419
0164H0,66199
016510,47111
016560,64131
016570,10897
016580,212
016590,172
0165X0,66199
016600,649
016610,66121
016670,467
016710,715
016740,303
016790,109
016800,32029
016830,64121
016880,64992
016890,21100
016920,465
016970,25119
016990,2629
017000,41112
017010,27214
017040,28123
017050,59111
017160,1090
017170,591
017180,212
017250,265
017300,26
017370,292
017390,35200
017480,2419
017510,2599
017550,29241
017650,179
017670,61220
017680,141
017800,29162
017810,108
017860,204
017890,204
017900,2612
017940,46713
017960,2512
018000,29119
018120,11121
018180,2642
018250,20422
018260,62021
018290,204
018310,2511
018410,25932
018470,24222
018500,303
018620,21230
018670,46713
018680,2121
018700,464
018880,29172
018890,2229
019010,47111
019120,291
019170,212
019180,289
019210,25934
019260,13101
019300,1710
019430,64209
019440,24122
019490,265
019540,303
019550,64209
019560,64209
019570,64209
019590,64209
019640,42
019660,468
019680,851
019770,292
019930,2642
019990,29133
020000,14112
020070,46510
020120,631
020150,2629
020180,62021
020400,24312
020560,511
020710,732
020760,261
021040,24123
021050,243
021060,64209
021080,64209
021240,969
021320,41112
021570,26293
021650,2229
021820,303
021880,64911
0218L0,265
021960,64911
0220W0,64992
022100,72129
022220,22211
022520,58221
023000,303
023020,28519
023150,11121
023160,2413
023350,72121
023410,23322
023420,23322
023430,467
023440,24121
023450,201
023460,649
023530,47111
023590,631
023600,171
023670,28303
023760,64911
023770,582
023790,24121
023800,30310
023810,303
023890,28202
023900,11121
023910,212
023960,41225
024060,46712
024070,22299
024090,2419
024100,64131
024110,64121
024120,303
024660,64992
024720,64992
024740,303
024800,492
024810,2811
024830,303
024840,242
024850,2629
024870,259
024880,259
024890,22214
024900,303
024910,30331
024940,464
024950,46465
025000,20119
025270,131
025320,2629
025340,64209
025440,265
025450,64131
025460,73901
025530,452
025540,2812
025550,24123
025560,27219
025610,64131
025620,204
025690,28410
025750,161
025770,61299
025820,24221
025830,13213
025850,20119
025860,20312
025870,463
025880,109
025890,292
025900,16212
025920,2419
025930,2642
025950,41221
025970,24222
025980,551
026040,331
026150,412
026180,62021
026220,47813
026230,2922
026250,25112
026260,468
026540,64209
026870,35200
026890,64201
026910,24121
026940,2413
026960,4632
026970,64132
027040,281
027050,20423
027350,26410
027360,649
027390,47111
027410,64992
027440,28202
027580,222
027700,47111
027710,109
027740,1012
027830,64209
027840,2612
027970,171
028040,461
028050,72129
028080,620
028090,1089
028100,421
028150,602
028260,467
028300,213
028670,50112
029460,27216
029480,26410
029530,263
029780,64913
029960,353
030000,71310
030030,73201
030190,63991
030200,612
030210,661
030270,13101
030350,5821
030390,46599
030420,63991
030520,582
030530,201
030610,66121
030720,03111
030790,620
030950,18113
030960,1811
031150,64121
031210,65122
031310,612
031330,4659
031390,21100
031430,4741
031440,561
031510,303
031800,2611
031820,6201
031860,46800
031920,64132
031950,263
031960,14111
031970,263
031980,29271
031990,3111
032030,46493
032040,759
032050,26410
032080,13402
032150,64132
032180,2629
032190,46510
032280,49309
032290,26410
032300,212
032350,75210
032380,58221
032390,61220
032420,2642
032500,2642
032540,265
032560,24290
032570,26310
032580,2611
032590,2642
032600,58221
032610,75310
032620,58221
032640,61220
032680,639
032710,64913
032750,264
032790,46510
032800,901
032820,281
032830,65110
032850,58221
032860,383
032930,2642
032940,4659
032960,2629
032980,463
033020,24122
033030,26
033050,204
033100,2811
033110,471
033130,631
033160,262
033170,2612
033180,2629
033190,2219
033200,2629
033210,2811
033220,24222
033230,62021
033240,26292
033250,303
033260,15121
033270,212
033280,58221
033290,474
033310,26299
033320,46510
033330,22214
033340,14120
033430,292
033500,201
033530,303
033540,292
033550,46711
033560,26529
033600,303
033630,61210
033640,261
033660,64911
033720,58221
033780,12000
033790,282
033830,60210
033850,58222
033880,14120
033920,11122
034010,85503
034020,29119
034120,60210
034220,2621
034230,91249
034300,4112
034310,715
034510,64209
034590,35200
034600,58221
034660,27111
034730,64992
034750,60222
034810,649
034830,642
034940,212
034950,75993
035000,71310
035010,467
035080,479
035150,22214
035200,22211
035210,60222
035250,91249
035270,2642
035290,581
035400,58221
035420,63120
035430,61210
035450,62021
035460,2642
035480,46595
035500,59111
035510,62021
035600,58221
035610,715
035620,591
035710,47919
035720,63120
035760,602
035780,26410
035810,109
035830,90191
035870,13992
035890,4112
035900,59201
035910,26310
035950,2511
035960,27111
036000,58113
036010,26293
036020,26410
036030,461
036060,66199
036090,29272
036120,63991
036170,2612
036180,4659
036190,423
036200,29271
036210,26211
036220,271
036260,591
036270,2642
036280,10899
036360,58221
036420,591
036460,35200
036480,21230
036490,20122
036500,201
036530,64992
036540,2611
036550,26211
036560,29120
036570,582
036580,105
036590,291
036600,13219
036610,59114
036620,467
036630,423
036640,20201
036660,58111
036670,20421
036690,2642
036710,715
036720,58221
036760,263
036790,2642
036800,61299
036810,2629
036820,26410
036830,715
036840,70113
036850,2612
036880,26410
036890,29241
036900,29180
036910,2642
036920,46103
036930,29229
037010,263
037020,62090
037030,2811
037060,58221
037070,28519
037110,2642
037120,59112
037150,5821
037220,58221
037230,17223
037240,261
037250,2642
037270,631
037320,46510
037330,26211
037340,2642
037350,721
037370,201
037380,141
037400,468
037440,72111
037460,2642
037500,64201
037510,64201
037540,27212
037550,58221
037560,60222
037600,29293
037620,66121
037630,29180
037640,25114
037650,25932
037700,4659
037710,47111
037730,26
037750,62021
037760,24122
037830,58221
037950,26291
038010,2511
038050,28901
038060,2612
038070,467
038100,58221
038110,30320
038120,27199
038160,63991
038290,73909
038320,58221
038340,262
038390,75210
038400,64913
038410,46510
038420,292
038460,26293
038500,239
038530,464
038540,620
038620,47711
038680,62021
038690,2622
038710,21212
038720,29271
038810,18200
038830,2642
038870,741
038880,262
038920,58221
038950,2642
038960,26310
038980,4610
038990,28202
039000,263
039010,26410
039020,161
039030,29271
039040,4659
039060,21100
039110,68112
039130,75210
039200,212
039230,272
039240,24199
039290,639
039310,582
039340,60221
039350,27199
039390,2642
039420,61299
039440,29271
039490,66121
039530,06200
039560,26410
039570,423
039580,58221
039610,29133
039670,58121
039740,467
039790,204
039830,73203
039840,27192
039850,46
039860,27199
039870,26299
039980,620
039990,62021
040020,2642
040130,58221
040160,58221
040180,62021
040300,591
040350,620
040420,8550
040610,303
040670,28123
040740,59111
040910,29271
041020,58221
041030,5811
041060,58221
041140,5821
041190,6491
041310,58221
041320,46521
041440,29241
041450,62021
041460,58221
041500,21309
041510,59201
041520,272
041550,26293
041590,424
041630,58221
041650,303
041800,26
041830,27199
041910,212
041920,27112
041930,2219
041940,2642
041960,212
042000,63112
042040,467
042100,2629
042110,28519
042340,46800
042370,64992
042420,582
042500,62021
042510,582
042520,213
042570,26
042600,2629
042660,3111
042670,29241
042700,29271
042820,2642
042870,46800
042940,411
042950,64201
042960,27215
043090,467
043100,27192
043150,271
043200,281
043220,292
043260,26291
043290,292
043340,29133
043360,263
043370,303
043580,262
043590,261
043610,603
043630,27112
043650,11111
043680,5911
043690,2642
043710,467
043790,4610
043890,60222
043910,233
044060,29133
044070,21212
044180,411
044340,28519
044370,58221
044380,26310
044440,85691
044450,50112
044480,901
044490,25912
044640,58221
044770,26292
044780,29221
044820,64992
044960,467
044990,262
045050,28123
045060,20493
045100,721
045260,467
045290,2811
045300,2629
045310,2642
045340,58221
045380,58221
045390,289
045400,26
045470,27216
045510,46510
045520,291
045660,291
045710,64992
045760,58221
045820,61210
045880,26410
045890,284
045920,14112
045970,262
046000,62021
046070,303
046110,63112
046120,7291
046140,591
046210,21301
046240,58221
046310,2642
046320,46510
046350,2622
046390,59120
046400,26
046430,4659
046440,582
046720,2612
046810,26293
046840,75210
046890,2612
046940,421
046970,467
047040,41112
047050,461
047060,30
047080,5821
047310,2812
047370,2642
047400,23222
047420,58221
047440,26211
047450,26321
047560,58221
047600,75210
047610,26
047710,2642
047730,2642
047770,141
047810,31311
047820,59114
047920,70111
047940,1090
048130,46800
048140,28123
048150,2642
048260,27191
048270,5811
048410,204
048430,281
048460,2622
048470,467
048510,29271
048530,211
048540,62021
048550,713
048640,22214
048760,28202
048770,29142
048830,20202
048870,271
048910,467
049000,59201
049070,2642
049080,262
049120,26211
049130,58221
049180,211
049370,59130
049430,27219
049470,582
049480,62021
049520,2629
049550,20413
049630,27309
049690,715
049720,75993
049770,108
049800,292
049830,259
049950,29271
049960,211
050050,26410
050090,713
050110,262
050120,46419
050320,259
050470,71399
050540,75991
050600,263
050640,58221
050760,222
050860,29210
050890,2642
050960,582
051160,58221
051170,29142
051310,41225
051360,265
051370,2622
051380,46510
051390,468
051490,292
051500,4632
051530,59201
051600,42311
051630,22214
051710,26211
051780,472
051810,28302
051820,29271
051900,20422
051910,20111
051980,264
052020,465
052190,901
052210,26410
052220,603
052260,204
052270,262
052290,2629
052300,468
052310,58221
052330,26519
052350,27214
052400,58221
052420,222
052460,620
052510,2049
052560,03112
052600,61299
052640,62021
052650,2642
052670,21230
052690,72129
052710,2629
052770,582
052790,5821
052810,58221
052860,2611
052880,75999
052900,2224
052970,59114
053000,64992
053030,212
053040,204
053050,35200
053060,303
053070,2642
053080,291
053110,631
053160,28123
053170,58221
053200,2812
053210,60229
053250,263
053260,2419
053270,303
053280,4791
053290,5811
053300,58221
053320,46521
053330,29176
053350,58221
053440,29293
053450,273
053470,26410
053580,582
053590,264
053610,29271
053620,25991
053660,25912
053690,72111
053700,303
053740,29271
053800,58221
053810,29271
053870,26429
053890,5811
053950,212
053980,582
054010,2629
054020,26292
054040,2629
054050,01123
054080,2642
054090,339
054120,2811
054150,46510
054170,62021
054180,31114
054210,262
054220,28123
054250,29176
054300,29169
054340,2642
054370,26410
054410,474
054440,29221
054450,2611
054530,72919
054540,2511
054620,64992
054630,339
054650,4659
054670,212
054780,59130
054790,29293
054800,71600
054920,58221
054930,72111
054940,424
054950,29192
055000,58221
055250,291
055490,2229
055550,64992
055810,2642
055970,62090
056000,582
056010,263
056020,27199
056060,2642
056080,292
056090,27192
056140,26410
056190,292
056200,58221
056340,2629
056360,26410
056500,263
056700,2229
056710,26410
056730,411
056810,26429
056850,58221
057030,857
057050,47919
057100,58221
057110,62021
057330,26293
057500,2629
057540,272
057680,58222
057880,872
058110,271
058220,264
058370,46721
058400,60210
058420,59130
058430,2419
058450,591
058470,2629
058480,24121
058530,63
058550,2642
058610,28111
058630,5821
058650,241
058680,14112
058690,58221
058730,25112
058820,212
058850,63991
058860,63991
058900,58221
058970,582
059090,261
059100,26211
059120,2611
059210,213
059270,259
059720,63991
060000,64121
060150,38230
060230,204
060240,311
060250,661
060260,22211
060280,47812
060300,59112
060310,272
060370,423
060380,241
060410,73901
060480,24221
060540,27215
060550,14120
060560,467
060570,603
060590,212
060660,62021
060670,2811
060720,2629
060750,2642
060850,58221
060900,351
060910,01299
060980,64992
061040,2642
061050,2642
061090,26429
061140,26
061250,212
061460,2221
061970,2612
062040,28112
062580,108
062730,291
062860,2611
062970,26410
063080,582
063160,212
063170,461
063280,58221
063350,2642
063440,182
063510,46800
063570,759
063760,27212
063840,58221
064060,29175
064090,468
064240,467
064260,582
064290,292
064350,31910
064400,62021
064420,20111
064480,58221
064510,292
064520,2612
064550,213
064720,2642
064760,23999
064800,474
064820,31114
064850,639
064900,68119
064960,303
065060,141
065130,29272
065150,463
065160,20501
065170,463
065180,49301
065270,262
065310,15129
065340,26
065350,28519
065370,58221
065410,74100
065420,204
065440,58221
065450,27211
065500,303
065510,27199
065530,61299
065560,181
065570,26429
065610,20202
065620,24123
065650,465
065660,467
065680,2629
065690,221
065710,28123
065770,2642
065810,58221
065910,62021
065940,20132
065950,13219
066060,72129
066110,26329
066130,28519
066200,46521
066270,631
066300,22211
066310,2612
066330,75310
066340,2642
066350,292
066360,10121
066410,612
066430,467
066480,85701
066570,264
066590,303
066620,424
066670,681
066690,2592
066700,212
066790,60222
066850,27
066900,2622
066910,467
066930,21309
066970,28202
066980,721
067000,5821
067010,620
067080,212
067130,62090
067160,582
067170,304
067250,3111
067280,85650
067290,212
067310,2611
067370,212
067390,31322
067570,30320
067630,213
067730,62090
067770,26211
067830,47111
067850,59114
067900,38220
067910,68112
067920,639
067950,292
067990,451
068050,59114
068060,68112
068100,291
068150,424
068240,2811
068270,21100
068290,5811
068330,29171
068400,76110
068420,26
068630,2642
068760,212
068770,292
068790,292
068870,21212
068930,855
068940,26293
069080,5821
069110,20423
069140,25112
069260,2049
069330,26211
069410,58221
069460,24222
069470,63991
069510,26529
069540,264
069620,212
069640,4741
069730,24123
069920,479
069960,47111
070080,30
070300,58222
070480,29271
070540,68112
070590,62010
070960,55103
071050,64992
071090,2413
071200,582
071280,292
071320,35300
071360,26211
071460,28519
071530,15129
071660,2049
071670,29293
071840,47320
071850,303
071930,2629
071950,320
071970,29119
072020,211
072130,631
072430,2599
072450,68112
072470,303
072520,701
072530,2611
072710,64992
072770,620
072870,581
072950,262
072990,72911
073010,29111
073070,303
073110,262
073130,58221
073190,32091
073240,221
073470,68112
073490,2642
073530,68112
073540,2642
073560,101
073570,339
073640,25929
073710,631
073780,26
073930,58221
074000,68112
074130,26211
074140,26429
074150,42
074430,211
074600,2312
074610,29193
075130,620
075180,303
075580,31114
075970,239
076080,411
076090,29272
076170,25933
076610,273
076850,68112
077280,582
077360,261
077500,4659
077960,29271
077970,29111
078000,631
078020,66121
078070,64992
078130,179
078140,212
078150,29272
078160,211
078340,5821
078350,2611
078420,71531
078520,20423
078590,303
078600,2629
078610,2642
078650,27301
078670,26
078700,58221
078780,262
078860,591
078890,264
078930,64992
078940,464
079000,22222
079160,59141
079170,24229
079190,26422
079340,26211
079370,29271
079430,32029
079440,65110
079550,25200
079560,2629
079650,23322
079660,108
079810,289
079870,2622
079900,292
079940,58221
079950,29272
079960,2811
079970,58221
079980,20501
080000,292
080010,4610
080030,71531
080140,26
080160,75210
080180,76190
080220,2611
080410,71531
080420,474
080440,467
080470,303
080520,2612
080530,204
080570,41224
080580,262
080720,212
080960,71531
080970,71531
080980,71531
081000,204
081090,2642
081150,242
081180,291
081190,76190
081200,76190
081210,76190
081220,2612
081500,58221
081580,2642
081660,464
081930,76190
081940,76190
081970,58221
082110,71531
082210,273
082220,26422
082240,76190
082250,76190
082260,76190
082270,29271
082390,26211
082640,65110
082660,204
082740,29111
082800,212
082850,108
082920,28201
082930,2611
083120,71531
083160,64201
083310,29271
083350,761
083360,761
083370,761
083380,761
083390,761
083420,20421
083450,29271
083470,201
083500,29272
083550,139
083570,76190
083580,76190
083590,76190
083600,76190
083610,76190
083620,76190
083640,468
083650,29176
083660,204
083790,70113
083930,29272
084010,2411
084110,212
084160,64209
084180,29169
084240,71531
084370,29271
084440,582
084450,21100
084650,70113
084670,49220
084680,331
084690,64992
084730,264
084810,29271
084850,2629
084870,141
084990,70113
085310,2512
085370,27199
085450,64201
085620,65110
085660,211
085670,2622
085680,58221
085810,58222
085910,303
085980,20423
085990,29271
086040,70113
086060,462
086080,70113
086200,2642
086250,29293
086280,5299
086390,29271
086450,212
086460,70113
086520,64992
086670,29133
086710,20499
086720,68112
086790,64992
086820,211
086830,264
086890,213
086900,211
086960,58221
086980,59130
087010,211
087220,2413
087260,582
087600,2629
087730,20202
088010,71531
088020,2611
088130,292
088260,68112
088280,26129
088290,303
088340,58221
088350,65110
088390,319
088510,64201
088700,25912
088790,467
088800,2642
088810,2224
088910,10121
088960,263
088980,64201
089010,204
089030,29271
089140,292
089150,62021
089170,71531
089180,71531
089190,71531
089200,71531
089230,639
089240,2612
089470,204
089480,25912
089530,739
089590,511
089600,71310
089790,29271
089850,58221
089860,76110
089890,29271
089970,29271
089980,222
090080,303
090090,4791
090120,263
090150,303
090350,20411
090360,29280
090370,141
090410,25112
090430,20423
090460,2622
090470,29271
090540,68112
090710,29280
090730,24113
090740,26224
090850,58222
090970,76190
090980,76190
090990,76190
091000,76190
091090,251
091120,262
091270,58222
091340,2629
091440,26410
091580,28202
091590,411
091690,263
091700,2629
091810,511
091970,2229
091990,467
092040,108
092070,2049
092130,63991
092190,2612
092200,303
092220,2612
092230,201
092300,2622
092440,29293
092460,31114
092600,2611
092630,76190
092730,20423
092780,301
092790,2419
092870,29271
092970,64999
093050,14111
093190,263
093230,467
093240,14112
093320,63112
093370,20129
093380,259
093400,76190
093410,76190
093520,4659
093640,2611
093730,71531
093820,64201
093920,2642
094170,2611
094190,26299
094280,759
094360,261
094480,58221
094520,64999
094700,2629
094800,642
094820,423
094840,264
094850,752
094860,58221
094940,263
094950,64201
094970,2629
095190,259
095270,272
095300,29133
095340,465
095500,2229
095570,76320
095610,29271
095660,5821
095700,70113
095720,85120
095910,2811
096040,467
096240,855
096250,58221
096300,64201
096350,251
096530,2130
096610,2612
096630,26422
096640,2629
096690,26329
096760,64992
096770,192
096870,2611
097230,41221
097520,26519
097780,303
097800,2612
097870,2031
097950,108
098070,251
098120,2629
098150,64201
098400,2611
098460,29271
098660,1419
099190,27112
099210,76190
099220,4659
099320,3131
099340,64201
099350,64201
099390,58221
099410,31114
099430,211
099440,29221
099520,26519
099660,25130
099750,58222
099830,591
100030,58222
100090,2413
100120,27199
100130,2511
100220,5811
100250,222
100590,2642
100660,29142
100700,213
100790,649
100840,29176
101000,292
101060,602
101140,46510
101160,262
101170,29142
101240,20131
101330,2642
101360,282
101380,76190
101390,262
101400,2611
101490,2629
101530,108
101670,2511
101680,29223
101730,5821
101790,68129
101930,31114
101970,2512
101990,30
102000,76190
102120,2612
102210,31114
102260,20202
102280,14120
102370,4610
102460,212
102710,2049
102940,2110
103130,261
103140,242
103150,11
103160,46
103230,29111
103590,2830
103650,26292
103840,103
104040,30399
104110,292
104120,292
104200,639
104460,29163
104480,20501
104540,27112
104620,75210
104700,2411
104830,20121
105070,24312
105330,303
105380,6811
105550,2629
105560,64992
105630,14199
105740,29133
105760,291
105840,27216
106080,2629
106190,211
106240,28410
106520,273
107590,649
107600,2049
107640,281
108070,27
108230,292
108320,2612
108380,31114
108490,29299
108670,2222
108790,4791
108860,5822
108890,76190
109070,264
109080,26410
109610,25112
109670,14199
109740,29272
109820,70113
109860,24312
109960,467
110020,2049
110310,2629
110500,292
110570,2612
110660,25933
110790,1419
110990,29272
111110,14199
111380,151
111610,42
111710,91121
111770,46800
111820,639
111870,265
112040,5821
112240,2229
112290,20491
112610,2511
113810,303
114090,91249
114120,262
114130,76190
114140,76190
114190,289
114410,56130
114450,211
114570,468
114630,20501
114810,2927
114840,204
115160,465
115180,70113
115310,61299
115390,22299
115440,2641
115450,467
115480,27112
115500,62021
115530,262
115570,2221
115610,2611
115960,22232
117580,35200
117670,2611
117730,29271
117930,501
118000,4659
118990,303
119250,68
119500,259
119610,271
119650,291
119830,739
119850,28111
119860,58221
120030,2599
120110,205
120240,201
120780,303
121440,461
121550,681
121600,2049
121800,26421
121850,222
121890,2629
121910,64999
121950,6619
122050,28422
122290,64999
122310,27111
122350,303
122450,60221
122640,29271
122690,303
122750,6619
122800,24311
122870,59201
122900,46800
122990,2629
123010,262
123040,303
123100,29271
123160,649
123260,2612
123290,66199
123300,64
123330,204
123410,303
123420,5821
123550,64999
123570,71310
123690,46443
123700,303
123750,31991
123840,108
123860,2611
123890,642
123910,64999
124050,66
124500,62021
124560,5299
125020,283
125210,2629
125490,303
126340,282
126560,61299
126600,20202
126640,303
126680,6619
126700,273
126720,42311
126730,2629
126870,29174
126880,291
127120,70111
127160,262
127710,63120
127980,262
128540,303
128660,2429
128820,477
128910,66199
128940,21212
129260,49301
129890,26329
129920,29223
130500,13992
130580,75993
130660,72129
130740,303
130960,602
131030,212
131090,58221
131100,591
131180,26323
131220,4659
131290,27212
131370,58222
131390,281
131400,2622
131760,292
131970,739
133750,85503
133820,24121
134000,76190
134060,58111
134380,20421
134580,631
134780,30399
134790,32029
135160,28301
135270,242
136150,291
136410,22212
136480,1012
136490,109
136510,29272
136540,62021
137080,292
137310,27112
137400,292
137940,27216
137950,2049
138040,64992
138070,259
138080,26410
138250,47919
138290,421
138360,292
138440,681
138490,20202
138580,58222
138610,213
138690,29221
138930,64992
139050,62021
139130,64992
139170,27215
139200,76190
139480,471
139670,58222
139990,2419
140070,46539
140290,412
140410,70113
140430,620
140520,24122
140670,262
140860,27219
140890,68112
140910,68121
141000,29272
141020,479
141070,292
141080,70113
142210,46522
142280,213
142760,701
143160,26429
143210,303
143240,63120
143540,29272
144510,73909
144620,2050
144630,292
144740,855
144960,29271
145020,211
145170,14300
145210,292
145270,68112
145720,27191
145990,108
146060,24131
146320,261
147760,27212
147830,251
148140,291
148150,2629
148250,262
148780,58222
148930,25924
149130,68121
149300,701
149940,26429
149950,26211
149980,27199
150440,58222
150840,27199
150900,58221
151750,292
151860,302
151910,262
152330,2311
152550,642
153360,761
153460,58222
153490,2612
153710,213
153890,28111
154030,011
154040,2629
155650,262
155660,242
155900,76190
155960,26211
156100,27194
156170,263
158300,29271
158310,29280
158380,30
158430,58221
159010,29133
159580,46414
159650,761
159910,204
160190,28111
160350,58221
160550,591
160600,2927
160980,29271
161000,201
161390,221
161570,26519
161580,2927
161890,20423
162300,241
163280,29175
163430,302
163560,2219
163730,582
164060,27199
165270,22223
166090,2612
166480,212
167380,582
168330,70111
168360,292
168490,64209
169330,71400
170030,303
170790,26410
170900,212
170920,20119
171010,20119
171090,292
171120,2049
172580,761
172670,2612
173130,62021
173940,901
174880,26422
174900,213
175140,264
175250,204
175330,64992
176440,26224
176560,259
176750,212
177350,222
177830,2629
177900,2611
178320,289
178780,468
178920,2221
179280,24212
179290,27192
179440,24199
179530,21230
179900,2629
180400,729
180640,64992
181340,27212
181710,5821
181980,27199
182360,59201
182400,211
182690,465
183190,23311
183300,29271
183350,29280
183410,27211
183490,211
184230,582
185280,46203
185490,70113
185750,212
186230,24222
187220,729
187270,2812
187420,211
187660,70113
187770,73901
187790,20129
187870,29271
188040,108
188260,339
189300,26429
189330,582
189540,26410
189690,58222
189700,141
189860,28123
189980,11209
190510,262
190650,66121
191410,262
191420,211
192080,5821
192240,179
192250,58221
192390,2511
192400,649
192410,2642
192440,339
192520,64121
192530,64121
192650,2629
192820,20423
193250,2629
194370,15121
194480,58212
194510,5821
194610,339
194700,108
194860,22232
195440,58221
195500,10121
195870,262
195940,212
195990,29223
196170,70113
196300,211
196450,273
196490,29271
196700,20203
197140,58221
197210,29272
198080,26224
198440,233
198940,24212
199430,272
199480,58222
199550,27112
199730,70113
199800,701
199820,28123
199870,24213
200130,211
200230,212
200350,591
200470,261
200670,212
200710,2611
200780,212
200880,303
201490,5821
203400,70113
203450,26429
203650,582
203690,171
204020,14120
204210,681
204270,262
204320,303
204440,66199
204610,5821
204620,661
204630,901
204650,661
204690,22232
204760,661
204840,464
204990,10897
205100,58221
205290,701
205470,213
205500,582
206400,424
206560,59120
206640,213
206650,212
206660,661
207230,28303
207720,66199
207760,63991
207930,661
207940,211
208140,101
208340,212
208350,582
208370,271
208640,582
208710,262
208860,58222
208870,66199
209640,29299
210120,59114
210540,29241
210610,58222
210980,68122
211050,66202
211270,264
212560,303
212710,261
213090,58221
213420,262
213500,171
214150,271
214180,63991
214260,20423
214270,582
214310,71531
214320,71310
214330,303
214370,211
214390,211
214420,20423
214430,2629
214450,213
214610,27199
214680,271
214870,465
215000,58219
215050,20421
215090,272
215100,28909
215200,85503
215360,303
215380,701
215480,474
215580,66199
215600,70113
215750,66199
215790,264
216050,71310
216080,213
216280,27112
217190,29271
217270,582
217330,70113
217480,20423
217500,292
217590,2830
217600,701
217620,561
217730,211
217810,661
217820,292
218150,109
218410,264
218710,661
219130,2622
219420,58222
219550,464
219580,66199
219750,271
219860,661
219960,661
220100,212
220110,73901
220180,58222
220250,70113
220260,204
220630,463
221200,661
221610,20411
221670,15121
221800,72911
221840,313
221950,661
221980,2049
222040,108
222080,292
222110,212
222160,292
222390,661
222420,23993
222520,58222
222800,2622
222810,241
222980,108
223040,661
223250,70113
223310,468
224020,22291
224060,262
224090,1011
224110,26429
224880,582
225190,273
225220,211
225330,85501
225430,204
225440,64999
225530,239
225570,582
225590,141
225650,28511
225850,464
225860,20423
226320,20423
226330,582
226340,204
226350,2629
226360,412
226400,27199
226440,292
226590,262
226610,271
226850,66199
226950,70113
227100,682
227610,20423
227840,463
227950,292
228180,701
228340,23325
228670,27111
228760,701
228850,27111
229000,213
229480,63120
229640,64992
230240,264
230360,71310
230400,271
230490,661
230980,582
232140,292
232270,661
232290,582
232330,661
232360,192
232680,29280
232830,58221
233190,1090
234030,26112
234080,212
234100,303
234300,6202
234340,661
234690,212
234920,28511
235010,66199
235090,292
235980,70113
236200,26410
236810,71310
237690,212
237720,20422
237750,28123
237820,71310
237880,20423
238090,222
238120,273
238170,202
238200,108
238490,29272
239340,631
239610,108
239890,20119
240340,20423
240540,661
240550,271
240600,259
240810,292
241510,29193
241520,64209
241560,29241
241590,15219
241690,30331
241710,20423
241770,261
241790,292
241820,213
241840,591
242040,582
242350,620
242420,204
242850,461
243070,212
243840,28202
244460,211
244920,66202
245030,582
245620,70113
246250,739
246690,64209
246710,21100
246720,213
246830,63120
246960,213
247300,58222
247540,28202
247660,2629
248020,28410
248070,2629
248170,108
249420,212
250000,4632
250060,620
250300,28909
250930,22291
251120,2110
251270,5821
251370,201
251540,141
251630,29272
251960,143
251970,22232
252370,20423
252500,204
252940,33402
252990,2629
253450,59114
253590,292
253840,213
254120,292
254490,467
255220,23991
255440,29272
256090,14112
256150,29175
256630,25923
256840,211
256940,212
257370,292
257720,46800
257730,661
257990,20423
258250,582
258540,70113
258610,251
258790,582
258830,27199
259630,292
259960,5821
260490,29176
260660,213
260930,20423
260970,108
261200,271
261520,58221
261780,70113
262260,289
262760,21212
262830,66199
262840,58222
263020,22214
263050,211
263540,31322
263600,2629
263690,27111
263700,713
263720,581
263750,58211
263770,241
263800,465
263810,2629
263860,58221
263920,33999
264290,661
264450,26410
264660,29271
264850,262
264900,106
265480,661
265520,29272
265560,3033
265740,20423
265920,66199
266870,204
267060,102
267250,64992
267260,281
267270,29241
267290,35200
267320,292
267790,1419
267810,95120
267850,62021
267980,104
268280,201
268600,70113
269620,272
270020,239
270520,721
270660,28519
270870,108
271400,26421
271560,108
271740,66199
271780,24229
271830,29271
271850,701
271940,319
271980,212
272110,261
272210,26299
272290,2629
272420,423
272450,511
272550,22232
273060,713
273640,2812
274090,31322
274400,58221
275630,582
276040,5821
276730,11112
276920,6619
277070,64209
277410,108
277480,66199
277810,29280
277880,292
278280,201
278380,21309
278470,20423
278650,70113
279410,661
279570,64121
279600,58222
280360,108
281310,70113
281410,66199
281740,204
281820,272
282330,47122
282620,14199
282690,221
282720,423
282880,292
283100,701
284420,108
284610,20423
284620,701
284740,762
285130,20202
285490,339
285770,58221
285800,2221
286000,20423
286750,20129
286940,62021
287410,271
287840,70113
288180,31322
288330,739
288490,58222
288620,281
288980,58222
289010,58190
289080,649
289220,59113
289860,58221
289930,261
290090,58222
290120,30399
290270,582
290380,2031
290510,58221
290520,29272
290550,26224
290560,58221
290650,212
290660,27199
290670,28909
290690,28422
290720,47912
290740,262
291210,66199
291230,759
291650,701
291810,58222
293480,212
293490,5821
293580,64919
293780,70113
293940,6811
294090,27199
294140,20501
294570,639
294630,289
294870,411
295310,24219
296640,58222
297090,29141
297570,264
297890,29272
298000,201
298020,2050
298040,281
298050,205
298060,212
298380,211
298540,144
298690,511
298830,582
298870,649
299030,29299
299170,464
299660,701
299670,14112
299900,59120
299910,5821
300080,63120
300120,582
300720,23311
301300,58222
302430,29299
302440,211
302550,27199
303030,261
303360,271
303530,582
303810,212
304100,58222
304360,212
304840,213
305090,271
306040,15129
306200,2413
306620,292
307070,661
307160,66199
307180,284
307280,213
307750,212
307870,582
307930,649
307950,582
308080,701
308100,4741
308170,303
308430,212
308700,28422
309710,21100
309900,739
309930,475
309960,64991
310200,591
310210,701
310840,661
310870,303
311270,661
311320,262
311390,108
311690,701
311840,13212
312610,242
313750,66199
313760,2811
314130,211
314140,212
314930,2719
315640,582
316140,64992
317030,661
317120,26112
317240,204
317320,66199
317330,2049
317400,681
317450,21212
317530,59111
317690,27199
317770,262
317830,29280
317850,29242
317870,339
318000,20202
318010,108
318020,263
318060,20202
318160,139
318410,204
319400,291
319660,29271
320000,292
321260,261
321370,262
321550,70113
321820,901
322000,2612
322180,582
322190,30201
322310,292
322510,582
322780,591
323210,661
323230,143
323280,292
323350,292
323410,64121
323940,661
323990,70113
326030,7011
327260,26299
327610,271
327970,27199
328130,58222
328380,620
329020,463
329050,13221
329180,31113
329560,66199
330350,212
330590,681
330730,649
330860,739
330990,661
331380,265
331520,582
331740,58222
331920,211
332290,203
332370,26329
332570,26299
332710,66199
333050,582
333430,311
333620,28909
334890,681
334970,212
335810,27199
335870,474
335890,271
336060,582
336260,28111
336370,26299
336570,271
336680,262
337450,66199
337930,639
338100,681
338220,582
338840,70113
339770,46313
339950,85503
340120,66199
340350,66199
340360,264
340440,222
340450,739
340570,213
340810,58221
340930,29299
341160,66199
341310,13992
342550,66199
342870,47320
343090,213
343510,66199
344050,66199
344820,2311
344860,20423
347000,27212
347140,6499
347700,58222
347740,739
347770,26212
347850,70113
347860,58222
347890,27216
348030,5821
348080,70113
348150,70113
348210,29271
348340,29280
348350,27213
348370,20119
348840,591
348950,681
349720,66199
350520,681
351320,29272
351330,62021
351340,6619
351870,71310
352090,22211
352480,20423
352700,205
352770,213
352820,592
352910,620
352940,2032
353060,66199
353070,66199
353190,108
353200,2622
353490,661
353590,4521
353810,109
354200,739
354230,58221
354320,24222
355150,261
355390,582
355690,262
356680,58221
356860,2622
356890,582
357120,6811
357230,108
357250,681
357430,681
357550,20129
357580,262
357780,204
357880,58222
358570,70113
359090,739
360070,28202
360350,27219
361390,26429
361570,59201
361610,282
361670,2629
362320,46443
362990,71310
363250,271
363260,713
363280,64992
364950,29271
365270,70113
365330,2511
365340,201
365550,681
365590,261
365660,58222
365900,3330
366030,144
366330,66199
367000,58222
367340,649
367360,661
367460,66199
367480,661
368030,29293
368600,262
368770,27219
368970,109
369370,901
370090,27213
371950,262
372170,292
372290,66199
372320,70113
372800,58221
372910,27199
373110,211
373160,85669
373170,58221
373200,339
373220,28202
373340,66199
375500,412
376180,339
376190,2611
376270,70111
376290,26224
376300,58222
376900,21309
376930,27112
376980,58221
377030,582
377190,681
377220,108
377300,66199
377330,2811
377400,66199
377450,63991
377460,953
377480,58222
377630,661
377740,213
378340,29299
378800,211
378850,30399
380320,661
380440,661
380540,266
380550,58222
381620,29299
381970,45120
382150,70111
382480,292
382800,29271
382840,292
382900,28111
383220,14111
383310,204
383800,64992
383930,70113
384470,58222
386580,661
387310,66199
387570,27199
387690,27111
388050,28123
388210,26299
388220,661
388610,20495
388720,292
388790,264
388800,66199
388870,70113
389020,261
389030,70113
389140,59113
389260,4112
389470,701
389500,291
389650,27199
389680,58222
391060,661
391710,292
393210,582
393360,661
393890,28202
393970,22213
394280,582
394420,27199
394800,701
395400,68112
396270,26112
396300,259
396470,29271
396690,6811
396770,661
397030,70113
397500,66199
397810,713
397880,661
398120,27111
399720,26112
400560,66199
400760,6812
400840,66199
402030,58221
402340,64992
402490,261
403490,103
403550,76110
403850,591
403870,29271
404950,649
404990,68112
405000,27199
405100,73909
405350,66199
405640,66199
405920,46331
406760,66199
406820,20423
407400,32099
408470,64999
408900,59112
408920,759
409570,661
411080,582
412350,29271
412540,292
412930,66199
413390,29299
413600,661
413630,222
413640,5822
415380,47520
415580,661
415640,642
416180,30399
417010,291
417030,58221
417180,63991
417200,26291
417310,68112
417500,204
417790,265
417840,29271
417860,58222
417970,292
418170,661
418210,661
418250,58221
418420,262
418470,581
418550,721
418620,582
419050,303
419080,29272
419120,58222
419270,66199
419530,59112
419540,27199
419700,465
420570,20423
420770,292
421800,66199
422040,66199
424140,661
424760,620
424870,70113
424960,272
424980,26129
425040,20121
425290,661
425420,262
426550,66199
426670,66199
427950,661
429270,26129
430220,66199
430230,66199
430460,661
430690,58221
430700,66199
431190,582
432320,68112
432430,591
432470,29299
432720,26112
432980,21100
433530,66199
434480,58221
435380,661
435570,107
435620,66199
435870,66199
436530,661
436610,66199
437730,303
437780,6619
438220,66199
438580,66199
438700,58222
439090,204
439250,66199
439260,3111
439410,6619
439580,467
439730,661
439960,27199
440110,26112
440200,66199
440290,649
440320,58222
440790,66199
440820,66199
441270,26299
442130,66199
442310,661
442770,661
442900,66199
443060,7212
443250,71310
443670,620
444530,58222
444920,661
445090,26112
445180,20119
445360,66199
445680,271
445970,66199
446070,16102
446150,661
446190,66199
446540,28201
446600,212
446750,661
446840,272
448280,716
448370,66199
448710,26310
448730,6811
448740,66199
448760,66199
448830,66199
448900,303
449020,66199
450050,66199
450080,28202
450140,45110
450330,21309
450410,6619
450520,58222
450940,66199
450950,27112
451220,29299
451250,20423
451700,66199
451760,620
451800,68112
452160,29271
452190,29221
452200,27212
452260,47111
452280,259
452300,649
452400,30399
452430,2611
452450,29299
452670,66199
452980,66199
453340,471
453450,739
453860,20499
454640,66199
454750,66199
454910,2928
455180,29271
455250,66199
455310,661
455900,29280
455910,66199
456010,261
456040,20129
456070,211
456160,21212
456440,64999
456490,6619
456700,721
457190,20111
457370,20119
457390,66199
457550,7390
457600,26519
457630,66199
457940,66199
458320,66199
458350,75992
458610,66199
458650,282
458870,27199
459100,26299
459510,29280
459550,264
460470,27309
460850,24122
460860,241
460870,231
460930,31114
460940,27199
461030,701
461300,582
462020,66199
462310,141
462350,31311
462510,2711
462520,2321
462860,612
462870,58212
462980,63991
463020,58222
463480,26294
464080,27211
464280,21212
464440,66199
464490,211
464500,26112
464580,591
464680,66199
465320,66199
465480,582
465770,501
466100,58221
466410,58222
466690,66199
466910,66199
467930,661
468510,661
468530,701
468760,66191
469480,66199
469610,29299
469750,292
469880,66199
469900,66199
471050,661
471820,10897
472220,66199
472230,66199
472850,474
473000,66199
473050,66199
473370,66199
473950,66199
473980,90199
474170,31311
474490,661
474610,25924
474650,29222
474660,66199
474930,661
475040,582
475150,411
475230,259
475240,66199
475250,66199
475400,29299
475430,28302
475460,639
475560,468
475580,33999
475660,204
475830,211
475960,27309
476040,70129
476060,701
476080,59111
476470,66199
476830,70113
477340,66199
477380,66199
477470,66199
477530,66199
477760,6491
477850,582
478110,661
478340,31311
478390,66199
478440,66199
478560,152
478780,66199
479880,66199
479960,289
480370,29172
481070,47430
481850,64201
481890,661
482520,6619
482630,20499
482680,66199
482690,66199
483350,47911
483650,20423
484120,26211
484130,66199
484590,25200
484810,291
484870,292
486630,66199
486990,582
487360,66199
487400,26429
487570,64999
487580,28519
487720,661
487830,661
488060,66199
488280,582
488900,31322
489210,661
489460,204
489480,66199
489500,20499
489730,649
489790,264
490470,721
491000,27112
492220,66199
493280,701
493330,29192
493790,66199
494120,273
495900,27199
496070,661
498390,661
499790,64992
900010,64992
900020,64992
900030,64992
900040,64992
900050,64992
900060,64992
900070,64992
900080,64992
900090,64992
900100,452
900110,64992
900120,64992
900130,64992
900140,451
900150,6499
900180,64992
900250,64992
900260,64992
900270,64992
900280,64992
900290,64992
900300,64992
900310,649
900340,64992
950010,64992
950030,63991
950070,6499
950100,64919
950110,58222
950130,213
950140,204
950160,211
950170,471
950180,5821
950190,58212
950200,73909
950210,70113
950220,70130
950250,64992
950260,70113
