R,date,ticker,name,y,r,hold,k60
D1,20260730,0001A0,덕양에너젠,2026,30.213198263386392,20,False
D1,20190805,002800,신신제약,2019,15.651474103585663,20,False
D1,20190806,002800,신신제약,2019,19.919176954732503,20,False
D1,20200320,003310,대주산업,2020,79.86328358208955,20,False
D1,20200312,003380,하림지주,2020,1.627017543859658,20,False
D1,20200313,003380,하림지주,2020,1.6568794326241176,20,False
D1,20200319,003380,하림지주,2020,58.17828877005347,20,False
D1,20200320,003380,하림지주,2020,47.628030112923476,20,False
D1,20240805,005290,동진쎄미켐,2024,-1.9554098360655776,20,False
D1,20181029,006050,국영지앤엠,2018,47.27621890547264,20,False
D1,20181030,006050,국영지앤엠,2018,40.51134199134201,20,False
D1,20190806,006620,동구바이오제약,2019,14.466924004825092,20,False
D1,20200317,006730,서부T&D,2020,6.861474654377879,20,False
D1,20200319,006730,서부T&D,2020,46.502119205298015,20,False
D1,20190805,006910,보성파워텍,2019,12.39096774193548,20,False
D1,20190806,006910,보성파워텍,2019,14.967368421052633,20,False
D1,20190807,006920,모헨즈,2019,16.640805369127524,20,False
D1,20200320,006920,모헨즈,2020,83.30802992518703,20,False
D1,20200323,006920,모헨즈,2020,89.75711340206186,20,False
D1,20200317,008470,부스타,2020,7.107257617728539,20,False
D1,20260807,008830,대동기어,2026,7.196068376068368,20,False
D1,20260810,008830,대동기어,2026,1.3780645161290215,20,False
D1,20260811,008830,대동기어,2026,-1.1944654088050313,20,False
D1,20260813,008830,대동기어,2026,-5.541654135338344,20,False
D1,20200312,009520,포스코엠텍,2020,25.443076923076916,20,False
D1,20200313,009520,포스코엠텍,2020,18.9601050788091,20,False
D1,20200319,009520,포스코엠텍,2020,91.1276923076923,20,False
D1,20200319,010170,대한광통신,2020,100.65061224489797,20,False
D1,20200320,010170,대한광통신,2020,107.28852966466036,20,False
D1,20200401,010170,대한광통신,2020,45.82212765957446,20,False
D1,20220127,010170,대한광통신,2022,3.7399413489736113,20,False
D1,20181015,011320,유니크,2018,-8.948354430379743,20,False
D1,20181029,011370,서한,2018,14.494440894568697,20,False
D1,20181030,011370,서한,2018,5.829941520467845,20,False
D1,20190729,011370,서한,2019,-4.545134099616861,20,False
D1,20190805,011370,서한,2019,7.343529411764695,20,False
D1,20200313,011560,세보엠이씨,2020,-5.103188405797106,20,False
D1,20200319,011560,세보엠이씨,2020,45.03515151515151,20,False
D1,20200325,011560,세보엠이씨,2020,3.4219607843137303,20,False
D1,20200326,011560,세보엠이씨,2020,-8.213668341708543,20,False
D1,20200327,011560,세보엠이씨,2020,8.182398137369043,20,False
D1,20200324,012790,신일제약,2020,31.58122448979592,20,False
D1,20200326,012790,신일제약,2020,21.64309807516041,20,False
D1,20181029,013310,아진산업,2018,36.688557536466774,20,False
D1,20181030,013310,아진산업,2018,12.719598124581381,20,False
D1,20181105,013310,아진산업,2018,-7.596876024030582,20,False
D1,20200317,013310,아진산업,2020,14.51488163787588,20,False
D1,20200313,013810,스페코,2020,16.779023354564753,20,False
D1,20200319,013990,아가방컴퍼니,2020,87.19209302325581,20,False
D1,20200326,013990,아가방컴퍼니,2020,31.481290322580648,20,False
D1,20200324,014190,원익큐브,2020,51.19175572519085,20,False
D1,20180703,016100,리더스코스메틱,2018,-10.120397350993379,20,False
D1,20181031,016670,디모아,2018,11.401506090808425,20,False
D1,20190805,017250,인터엠,2019,12.878974358974352,20,False
D1,20181029,017480,삼현철강,2018,18.64987012987013,20,False
D1,20190805,018000,유니슨,2019,12.28811594202898,20,False
D1,20190806,018000,유니슨,2019,11.45103448275863,20,False
D1,20181101,018680,서울제약,2018,-9.729757360077649,20,False
D1,20200313,019010,베뉴지,2020,2.457007874015741,20,False
D1,20260813,019210,와이지-원,2026,-14.942809917355369,20,False
D1,20260814,019210,와이지-원,2026,-26.286451612903225,20,False
D1,20260818,019210,와이지-원,2026,-4.89952506596306,20,False
D1,20200313,019570,GMI벤처,2020,20.345396825396815,20,False
D1,20181029,019990,에너토크,2018,56.946966292134846,20,False
D1,20181030,019990,에너토크,2018,37.86426229508197,20,False
D1,20200313,020180,대신정보통신,2020,32.24781065088757,20,False
D1,20181030,021080,에이티넘인베스트,2018,12.135217391304346,20,False
D1,20181031,021080,에이티넘인베스트,2018,13.067311827956999,20,False
D1,20190806,021080,에이티넘인베스트,2019,16.341782178217816,20,False
D1,20200313,023160,태광,2020,-2.8420498614958403,20,False
D1,20200319,023160,태광,2020,23.55684210526317,20,False
D1,20200313,023770,플레이위드,2020,29.9868498797664,20,False
D1,20200319,023770,플레이위드,2020,99.54628285356694,20,False
D1,20200320,023770,플레이위드,2020,117.22350690754519,20,False
D1,20221014,023770,플레이위드,2022,10.875212355212351,20,False
D1,20200319,023910,대한약품,2020,24.389565217391297,20,False
D1,20181026,024800,유성티엔에스,2018,2.653858267716528,20,False
D1,20210817,024950,삼천리자전거,2021,1.0270767504907994,20,False
D1,20200320,025320,시노펙스,2020,123.00503468780971,20,False
D1,20260715,025870,신라에스지,2026,19.19510548523206,20,False
D1,20240603,025900,동화기업,2024,-11.822071386775896,20,False
D1,20200224,026040,제이에스티나,2020,-49.321105354058716,20,False
D1,20200310,026040,제이에스티나,2020,3.374368932038833,20,False
D1,20200311,026040,제이에스티나,2020,9.179898477157359,20,False
D1,20190806,026150,특수건설,2019,20.544415055951163,20,False
D1,20190805,027040,서울전자통신,2019,22.391733966745843,20,False
D1,20200324,027580,상보,2020,42.49810218978102,20,False
D1,20200401,027580,상보,2020,9.249613733905573,20,False
D1,20190729,027710,팜스토리,2019,9.888909512761016,20,False
D1,20190729,027830,대성창투,2019,0.42627482128673533,20,False
D1,20190730,027830,대성창투,2019,-4.235026061057331,20,False
D1,20190806,027830,대성창투,2019,25.682629757785474,20,False
D1,20240805,030520,한컴,2024,18.548336495888687,20,False
D1,20190104,030530,원익홀딩스,2019,23.595528700906346,20,False
D1,20200313,030530,원익홀딩스,2020,-0.7729443690637627,20,False
D1,20200316,030530,원익홀딩스,2020,4.862296072507547,20,False
D1,20200318,030530,원익홀딩스,2020,14.540560747663559,20,False
D1,20200319,030530,원익홀딩스,2020,29.732244897959173,20,False
D1,20200324,030530,원익홀딩스,2020,14.885069551777434,20,False
D1,20220928,031330,에스에이엠티,2022,-8.570909090909092,20,False
D1,20190806,031510,오스템,2019,25.410756302521,20,False
D1,20200313,032190,다우데이타,2020,21.231864406779657,20,False
D1,20200319,032190,다우데이타,2020,69.34872928176794,20,False
D1,20200320,032190,다우데이타,2020,45.63538461538463,20,False
D1,20200323,032190,다우데이타,2020,35.31417122040072,20,False
D1,20200325,032190,다우데이타,2020,28.65029315960911,20,False
D1,20181030,032280,삼일,2018,6.764680851063822,20,False
D1,20200313,032680,소프트센,2020,19.313358633776083,20,False
D1,20200319,032680,소프트센,2020,105.41630606860157,20,False
D1,20220623,032850,비트컴퓨터,2022,31.555714285714277,20,False
D1,20220616,033130,디지틀조선,2022,-3.7121428571428603,20,False
D1,20200313,033170,시그네틱스,2020,8.147329192546586,20,False
D1,20200319,033170,시그네틱스,2020,72.36987893462468,20,False
D1,20200319,033320,제이씨현시스템,2020,81.68831683168317,20,False
D1,20200320,033320,제이씨현시스템,2020,86.23929824561404,20,False
D1,20260716,033340,좋은사람들,2026,-45.92444444444444,20,False
D1,20260720,033340,좋은사람들,2026,19.665070422535205,20,False
D1,20260721,033340,좋은사람들,2026,47.75048128342245,20,False
D1,20200313,033560,블루콤,2020,8.816411856474252,20,False
D1,20220622,033640,네패스,2022,-3.643819095477382,20,False
D1,20240805,033640,네패스,2024,-6.5800000000000045,20,False
D1,20240912,033640,네패스,2024,-9.69428571428572,20,False
D1,20190806,034940,조아제약,2019,24.01668874172186,20,False
D1,20181025,035200,프럼파스트,2018,-0.747282574068183,20,False
D1,20200320,035610,솔본,2020,64.24890025575448,20,False
D1,20200325,035610,솔본,2020,56.135894039735106,20,False
D1,20200326,035610,솔본,2020,40.64678936605316,20,False
D1,20200401,035620,바른손이앤에이,2020,13.24171945701357,20,False
D1,20200319,035810,이지홀딩스,2020,79.47071942446044,20,False
D1,20200320,035810,이지홀딩스,2020,60.861214057507986,20,False
D1,20200313,035900,JYP Ent.,2020,10.353333333333339,20,False
D1,20200316,036090,위지트,2020,24.97305514157974,20,False
D1,20200319,036090,위지트,2020,60.78912928759894,20,False
D1,20200320,036090,위지트,2020,57.57172413793103,20,False
D1,20181105,036120,서울평가정보,2018,-7.484347826086953,20,False
D1,20190807,036480,대성미생물,2019,11.579701492537323,20,False
D1,20240805,036540,SFA반도체,2024,2.3545013477088848,20,False
D1,20240806,036540,SFA반도체,2024,-9.751989860583016,20,False
D1,20200312,036630,세종텔레콤,2020,11.60195488721805,20,False
D1,20200313,036630,세종텔레콤,2020,11.478782303985984,20,False
D1,20200319,036630,세종텔레콤,2020,60.30225469728601,20,False
D1,20200401,036630,세종텔레콤,2020,40.98919739696312,20,False
D1,20210820,036630,세종텔레콤,2021,0.5368937329700261,20,False
D1,20181026,036810,에프에스티,2018,-0.7262311557788856,20,False
D1,20181030,036810,에프에스티,2018,4.6726678580546395,20,False
D1,20240805,036810,에프에스티,2024,4.715288277657984,20,False
D1,20200326,036830,솔브레인홀딩스,2020,3.328589835361498,20,False
D1,20241115,036830,솔브레인홀딩스,2024,5.969315068493156,20,False
D1,20190805,037230,한국팩키지,2019,19.86146341463414,20,False
D1,20200403,037400,우리엔터프라이즈,2020,15.636060961313017,20,False
D1,20181030,037460,삼지전자,2018,11.630539845758362,20,False
D1,20200325,038060,루멘스,2020,12.23237458193979,20,False
D1,20181102,038110,에코플라스틱,2018,-3.6305376344086002,20,False
D1,20181029,038460,바이오스마트,2018,43.3895652173913,20,False
D1,20181030,038460,바이오스마트,2018,24.89195121951219,20,False
D1,20181012,038870,에코심플렉스,2018,-15.188260105448157,20,False
D1,20181030,038870,에코심플렉스,2018,12.805714285714279,20,False
D1,20200313,039030,이오테크닉스,2020,5.34089552238807,20,False
D1,20200316,039030,이오테크닉스,2020,16.071724137931046,20,False
D1,20200317,039030,이오테크닉스,2020,16.954210526315794,20,False
D1,20200319,039030,이오테크닉스,2020,68.50148148148149,20,False
D1,20200313,039310,세중,2020,22.329523809523813,20,False
D1,20190806,039420,케이엘넷,2019,20.633022113022108,20,False
D1,20200313,039440,에스티아이,2020,1.1996992481203035,20,False
D1,20200319,039440,에스티아이,2020,51.63431646932185,20,False
D1,20200325,039440,에스티아이,2020,34.0657627118644,20,False
D1,20190805,039610,화성밸브,2019,31.518996990972926,20,False
D1,20190806,039610,화성밸브,2019,29.458123752495005,20,False
D1,20200319,039830,오로라,2020,63.405714285714275,20,False
D1,20220623,039860,나노엔텍,2022,35.26418604651162,20,False
D1,20220624,039860,나노엔텍,2022,25.576277056277068,20,False
D1,20220704,039860,나노엔텍,2022,14.001171548117146,20,False
D1,20190806,039980,폴라리스AI,2019,17.366384938914482,20,False
D1,20181029,040160,누리플렉스,2018,8.657457044673547,20,False
D1,20181030,040160,누리플렉스,2018,2.5008917197452276,20,False
D1,20181029,040350,크레오에스지,2018,34.77840179238238,20,False
D1,20181030,040350,크레오에스지,2018,16.84063185041909,20,False
D1,20181031,040350,크레오에스지,2018,3.7423556987987086,20,False
D1,20190805,040350,크레오에스지,2019,15.75966118584952,20,False
D1,20200319,040420,정상제이엘에스,2020,13.848467153284663,20,False
D1,20181029,040910,아이씨디,2018,31.186666666666664,20,False
D1,20181030,040910,아이씨디,2018,21.43021671826625,20,False
D1,20181031,040910,아이씨디,2018,5.604468664850129,20,False
D1,20181029,041460,한국전자인증,2018,39.075555555555546,20,False
D1,20181030,041460,한국전자인증,2018,24.00387096774194,20,False
D1,20181031,041460,한국전자인증,2018,14.561979010494756,20,False
D1,20190805,041460,한국전자인증,2019,20.156363636363633,20,False
D1,20200310,041510,에스엠,2020,-14.938555133079852,20,False
D1,20200312,041510,에스엠,2020,11.941359223300966,20,False
D1,20200313,041510,에스엠,2020,8.169557522123885,20,False
D1,20200320,041510,에스엠,2020,41.826811989100825,20,False
D1,20200323,041510,에스엠,2020,46.71884393063585,20,False
D1,20231113,041510,에스엠,2023,-10.292108559498956,20,False
D1,20200325,041590,플래스크,2020,17.888974583698506,20,False
D1,20200326,041590,플래스크,2020,7.810060851926984,20,False
D1,20200319,041910,폴라리스AI파마,2020,73.22714285714287,20,False
D1,20260729,041920,메디아나,2026,35.792727272727284,20,False
D1,20260730,041920,메디아나,2026,19.059680426098538,20,False
D1,20190729,042110,에스씨디,2019,0.8135779816513735,20,False
D1,20200312,042110,에스씨디,2020,2.804103720405863,20,False
D1,20200313,042110,에스씨디,2020,6.28470588235294,20,False
D1,20200319,042110,에스씨디,2020,57.250158730158724,20,False
D1,20200319,042370,비츠로테크,2020,48.111280653950956,20,False
D1,20181025,042510,라온시큐어,2018,1.52513698630136,20,False
D1,20181030,042510,라온시큐어,2018,16.757606673698337,20,False
D1,20200330,042510,라온시큐어,2020,52.240322617289564,20,False
D1,20200313,043150,바텍,2020,5.362056074766345,20,False
D1,20200319,043150,바텍,2020,33.10571428571428,20,False
D1,20181115,043200,파루,2018,12.38589147286822,20,False
D1,20181219,043220,티에스넥스젠,2018,26.483525835866253,20,False
D1,20190805,043340,에쎈테크,2019,20.857662337662344,20,False
D1,20190806,043340,에쎈테크,2019,14.485346534653468,20,False
D1,20200319,043370,피에이치에이,2020,50.29142857142858,20,False
D1,20190806,043610,KT지니뮤직,2019,23.697304964539004,20,False
D1,20200319,043610,KT지니뮤직,2020,55.85333333333333,20,False
D1,20180816,044340,위닉스,2018,4.423030303030298,20,False
D1,20180817,044340,위닉스,2018,8.5688188976378,20,False
D1,20200325,044480,빌리언스,2020,39.33826831588964,20,False
D1,20200313,045390,대아티아이,2020,17.542891566265066,20,False
D1,20200318,045390,대아티아이,2020,69.82243111831441,20,False
D1,20181030,046070,코다코,2018,30.70181818181818,20,False
D1,20190731,046210,HLB파나진,2019,4.793764258555125,20,False
D1,20260713,046210,HLB파나진,2026,7.551044214487305,20,False
D1,20181030,046310,백금T&A,2018,21.24727272727273,20,False
D1,20181029,047770,코데즈컴바인,2018,12.419613899613893,20,False
D1,20181101,047920,HLB제약,2018,8.050938123752497,20,False
D1,20190729,047920,HLB제약,2019,9.173266331658283,20,False
D1,20200317,048410,현대바이오,2020,14.864167886774041,20,False
D1,20200319,048410,현대바이오,2020,54.579822560202786,20,False
D1,20200324,048410,현대바이오,2020,28.891584699453556,20,False
D1,20190729,048470,대동스틸,2019,7.542556390977442,20,False
D1,20190805,048470,대동스틸,2019,27.106609989373013,20,False
D1,20190806,048470,대동스틸,2019,29.75644251626898,20,False
D1,20190807,048470,대동스틸,2019,21.409114954221767,20,False
D1,20190805,048530,인트론바이오,2019,38.40182807399347,20,False
D1,20190806,048530,인트론바이오,2019,30.454022750775593,20,False
D1,20220621,048530,인트론바이오,2022,-11.15667984189723,20,False
D1,20220620,049070,인탑스,2022,-3.532348993288589,20,False
D1,20220621,049070,인탑스,2022,-5.6468874172185455,20,False
D1,20220622,049070,인탑스,2022,8.143529411764696,20,False
D1,20200312,049080,기가레인,2020,34.883636363636356,20,False
D1,20181011,049120,파인디앤씨,2018,14.47092024539877,20,False
D1,20181030,049470,비트플래닛,2018,5.408068880688802,20,False
D1,20181031,049950,미래컴퍼니,2018,-8.864743436647835,20,False
D1,20181101,049950,미래컴퍼니,2018,1.183766683143853,20,False
D1,20190805,049950,미래컴퍼니,2019,17.694194642251617,20,False
D1,20190806,049950,미래컴퍼니,2019,19.26760935910479,20,False
D1,20181012,050110,캠시스,2018,-5.951989306112534,20,False
D1,20200313,050120,ES큐브,2020,27.38923076923078,20,False
D1,20200316,050120,ES큐브,2020,37.26432989690721,20,False
D1,20200318,050120,ES큐브,2020,34.87525812619502,20,False
D1,20200319,050120,ES큐브,2020,47.11874213836477,20,False
D1,20200324,050120,ES큐브,2020,44.10764478764479,20,False
D1,20181026,050890,쏠리드,2018,18.963072289156617,20,False
D1,20181030,050890,쏠리드,2018,22.616688486715432,20,False
D1,20200313,051360,토비스,2020,10.006264308012483,20,False
D1,20200313,051500,CJ프레시웨이,2020,2.299069767441867,20,False
D1,20200318,051500,CJ프레시웨이,2020,21.97789473684211,20,False
D1,20200319,051500,CJ프레시웨이,2020,50.9386440677966,20,False
D1,20200320,051500,CJ프레시웨이,2020,51.73666666666666,20,False
D1,20200324,051500,CJ프레시웨이,2020,36.4625855513308,20,False
D1,20200325,051500,CJ프레시웨이,2020,23.992413793103445,20,False
D1,20211126,051500,CJ프레시웨이,2021,13.583779527559052,20,False
D1,20190730,052300,오션인더블유,2019,0.3146235758433238,20,False
D1,20200318,052420,오성첨단소재,2020,41.28787838730997,20,False
D1,20200324,052420,오성첨단소재,2020,48.427479224376725,20,False
D1,20181030,052600,한네트,2018,10.788518518518512,20,False
D1,20200316,052790,액토즈소프트,2020,46.57194805194806,20,False
D1,20200317,052790,액토즈소프트,2020,37.544390243902434,20,False
D1,20200319,052790,액토즈소프트,2020,104.8813231552163,20,False
D1,20190805,053030,바이넥스,2019,23.25778110944528,20,False
D1,20190806,053030,바이넥스,2019,17.990243204577965,20,False
D1,20181030,053300,한국정보인증,2018,16.44890262751159,20,False
D1,20240805,053610,프로텍,2024,17.670574712643685,20,False
D1,20200316,053700,삼보모터스,2020,42.964444444444446,20,False
D1,20200319,054040,한국컴퓨터,2020,33.27609756097562,20,False
D1,20200319,054090,삼진엘앤디,2020,62.079322033898315,20,False
D1,20200319,054450,텔레칩스,2020,67.36166666666665,20,False
D1,20181029,054540,삼영엠텍,2018,36.52904977375566,20,False
D1,20181030,054540,삼영엠텍,2018,21.72,20,False
D1,20190806,054780,키이스트,2019,12.197092916283339,20,False
D1,20200319,054920,한컴위드,2020,91.70181818181818,20,False
D1,20181029,054940,엑사이엔씨,2018,20.937355371900814,20,False
D1,20240805,054950,제이브이엠,2024,7.120000000000007,20,False
D1,20240808,054950,제이브이엠,2024,-4.986280193236711,20,False
D1,20200312,057540,옴니시스템,2020,25.565075125208683,20,False
D1,20211007,057880,푸른소나무,2021,-25.40712006717045,20,False
D1,20181107,058470,리노공업,2018,-5.592091226086135,20,False
D1,20181012,058630,엠게임,2018,-6.583969754253312,20,False
D1,20181026,058630,엠게임,2018,0.9200000000000021,20,False
D1,20181030,058630,엠게임,2018,15.522237136465314,20,False
D1,20200319,058820,CMG제약,2020,42.40510638297874,20,False
D1,20240805,059090,미코,2024,9.942317596566532,20,False
D1,20240813,059090,미코,2024,-9.813271202236715,20,False
D1,20200319,059210,메타바이오메드,2020,64.17656565656566,20,False
D1,20200319,060250,NHN KCP,2020,46.26686788154898,20,False
D1,20181023,060280,큐렉소,2018,-5.753504273504269,20,False
D1,20181101,060280,큐렉소,2018,-0.012110091743119167,20,False
D1,20200313,060370,LS마린솔루션,2020,31.352182039821212,20,False
D1,20200316,060370,LS마린솔루션,2020,49.844503311258286,20,False
D1,20200317,060370,LS마린솔루션,2020,38.36803714647532,20,False
D1,20200319,060370,LS마린솔루션,2020,91.18365688487584,20,False
D1,20200320,060370,LS마린솔루션,2020,96.08944444444444,20,False
D1,20200324,060370,LS마린솔루션,2020,82.10499756453969,20,False
D1,20200325,060370,LS마린솔루션,2020,63.93318477251625,20,False
D1,20200402,060370,LS마린솔루션,2020,31.734665681566312,20,False
D1,20200319,060480,국일신동,2020,60.64266009852218,20,False
D1,20200320,060480,국일신동,2020,60.81524940617578,20,False
D1,20181026,060560,HC홈센타,2018,-1.48,20,False
D1,20181030,060560,HC홈센타,2018,21.7613178984862,20,False
D1,20181101,060560,HC홈센타,2018,3.812259083728279,20,False
D1,20190805,060570,드림어스컴퍼니,2019,12.601632653061216,20,False
D1,20190729,060590,씨티씨바이오,2019,-5.451119133574008,20,False
D1,20181031,060720,KH바텍,2018,27.54255639097744,20,False
D1,20181101,060720,KH바텍,2018,24.230014947683102,20,False
D1,20240806,061970,LB세미콘,2024,-6.648849069607163,20,False
D1,20200319,063570,NICE인프라,2020,52.45408521303259,20,False
D1,20181030,064240,홈캐스트,2018,5.24612612612613,20,False
D1,20181031,064240,홈캐스트,2018,2.6104013961605697,20,False
D1,20200316,064240,홈캐스트,2020,34.82952380952381,20,False
D1,20200317,064240,홈캐스트,2020,18.10762886597938,20,False
D1,20200319,064240,홈캐스트,2020,77.60787878787878,20,False
D1,20200320,064240,홈캐스트,2020,78.91259259259257,20,False
D1,20181030,064260,다날,2018,14.336637478108585,20,False
D1,20220705,064290,인텍플러스,2022,1.977142857142847,20,False
D1,20241114,064290,인텍플러스,2024,-7.10248995983936,20,False
D1,20241122,064290,인텍플러스,2024,2.942869471413171,20,False
D1,20241125,064290,인텍플러스,2024,1.6032476875642279,20,False
D1,20190806,064550,바이오니아,2019,15.73311475409837,20,False
D1,20190807,064550,바이오니아,2019,14.942764227642282,20,False
D1,20200319,064760,티씨케이,2020,52.08566077003122,20,False
D1,20181011,065060,지엔코,2018,-12.018671673661737,20,False
D1,20181029,065060,지엔코,2018,55.530554257804205,20,False
D1,20181030,065060,지엔코,2018,44.31524342473419,20,False
D1,20181031,065060,지엔코,2018,25.774541620983385,20,False
D1,20181101,065060,지엔코,2018,20.225324209296506,20,False
D1,20181106,065060,지엔코,2018,27.791212373191414,20,False
D1,20190729,065060,지엔코,2019,1.4989238196161527,20,False
D1,20181030,065420,에스아이리소스,2018,-6.08210930009588,20,False
D1,20211006,065530,와이어블,2021,2.4583561643835607,20,False
D1,20190805,066130,하츠,2019,16.94966194111233,20,False
D1,20190806,066130,하츠,2019,22.049411764705887,20,False
D1,20200313,066130,하츠,2020,11.562980561555072,20,False
D1,20181030,066590,스모트로닉,2018,-0.6026074895977809,20,False
D1,20181211,066590,스모트로닉,2018,21.932499999999994,20,False
D1,20181011,066620,국보디자인,2018,10.629375,20,False
D1,20181012,066620,국보디자인,2018,4.650268199233723,20,False
D1,20181030,066620,국보디자인,2018,20.88842105263157,20,False
D1,20190805,066700,테라젠이텍스,2019,22.687595818815325,20,False
D1,20190806,066700,테라젠이텍스,2019,26.820000000000004,20,False
D1,20190807,067080,대화제약,2019,12.182068965517239,20,False
D1,20240805,067310,하나마이크론,2024,-10.109101283880172,20,False
D1,20200313,067390,아스트,2020,-5.71870967741935,20,False
D1,20200319,067390,아스트,2020,49.432500000000005,20,False
D1,20200320,067390,아스트,2020,72.91310344827586,20,False
D1,20200323,067390,아스트,2020,62.67932203389831,20,False
D1,20200325,067390,아스트,2020,20.106093552465236,20,False
D1,20200326,067390,아스트,2020,15.996574307304783,20,False
D1,20230710,067390,아스트,2023,-38.502900763358774,20,False
D1,20230816,067390,아스트,2023,172.73171171171174,20,False
D1,20230821,067390,아스트,2023,191.75308270676695,20,False
D1,20181029,068760,셀트리온제약,2018,23.0245045045045,20,False
D1,20181101,068760,셀트리온제약,2018,14.851961242281977,20,False
D1,20190805,068760,셀트리온제약,2019,15.095509286324585,20,False
D1,20190806,068760,셀트리온제약,2019,8.54450350589914,20,False
D1,20181029,068790,DMS,2018,24.026493506493498,20,False
D1,20181030,068790,DMS,2018,12.901322957198449,20,False
D1,20220623,071200,인피니트헬스케어,2022,24.286222785880366,20,False
D1,20200316,071850,캐스텍코리아,2020,70.63191335740072,20,False
D1,20210818,072520,제넨바이오,2021,-5.73050505050505,20,False
D1,20200319,073110,엘엠에스,2020,79.81173553719007,20,False
D1,20200326,073110,엘엠에스,2020,36.011157347204154,20,False
D1,20220622,073490,LIG아큐버,2022,4.074128440366978,20,False
D1,20200313,073540,에프알텍,2020,24.67384615384615,20,False
D1,20181029,073560,우리손에프앤지,2018,10.244137931034484,20,False
D1,20260729,074600,원익QnC,2026,26.766300715990457,20,False
D1,20190802,078070,유비쿼스홀딩스,2019,-6.4764726631393295,20,False
D1,20190806,078070,유비쿼스홀딩스,2019,4.129929078014186,20,False
D1,20190729,078140,대봉엘에스,2019,3.4898795180722844,20,False
D1,20190805,078140,대봉엘에스,2019,28.129929078014186,20,False
D1,20190806,078140,대봉엘에스,2019,26.520000000000003,20,False
D1,20190806,078160,메디포스트,2019,19.087341014242956,20,False
D1,20200313,078160,메디포스트,2020,13.898588807785888,20,False
D1,20200317,078160,메디포스트,2020,8.774689687354169,20,False
D1,20200319,078160,메디포스트,2020,17.524379562043794,20,False
D1,20200324,078340,컴투스,2020,30.734267834793485,20,False
D1,20260729,078350,한양디지텍,2026,49.01369241672572,20,False
D1,20200313,078890,가온그룹,2020,18.640670127418595,20,False
D1,20200319,078890,가온그룹,2020,70.99665615141954,20,False
D1,20220622,078890,가온그룹,2022,6.279045460605262,20,False
D1,20240805,079370,제우스,2024,31.2118918918919,20,False
D1,20260729,079370,제우스,2026,58.390516717325234,20,False
D1,20200320,079650,서산,2020,57.08164383561644,20,False
D1,20190826,080420,모다이노칩,2019,9.85004926108374,20,False
D1,20190806,080470,성창오토텍,2019,32.618939929328626,20,False
D1,20181030,082210,옵트론텍,2018,13.894507227332468,20,False
D1,20190806,082210,옵트론텍,2019,14.013617021276605,20,False
D1,20190805,082270,젬백스,2019,18.119999999999994,20,False
D1,20200320,082270,젬백스,2020,30.753595800524938,20,False
D1,20200324,082270,젬백스,2020,12.02,20,False
D1,20200325,082270,젬백스,2020,6.369315068493156,20,False
D1,20190725,082850,우리바이오,2019,-0.8588819875776497,20,False
D1,20200319,082920,비츠로셀,2020,40.64177977191997,20,False
D1,20231027,082920,비츠로셀,2023,-5.482138706885894,20,False
D1,20240805,083310,엘오티베큠,2024,5.387164179104479,20,False
D1,20240806,083310,엘오티베큠,2024,-6.93139146567718,20,False
D1,20260729,083500,에프엔에스테크,2026,20.793550356052908,20,False
D1,20200401,083640,인콘,2020,16.136806416332487,20,False
D1,20200319,083790,CG인바이츠,2020,112.59745919717687,20,False
D1,20200320,083790,CG인바이츠,2020,92.29931583134446,20,False
D1,20180619,084110,휴온스글로벌,2018,11.995555856526934,20,False
D1,20220623,084370,유진테크,2022,2.9503630363036413,20,False
D1,20181030,084730,팅크웨어,2018,21.879073359073367,20,False
D1,20200319,084850,아이티엠반도체,2020,59.86732272069465,20,False
D1,20241118,084850,아이티엠반도체,2024,-5.507777777777775,20,False
D1,20220602,085370,루트로닉,2022,-21.90857142857143,20,False
D1,20200313,085660,차바이오텍,2020,41.123564393584076,20,False
D1,20200319,085660,차바이오텍,2020,58.19487654943062,20,False
D1,20240805,085670,뉴프렉스,2024,17.38923076923077,20,False
D1,20260729,086390,유니테스트,2026,77.89280265339968,20,False
D1,20200319,086450,동국제약,2020,28.103851385943106,20,False
D1,20190806,086820,바이오솔루션,2019,24.950518018018013,20,False
D1,20190806,087010,펩트론,2019,12.142153903484257,20,False
D1,20190805,087260,모바일어플라이언스,2019,25.97391131041355,20,False
D1,20190806,087260,모바일어플라이언스,2019,23.117364568081992,20,False
D1,20190807,087260,모바일어플라이언스,2019,16.142762735199625,20,False
D1,20260729,088130,동아엘텍,2026,32.9180343980344,20,False
D1,20200323,088800,에이스테크,2020,47.3599274047187,20,False
D1,20220623,089010,켐트로닉스,2022,12.603146067415743,20,False
D1,20200318,089030,테크윙,2020,20.145884876653554,20,False
D1,20240802,089030,테크윙,2024,-7.355753920386007,20,False
D1,20181108,089600,KT나스미디어,2018,-9.318029047491756,20,False
D1,20181030,089850,유비벨록스,2018,13.090552147239258,20,False
D1,20260708,089890,코세스,2026,-19.881520912547533,20,False
D1,20200313,089970,브이엠,2020,22.305594639866005,20,False
D1,20200319,089970,브이엠,2020,50.68535433070866,20,False
D1,20211006,089970,브이엠,2021,1.0872131147540962,20,False
D1,20220622,089970,브이엠,2022,6.723780068728517,20,False
D1,20220623,089970,브이엠,2022,10.421369863013688,20,False
D1,20240805,090360,로보스타,2024,18.320000000000007,20,False
D1,20181025,090850,현대이지웰,2018,1.1174025974025983,20,False
D1,20200313,090850,현대이지웰,2020,21.816158612143735,20,False
D1,20181030,091440,한울소재과학,2018,2.036483516483526,20,False
D1,20241115,091580,상신이디피,2024,-0.2863660477453531,20,False
D1,20211006,091990,셀트리온헬스케어,2021,-3.9110160946286583,20,False
D1,20190806,092040,아미코젠,2019,32.93971064671696,20,False
D1,20200319,092730,네오팜,2020,52.59578072126075,20,False
D1,20200313,092870,엑시콘,2020,12.484627855563737,20,False
D1,20200319,092870,엑시콘,2020,53.625590062111804,20,False
D1,20200320,092870,엑시콘,2020,66.01333333333334,20,False
D1,20200319,093320,케이아이엔엑스,2020,64.69161629434954,20,False
D1,20181029,094840,슈프리마에이치큐,2018,22.893119358074223,20,False
D1,20240805,095340,ISC,2024,22.864947735191645,20,False
D1,20190806,095700,제넥신,2019,11.772435588346367,20,False
D1,20200313,096690,에이루트,2020,29.642747674494235,20,False
D1,20200319,096690,에이루트,2020,77.03737668161436,20,False
D1,20200323,098120,마이크로컨텍솔,2020,60.07606407322654,20,False
D1,20190806,099320,쎄트렉아이,2019,30.58100628930818,20,False
D1,20200324,099410,동방선기,2020,126.95478260869565,20,False
D1,20200326,099410,동방선기,2020,78.65392857142858,20,False
D1,20220622,099750,이지케어텍,2022,-4.062176619783261,20,False
D1,20220623,099750,이지케어텍,2022,8.262538593481986,20,False
D1,20200313,100030,인지소프트,2020,5.04173913043479,20,False
D1,20221013,100120,뷰웍스,2022,-1.8036245954692518,20,False
D1,20181030,100130,동국S&C,2018,-5.130793650793649,20,False
D1,20181031,100130,동국S&C,2018,-0.9921951219512191,20,False
D1,20200312,100660,서암기계공업,2020,17.18883116883118,20,False
D1,20200313,100660,서암기계공업,2020,14.48774193548387,20,False
D1,20220622,100790,미래에셋벤처투자,2022,12.06961832061068,20,False
D1,20181029,101330,모베이스,2018,33.55649635036497,20,False
D1,20181030,101330,모베이스,2018,25.761379310344825,20,False
D1,20240805,101490,에스앤에스텍,2024,8.579259259259256,20,False
D1,20260813,101670,하이드로리튬,2026,-27.864839650145775,20,False
D1,20260814,101670,하이드로리튬,2026,9.023282275711157,20,False
D1,20260818,101670,하이드로리튬,2026,-13.038669001751309,20,False
D1,20260819,101670,하이드로리튬,2026,-19.366178861788615,20,False
D1,20211005,102120,어보브반도체,2021,13.957614678899091,20,False
D1,20190529,102940,코오롱생명과학,2019,1.0051485148514865,20,False
D1,20190530,102940,코오롱생명과학,2019,1.2399017199017286,20,False
D1,20190531,102940,코오롱생명과학,2019,1.3633179723502225,20,False
D1,20260723,102940,코오롱생명과학,2026,-21.57327731092437,20,False
D1,20260724,102940,코오롱생명과학,2026,-13.950776255707762,20,False
D1,20260727,102940,코오롱생명과학,2026,-10.223583678296862,20,False
D1,20200312,104460,디와이피엔에프,2020,4.382068965517242,20,False
D1,20181011,104480,티케이케미칼,2018,37.726752411575575,20,False
D1,20200316,104830,원익머트리얼즈,2020,19.3447191011236,20,False
D1,20200324,104830,원익머트리얼즈,2020,10.611442542787291,20,False
D1,20260716,106190,하이텍팜,2026,9.369056603773576,20,False
D1,20181012,106240,파인테크닉스,2018,-13.675121951219513,20,False
D1,20181030,106240,파인테크닉스,2018,14.189014084507049,20,False
D1,20241203,110990,디아이티,2024,21.664036697247706,20,False
D1,20181011,114810,한솔아이원스,2018,-13.46495163024006,20,False
D1,20260728,114810,한솔아이원스,2026,53.201632653061225,20,False
D1,20260729,114810,한솔아이원스,2026,78.84972972972975,20,False
D1,20260730,114810,한솔아이원스,2026,67.12,20,False
D1,20231023,114840,아이패밀리에스씨,2023,4.672884695666694,20,False
D1,20190806,115180,큐리언트,2019,40.33818181818182,20,False
D1,20200313,115440,우리넷,2020,18.35488372093024,20,False
D1,20200319,115440,우리넷,2020,95.61802955665024,20,False
D1,20200319,117670,알파칩스,2020,49.37638003123268,20,False
D1,20200320,117670,알파칩스,2020,42.74837632776936,20,False
D1,20200327,117670,알파칩스,2020,31.64495005947972,20,False
D1,20240805,117730,티로보틱스,2024,12.600025284450059,20,False
D1,20260714,118990,모트렉스,2026,2.001624758220514,20,False
D1,20200312,119500,포메탈,2020,-1.025454545454537,20,False
D1,20200313,119500,포메탈,2020,5.089343065693434,20,False
D1,20200319,119500,포메탈,2020,31.091428571428562,20,False
D1,20200320,119500,포메탈,2020,36.02,20,False
D1,20181029,119850,지엔씨에너지,2018,25.00475120385232,20,False
D1,20241115,121600,나노신소재,2024,5.481137440758302,20,False
D1,20200319,121800,비덴트,2020,62.85937677053825,20,False
D1,20200320,121800,비덴트,2020,45.2835220125786,20,False
D1,20200331,121800,비덴트,2020,44.29543859649122,20,False
D1,20200317,122310,제노레이,2020,22.095862068965523,20,False
D1,20200319,122990,와이솔,2020,41.407234042553185,20,False
D1,20200313,123570,이엠넷,2020,19.94857142857142,20,False
D1,20200316,123840,뉴온,2020,25.962307692307686,20,False
D1,20200319,123840,뉴온,2020,71.79931095991641,20,False
D1,20190805,123860,아나패스,2019,8.012825112107617,20,False
D1,20190806,123860,아나패스,2019,10.7531096196868,20,False
D1,20190807,123860,아나패스,2019,9.09782705099779,20,False
D1,20260729,125210,아모그린텍,2026,31.62344827586207,20,False
D1,20181025,126700,하이비젼시스템,2018,-24.89308016877637,20,False
D1,20181114,126700,하이비젼시스템,2018,-12.437606490872207,20,False
D1,20181116,126700,하이비젼시스템,2018,-17.546666666666663,20,False
D1,20200319,126700,하이비젼시스템,2020,52.06117647058822,20,False
D1,20240805,126700,하이비젼시스템,2024,3.133566986998307,20,False
D1,20181101,127120,제이에스링크,2018,4.444682177980322,20,False
D1,20200317,131090,시큐브,2020,38.2536014073888,20,False
D1,20200318,131090,시큐브,2020,56.18854687080312,20,False
D1,20200319,131090,시큐브,2020,100.15766632548618,20,False
D1,20220622,131290,티에스이,2022,-3.598586789554534,20,False
D1,20220623,131290,티에스이,2022,-0.8379778830963718,20,False
D1,20220701,131290,티에스이,2022,12.14051282051282,20,False
D1,20200317,131760,파인텍,2020,0.6237593984962517,20,False
D1,20241120,131970,두산테스나,2024,16.072789699570816,20,False
D1,20260729,131970,두산테스나,2026,55.137977528089884,20,False
D1,20190806,137940,넥스트아이,2019,4.402352941176472,20,False
D1,20190808,137940,넥스트아이,2019,0.42114068441065156,20,False
D1,20190809,137940,넥스트아이,2019,-7.3840590405904045,20,False
D1,20190812,137940,넥스트아이,2019,-4.091940298507465,20,False
D1,20190819,137940,넥스트아이,2019,-2.966988847583648,20,False
D1,20200312,137940,넥스트아이,2020,27.996584022038565,20,False
D1,20200313,137940,넥스트아이,2020,13.334814814814813,20,False
D1,20200319,137940,넥스트아이,2020,126.55738317757006,20,False
D1,20200406,137940,넥스트아이,2020,65.37979142526072,20,False
D1,20200401,137950,제이씨케미칼,2020,12.998168130489333,20,False
D1,20180703,141080,리가켐바이오,2018,-14.346944560233428,20,False
D1,20241121,141080,리가켐바이오,2024,-1.20090628218332,20,False
D1,20200320,142210,유니트론텍,2020,99.6881056373794,20,False
D1,20200319,143160,아이디스,2020,62.36786324786324,20,False
D1,20200313,143240,사람인,2020,11.348473804100227,20,False
D1,20200319,148250,알엔투테크놀로지,2020,64.92625,20,False
D1,20200313,149980,하이로닉,2020,13.128433734939762,20,False
D1,20240806,151860,KG에코솔루션,2024,-8.20268907563025,20,False
D1,20221028,151910,퓨처코어,2022,8.403333333333343,20,False
D1,20200319,154030,아시아종묘,2020,119.54908277404923,20,False
D1,20181012,154040,다산솔루에타,2018,17.89007874015748,20,False
D1,20200312,155650,와이엠씨,2020,24.99301587301587,20,False
D1,20200313,155650,와이엠씨,2020,26.539354838709677,20,False
D1,20200317,155650,와이엠씨,2020,53.05053016453382,20,False
D1,20200319,155650,와이엠씨,2020,139.53994750656167,20,False
D1,20200320,155650,와이엠씨,2020,114.14890173410406,20,False
D1,20260730,156100,엘앤케이바이오,2026,45.32851063829788,20,False
D1,20260731,156100,엘앤케이바이오,2026,31.088370607028764,20,False
D1,20260722,160190,하이젠알앤엠,2026,18.88060606060607,20,False
D1,20260729,160190,하이젠알앤엠,2026,63.17469710272169,20,False
D1,20260803,160190,하이젠알앤엠,2026,19.09559055118111,20,False
D1,20181030,160550,NEW,2018,4.117297297297288,20,False
D1,20181214,166090,하나머티리얼즈,2018,31.32338983050848,20,False
D1,20190718,168330,내츄럴엔도텍,2019,-24.559383634431462,20,False
D1,20200317,170790,파이오링크,2020,89.47477386934673,20,False
D1,20200319,170790,파이오링크,2020,117.44393320964748,20,False
D1,20200320,170790,파이오링크,2020,92.49993311036789,20,False
D1,20200313,171010,램테크놀러지,2020,31.853333333333328,20,False
D1,20200319,171010,램테크놀러지,2020,90.53331114808653,20,False
D1,20200320,171010,램테크놀러지,2020,83.01111470113086,20,False
D1,20200326,171010,램테크놀러지,2020,15.204607104413352,20,False
D1,20181011,171090,선익시스템,2018,5.113406593406593,20,False
D1,20181024,173940,에프엔씨엔터,2018,7.361463414634143,20,False
D1,20190808,175250,아이큐어,2019,8.893076371973056,20,False
D1,20190806,177350,베셀,2019,36.811855203619906,20,False
D1,20190807,177350,베셀,2019,24.557344398340245,20,False
D1,20200319,179290,엠아이텍,2020,62.273213367609266,20,False
D1,20240805,179290,엠아이텍,2024,23.218625429553267,20,False
D1,20190724,182360,큐브엔터,2019,-9.190505581089955,20,False
D1,20200319,182400,엔케이젠바이오텍코리아,2020,70.87683355886331,20,False
D1,20200324,182400,엔케이젠바이오텍코리아,2020,55.26417102430022,20,False
D1,20181026,184230,SGA솔루션즈,2018,12.550384271671136,20,False
D1,20181029,184230,SGA솔루션즈,2018,43.71015659955257,20,False
D1,20181030,184230,SGA솔루션즈,2018,24.256738703339877,20,False
D1,20211013,185490,아이진,2021,-14.120575469397709,20,False
D1,20211015,185490,아이진,2021,-29.18973343752713,20,False
D1,20211111,185490,아이진,2021,7.829122603137719,20,False
D1,20200312,187420,HLB제넥스,2020,39.914025604551924,20,False
D1,20200313,187420,HLB제넥스,2020,47.961786283891556,20,False
D1,20200320,187420,HLB제넥스,2020,57.654615384615376,20,False
D1,20260729,187870,디바이스,2026,22.51299221357064,20,False
D1,20260730,187870,디바이스,2026,2.3471687321258408,20,False
D1,20200325,189860,서전기전,2020,14.59142857142858,20,False
D1,20190806,191420,테고사이언스,2019,48.095070821529745,20,False
D1,20190807,191420,테고사이언스,2019,44.12386740331491,20,False
D1,20190808,191420,테고사이언스,2019,35.30293963254594,20,False
D1,20181026,192250,케이사인,2018,2.435662650602414,20,False
D1,20181029,192250,케이사인,2018,25.45682955899881,20,False
D1,20181030,192250,케이사인,2018,14.774036598493005,20,False
D1,20221007,196170,알테오젠,2022,10.463427009829909,20,False
D1,20241122,196170,알테오젠,2024,-10.980745344223061,20,False
D1,20190729,196300,HLB펩,2019,-13.83955056179775,20,False
D1,20190802,196300,HLB펩,2019,-3.8191812865497075,20,False
D1,20190805,196300,HLB펩,2019,23.263777452415805,20,False
D1,20190806,196300,HLB펩,2019,24.033196480938415,20,False
D1,20200313,196450,코아시아씨엠,2020,29.684058869093725,20,False
D1,20190805,196490,디에이테크놀로지,2019,45.13820250284414,20,False
D1,20190806,196490,디에이테크놀로지,2019,35.624757135703554,20,False
D1,20200319,200230,텔콘RF제약,2020,56.0552295318408,20,False
D1,20200325,200230,텔콘RF제약,2020,39.5801449609898,20,False
D1,20220706,200230,텔콘RF제약,2022,-7.963345797618368,20,False
D1,20190805,200670,휴메딕스,2019,27.542988505747115,20,False
D1,20190806,200670,휴메딕스,2019,29.733872832369936,20,False
D1,20190807,200670,휴메딕스,2019,18.519999999999996,20,False
D1,20200312,204020,그리티,2020,48.52,20,False
D1,20200313,204020,그리티,2020,57.895,20,False
D1,20200317,204020,그리티,2020,46.26193548387098,20,False
D1,20240816,204270,제이앤티씨,2024,0.08274620146314904,20,False
D1,20181011,205500,넥써쓰,2018,-25.406380368098155,20,False
D1,20181101,206640,바디텍메드,2018,-0.7615899581590002,20,False
D1,20190806,206640,바디텍메드,2019,10.39499999999999,20,False
D1,20220623,206640,바디텍메드,2022,41.38410256410257,20,False
D1,20260729,212710,아이에스티이,2026,33.396271186440686,20,False
D1,20200319,213420,덕산네오룩스,2020,32.70181818181818,20,False
D1,20181011,214270,FSN,2018,43.71230769230769,20,False
D1,20190805,214450,파마리서치,2019,5.382500000000005,20,False
D1,20181030,214680,디알텍,2018,15.875371900826455,20,False
D1,20181031,214680,디알텍,2018,13.154146341463406,20,False
D1,20221013,214870,한울비앤씨,2022,4.676326625028918,20,False
D1,20200324,215100,로보로보,2020,80.23225337487018,20,False
D1,20200325,215100,로보로보,2020,67.27814977973567,20,False
D1,20200326,215100,로보로보,2020,57.546812816188876,20,False
D1,20190806,215360,우리산업,2019,26.597777777777768,20,False
D1,20200320,215480,토박스코리아,2020,86.5329750982962,20,False
D1,20190808,215600,신라젠,2019,-21.292395309882746,20,False
D1,20190812,215600,신라젠,2019,-20.889679473572496,20,False
D1,20190828,215600,신라젠,2019,-14.896441644164414,20,False
D1,20200313,216050,인크로스,2020,9.666839934784702,20,False
D1,20200316,216050,인크로스,2020,26.815831886071553,20,False
D1,20200317,216050,인크로스,2020,21.95440918444709,20,False
D1,20200319,216050,인크로스,2020,81.73899441340781,20,False
D1,20200319,217270,넵튠,2020,72.15636363636362,20,False
D1,20200403,217270,넵튠,2020,19.505010706638117,20,False
D1,20241203,217330,싸이토젠,2024,-3.584208416833664,20,False
D1,20241204,217330,싸이토젠,2024,1.0530396475770956,20,False
D1,20190805,217480,에스디생명공학,2019,19.98684527796383,20,False
D1,20190806,217480,에스디생명공학,2019,19.527412398921832,20,False
D1,20200313,217820,원익피앤이,2020,-1.186007408600417,20,False
D1,20240805,217820,원익피앤이,2024,6.493421926910306,20,False
D1,20260710,218410,RFHIC,2026,4.135384615384622,20,False
D1,20200313,219130,타이거일렉,2020,19.94857142857142,20,False
D1,20200316,219420,링크제니시스,2020,44.37365853658537,20,False
D1,20200324,219550,디와이디,2020,97.18174434702352,20,False
D1,20200325,219550,디와이디,2020,57.34134914751669,20,False
D1,20200327,219550,디와이디,2020,35.49934304097528,20,False
D1,20260821,221800,지구홀딩스,2026,29.723931203931212,20,False
D1,20200318,221840,하이즈항공,2020,10.000362537764342,20,False
D1,20200319,221840,하이즈항공,2020,33.65513513513513,20,False
D1,20200320,221840,하이즈항공,2020,42.258317757009344,20,False
D1,20200326,221840,하이즈항공,2020,20.689811320754707,20,False
D1,20200313,222420,쎄노텍,2020,16.316610169491522,20,False
D1,20200316,222420,쎄노텍,2020,46.54259887005649,20,False
D1,20241125,222800,심텍,2024,-4.059916317991627,20,False
D1,20200401,222980,한국맥널티,2020,27.443476005188074,20,False
D1,20190805,223310,사토시홀딩스,2019,10.129388097233864,20,False
D1,20260723,225190,LK삼양,2026,32.90914027149323,20,False
D1,20181029,225590,패션플랫폼,2018,25.09657657657657,20,False
D1,20181031,225590,패션플랫폼,2018,9.543622047244096,20,False
D1,20190627,226950,올릭스,2019,-11.85480418986506,20,False
D1,20190628,226950,올릭스,2019,-12.068123678906748,20,False
D1,20240805,230240,에치에프알,2024,-9.189750566893425,20,False
D1,20240806,230240,에치에프알,2024,-23.82468937875751,20,False
D1,20211013,230360,에코마케팅,2021,-2.036069364161849,20,False
D1,20220512,230360,에코마케팅,2022,-6.042776025236593,20,False
D1,20260722,232680,라온로보틱스,2026,13.089275028768691,20,False
D1,20260729,232680,라온로보틱스,2026,23.554042553191493,20,False
D1,20200312,234920,자이글,2020,52.09142857142859,20,False
D1,20200313,234920,자이글,2020,62.26269005847953,20,False
D1,20200319,234920,자이글,2020,107.31765395894426,20,False
D1,20200401,234920,자이글,2020,12.905964912280702,20,False
D1,20200403,234920,자이글,2020,19.234285714285708,20,False
D1,20200313,236200,슈프리마,2020,12.177142857142856,20,False
D1,20190729,237690,에스티팜,2019,-2.9505882352941124,20,False
D1,20190806,237690,에스티팜,2019,45.60171206225682,20,False
D1,20200319,237880,클리오,2020,60.50582375478928,20,False
D1,20200318,238090,앤디포스,2020,28.969233498036232,20,False
D1,20200319,238090,앤디포스,2020,78.19876230661042,20,False
D1,20200320,238090,앤디포스,2020,75.22806992760022,20,False
D1,20200324,238090,앤디포스,2020,60.50772887889496,20,False
D1,20190805,241710,코스메카코리아,2019,9.276972111553775,20,False
D1,20190806,241710,코스메카코리아,2019,-1.1241281138789936,20,False
D1,20260729,241770,메카로,2026,22.831183144246364,20,False
D1,20181121,241820,피씨엘,2018,-12.375522388059698,20,False
D1,20220620,241820,피씨엘,2022,33.44325581395349,20,False
D1,20220630,241840,에이스토리,2022,53.511689008042886,20,False
D1,20200319,243070,휴온스,2020,26.785548175032527,20,False
D1,20241115,243840,신흥에스이씨,2024,-4.565299455535396,20,False
D1,20181226,245620,EDGC,2018,52.26050263004091,20,False
D1,20181227,245620,EDGC,2018,53.75340098579299,20,False
D1,20220928,245620,EDGC,2022,20.105418106427102,20,False
D1,20181011,246690,TS인베스트먼트,2018,8.245776965265087,20,False
D1,20260806,247660,나노씨엠에스,2026,32.39755102040817,20,False
D1,20220624,251370,와이엠티,2022,5.416296296296289,20,False
D1,20181220,251630,브이원텍,2018,17.007394957983195,20,False
D1,20241112,252990,샘씨엔에스,2024,-18.513333333333335,20,False
D1,20260729,255440,야스,2026,93.80795811518324,20,False
D1,20260731,255440,야스,2026,29.930810810810808,20,False
D1,20260803,255440,야스,2026,18.72461285008237,20,False
D1,20231023,256840,한국비엔씨,2023,10.995324675324673,20,False
D1,20241114,257720,실리콘투,2024,-1.1793006993006978,20,False
D1,20241115,257720,실리콘투,2024,9.374014598540139,20,False
D1,20181030,259630,엠플러스,2018,10.198349424679268,20,False
D1,20200319,259630,엠플러스,2020,78.6300204879866,20,False
D1,20200320,259630,엠플러스,2020,86.40389261744964,20,False
D1,20200325,259630,엠플러스,2020,25.192282608695663,20,False
D1,20190807,260660,알리코제약,2019,19.391261378413528,20,False
D1,20200313,260660,알리코제약,2020,43.88293210423684,20,False
D1,20200319,260660,알리코제약,2020,61.46984227129338,20,False
D1,20200323,260660,알리코제약,2020,68.16652648938364,20,False
D1,20190805,263050,유틸렉스,2019,17.134537358391714,20,False
D1,20211130,263050,유틸렉스,2021,12.742875706691418,20,False
D1,20220621,263050,유틸렉스,2022,-18.46064516129032,20,False
D1,20240806,263600,덕우전자,2024,8.396543209876542,20,False
D1,20260708,263720,디앤씨미디어,2026,-4.412960893854752,20,False
D1,20260709,263720,디앤씨미디어,2026,8.597519379844957,20,False
D1,20260710,263720,디앤씨미디어,2026,6.292795216741412,20,False
D1,20200319,263770,유에스티,2020,92.94724458204334,20,False
D1,20200320,263770,유에스티,2020,96.39234042553191,20,False
D1,20200319,263810,상신전자,2020,61.583063063063065,20,False
D1,20200320,263860,지니언스,2020,66.21230769230769,20,False
D1,20200320,263920,휴엠앤씨,2020,78.2012749003984,20,False
D1,20200326,263920,휴엠앤씨,2020,-16.133150767834177,20,False
D1,20181030,264450,유비쿼스,2018,15.795619584928481,20,False
D1,20200312,267790,배럴,2020,12.478536585365845,20,False
D1,20200313,267790,배럴,2020,6.05306544202067,20,False
D1,20200319,267790,배럴,2020,71.28376811594204,20,False
D1,20200320,267790,배럴,2020,64.22447504302926,20,False
D1,20240805,272290,이녹스첨단소재,2024,8.074863813229562,20,False
D1,20260729,272290,이녹스첨단소재,2026,25.391693596648718,20,False
D1,20240805,274400,이노시뮬레이션,2024,23.967316103379712,20,False
D1,20190730,275630,에스에스알,2019,-10.1635960303561,20,False
D1,20190805,275630,에스에스알,2019,19.452815102720713,20,False
D1,20200319,278280,천보,2020,56.35703703703704,20,False
D1,20231020,278280,천보,2023,-3.5371428571428583,20,False
D1,20260710,278650,HLB바이오스텝,2026,13.450733709594656,20,False
D1,20221011,285490,노바텍,2022,10.73135734072022,20,False
D1,20220620,287410,제이시스메디칼,2022,16.915275590551186,20,False
D1,20240805,288980,모아데이타,2024,12.762424242424235,20,False
D1,20240806,288980,모아데이타,2024,2.537216642754673,20,False
D1,20260824,290550,디케이티,2026,-4.812748904195371,20,False
D1,20200326,290660,다이나믹솔루션,2020,8.435427238261887,20,False
D1,20260729,290740,액트로,2026,119.83868131868132,20,False
D1,20190805,298380,에이비엘바이오,2019,10.531904761904766,20,False
D1,20260729,298830,슈어소프트테크,2026,40.02,20,False
D1,20260729,299170,더블유에스아이,2026,20.361332027424087,20,False
D1,20190805,299660,셀리드,2019,11.617262573910505,20,False
D1,20200324,299660,셀리드,2020,42.49112339548392,20,False
D1,20211005,299660,셀리드,2021,8.88580642758724,20,False
D1,20200325,300120,라온피플,2020,15.757710151095985,20,False
D1,20231102,302430,이노메트리,2023,-2.317988826815639,20,False
D1,20240805,304100,솔트룩스,2024,9.075555555555562,20,False
D1,20200319,306040,에스제이그룹,2020,54.40423068738029,20,False
D1,20231019,310210,보로노이,2023,13.836129032258075,20,False
D1,20231023,310210,보로노이,2023,12.408235294117645,20,False
D1,20231024,310210,보로노이,2023,9.03830985915494,20,False
D1,20220623,315640,딥노이드,2022,18.032195121951215,20,False
D1,20200316,317830,에스피시스템스,2020,21.76414715719063,20,False
D1,20200319,317830,에스피시스템스,2020,90.99058823529413,20,False
D1,20200401,317830,에스피시스템스,2020,29.479752321981426,20,False
D1,20260729,317830,에스피시스템스,2026,32.87326842837275,20,False
D1,20200313,317850,대모,2020,13.279036144578319,20,False
D1,20260729,322310,오로스테크놀로지,2026,16.755258092738416,20,False
D1,20260730,322310,오로스테크놀로지,2026,10.062603550295849,20,False
D1,20240805,330860,네패스아크,2024,3.391428571428582,20,False
D1,20240806,330860,네패스아크,2024,-12.478701298701296,20,False
D1,20220927,337930,젝시믹스,2022,-18.52946996466431,20,False
D1,20221024,337930,젝시믹스,2022,5.670595882990252,20,False
D1,20221025,337930,젝시믹스,2022,2.004688489968324,20,False
D1,20260710,338840,와이바이오로직스,2026,8.288599033816428,20,False
D1,20220623,347700,스피어,2022,24.987847157502323,20,False
D1,20220629,347700,스피어,2022,3.3496593186372805,20,False
D1,20220624,347860,알체라,2022,8.089648924122308,20,False
D1,20241112,352480,씨앤씨인터내셔널,2024,-13.259957356076754,20,False
D1,20241113,352480,씨앤씨인터내셔널,2024,2.6126829268292715,20,False
D1,20241125,352480,씨앤씨인터내셔널,2024,3.9866666666666637,20,False
D1,20220125,354200,엔젠바이오,2022,-9.42787804614665,20,False
D1,20220127,354200,엔젠바이오,2022,8.99974107911016,20,False
D1,20220128,354200,엔젠바이오,2022,0.22251549398467985,20,False
D1,20260729,357550,석경에이티,2026,17.00013816925733,20,False
D1,20241223,358570,지아이이노베이션,2024,28.9333067955644,20,False
D1,20260729,360070,탑머티리얼,2026,37.111117917304746,20,False
D1,20231019,363250,진시스템,2023,9.486972477064217,20,False
D1,20231020,363250,진시스템,2023,9.289491525423724,20,False
D1,20220624,367000,플래티어,2022,9.960677966101686,20,False
D1,20260729,368770,파이버프로,2026,36.45440860215055,20,False
D1,20260714,370090,퓨런티어,2026,12.076618819776723,20,False
D1,20260729,372170,윤성에프앤씨,2026,88.19052537845057,20,False
D1,20260814,376930,노을,2026,-35.60228796844181,20,False
D1,20220620,376980,원티드랩,2022,-1.5793006993006977,20,False
D1,20240805,377480,마음AI,2024,13.805996055226824,20,False
D1,20240806,378340,필에너지,2024,41.919999999999995,20,False
D1,20240819,378340,필에너지,2024,17.414585332419456,20,False
D1,20240806,382840,원준,2024,16.533100436681227,20,False
D1,20240805,384470,코어라인소프트,2024,11.927017810930133,20,False
D1,20240725,389020,자람테크놀로지,2024,-9.467541713014457,20,False
D1,20240726,389020,자람테크놀로지,2024,6.113478260869557,20,False
D1,20240805,389500,에스비비테크,2024,81.20467037331215,20,False
D1,20240806,389500,에스비비테크,2024,82.23361132966168,20,False
D1,20241118,397030,에이프릴바이오,2024,-2.7795283018867885,20,False
D1,20240805,402030,코난테크놀로지,2024,13.06430977490948,20,False
D1,20240805,408900,스튜디오미르,2024,6.278620689655183,20,False
D1,20240806,408900,스튜디오미르,2024,-14.515381750465547,20,False
D1,20260710,417840,저스템,2026,-10.095384615384615,20,False
D1,20240805,425040,티이엠씨,2024,1.638270165208947,20,False
D1,20240806,425040,티이엠씨,2024,-5.622344045368617,20,False
D1,20240809,425040,티이엠씨,2024,-13.758055307760927,20,False
D1,20240912,425040,티이엠씨,2024,-3.7143189017951403,20,False
D1,20260709,445090,에이직랜드,2026,-15.949767441860459,20,False
D1,20260729,450950,아스테라시스,2026,27.05658536585366,20,False
D1,20260730,450950,아스테라시스,2026,7.500827447023198,20,False
D1,20260729,452450,피아이이,2026,82.81752066115703,20,False
D1,20260728,456070,이엔셀,2026,11.85333333333333,20,False
D1,20260729,457550,우진엔텍,2026,28.65953488372092,20,False
D1,20260709,458350,에스팀,2026,1.490297029702973,20,False
D1,20181011,900250,크리스탈신소재,2018,10.28347242608513,20,False
D1,20200312,900250,크리스탈신소재,2020,33.83372597953581,20,False
D1,20200313,900250,크리스탈신소재,2020,29.874831571182696,20,False
D1,20200319,900250,크리스탈신소재,2020,82.74682130022867,20,False
D1,20181101,900260,로스웰,2018,2.8956670224119443,20,False
D1,20200325,900270,헝셩그룹,2020,59.41965404574284,20,False
D1,20200312,900290,GRT,2020,25.826273062730635,20,False
D1,20200313,900290,GRT,2020,26.230301394511915,20,False
D1,20190805,900300,오가닉티코스메틱,2019,19.16516129032259,20,False
D1,20190808,900300,오가닉티코스메틱,2019,5.991264367816088,20,False
D1,20190808,900310,컬러레이,2019,41.04873563218391,20,False
