ticker,factor,raw,adj
000070,0.6673032786885246,122000.0,81411.0
000100,0.15360730593607305,219000.0,33640.0
000105,0.15822513089005236,191000.0,30221.0
000150,0.7877345132743363,113000.0,89014.0
000155,0.8641961852861035,73400.0,63432.0
000157,0.7856403269754768,73400.0,57666.0
000180,5.0,2620.0,13100.0
000215,0.8590332326283988,33100.0,28434.0
000220,0.5190756302521008,11900.0,6177.0
000225,0.5,6840.0,3420.0
000227,0.505308310991957,18650.0,9424.0
000300,17.424657534246574,730.0,12720.0
000480,0.1,87100.0,8710.0
000500,0.45860566448801743,22950.0,10525.0
000520,0.43739742086752637,8530.0,3731.0
000670,0.09423091247672254,1074000.0,101204.0
000860,0.5001869158878505,37450.0,18732.0
000880,1.2004578313253012,41500.0,49819.0
000890,5.0,976.0,4880.0
001020,13.707317073170731,1230.0,16860.0
001045,0.8829831387808041,77100.0,68078.0
001060,0.8590949227373068,45300.0,38917.0
001070,0.2,74400.0,14880.0
001080,0.09543956043956044,18200.0,1737.0
001130,0.1,166500.0,16650.0
001210,5.0,7150.0,35750.0
001230,0.18990909090909092,11000.0,2089.0
001340,1.1667296786389414,2645.0,3086.0
001380,2.0035,4000.0,8014.0
001390,0.2,24500.0,4900.0
001440,8.64,1125.0,9720.0
001460,0.1,306000.0,30600.0
001470,3.354454022988506,6960.0,23347.0
001510,1.8765217391304347,1150.0,2158.0
001515,1.958988764044944,3560.0,6974.0
001520,2.0,1985.0,3970.0
001525,2.0,9490.0,18980.0
001527,2.0,10300.0,20600.0
001530,0.08202979515828678,53700.0,4405.0
001620,5.0,1065.0,5325.0
001790,0.1,24500.0,2450.0
001795,0.1,14200.0,1420.0
001940,0.2004177897574124,74200.0,14871.0
002070,8.275933075933075,7770.0,64304.0
002200,0.1,15650.0,1565.0
002220,0.1,26450.0,2645.0
002240,0.7416463414634147,32800.0,24326.0
002310,0.2,18200.0,3640.0
002360,10.0,1405.0,14050.0
002420,0.1914441416893733,73400.0,14052.0
002630,4.701851851851852,1080.0,5078.0
002840,0.14682666666666666,225000.0,33036.0
002880,3.509004739336493,1055.0,3702.0
002900,2.798773006134969,1630.0,4562.0
003000,0.6151694915254238,23600.0,14518.0
003030,0.8525571725571726,96200.0,82016.0
003060,5.892682926829268,4100.0,24160.0
003075,0.7692134831460674,17800.0,13692.0
003120,0.2002537313432836,134000.0,26834.0
003200,0.1,110000.0,11000.0
003220,0.8369483568075118,21300.0,17827.0
003280,11.78162450066578,751.0,8848.0
003300,0.11761538461538462,143000.0,16819.0
003350,0.2,48300.0,9660.0
003460,0.2,15900.0,3180.0
003465,0.2,15100.0,3020.0
003490,0.6484194977843427,33850.0,21949.0
003495,0.6444290657439447,14450.0,9312.0
003555,0.7336619718309859,49700.0,36463.0
003610,0.1,20000.0,2000.0
003620,5.0779296875,5120.0,25999.0
003690,0.6183636363636363,11000.0,6802.0
003850,0.15077083333333333,48000.0,7237.0
003920,0.09941606886657102,697000.0,69293.0
003925,0.09887640449438202,222500.0,22000.0
004060,10.0,927.0,9270.0
004090,0.05178238341968912,96500.0,4997.0
004270,7.95,2160.0,17172.0
004380,1.3052073732718894,21700.0,28323.0
004410,10.0,257.0,2570.0
004415,10.0,5190.0,51900.0
004800,0.4558709677419355,139500.0,63594.0
004870,4.416595135908441,3495.0,15436.0
004920,2.1559888579387185,718.0,1548.0
005010,0.18207119741100325,15450.0,2813.0
005070,0.7158576051779936,15450.0,11060.0
005110,3.131964809384164,1705.0,5340.0
005300,0.10023100075244545,1329000.0,133207.0
005305,0.1,567000.0,56700.0
005320,1.7016077170418007,3110.0,5292.0
005440,0.6585953177257525,14950.0,9846.0
005800,0.1,150000.0,15000.0
005810,0.46546666666666664,52500.0,24437.0
005850,0.7971020408163265,24500.0,19529.0
005880,0.09317286652078774,22850.0,2129.0
005930,0.02,2548000.0,50960.0
005935,0.02,2090000.0,41800.0
005950,0.45304918032786884,15250.0,6909.0
006040,0.18186309523809524,336000.0,61106.0
006200,5.0,807.0,4035.0
006380,5.0,7580.0,37900.0
006490,5.0,2250.0,11250.0
006740,4.977586206896552,2900.0,14435.0
006980,10.0,2945.0,29450.0
007070,0.8552853598014888,40300.0,34468.0
007120,3.9741219963031424,541.0,2150.0
007280,2.000943396226415,2120.0,4242.0
007340,0.20028169014084507,31950.0,6399.0
007460,3.007,13000.0,39091.0
007575,1.175625,25600.0,30096.0
007660,0.8648520710059172,4225.0,3654.0
007690,0.7746909667194929,63100.0,48883.0
007700,0.5,41950.0,20975.0
008600,10.341975308641976,1620.0,16754.0
008970,1.686819830713422,827.0,1395.0
009180,0.8482926829268292,2050.0,1739.0
009310,5.0,2670.0,13350.0
009415,0.5,5060.0,2530.0
009460,5.0,1010.0,5050.0
009810,18.65391969407266,523.0,9756.0
009830,1.140632911392405,31600.0,36044.0
010060,0.7946544117647059,136000.0,108073.0
010100,0.2,9900.0,1980.0
010120,0.2,65100.0,13020.0
010140,0.8330150068212824,7330.0,6106.0
010580,7.5,658.0,4935.0
010640,0.8524390243902439,1640.0,1398.0
010660,0.1,21700.0,2170.0
011000,2.679357021996616,5910.0,15835.0
011090,5.0,1870.0,9350.0
011300,9.968354430379748,632.0,6300.0
011330,10.0,1315.0,13150.0
011690,4.917570498915401,4610.0,22670.0
011930,10.0,1915.0,19150.0
012160,5.0,1240.0,6200.0
012170,20.70498614958449,722.0,14949.0
012200,0.5685144124168514,4510.0,2564.0
012280,5.0,1385.0,6925.0
012630,0.7435278858625162,38550.0,28663.0
013000,2.0,1800.0,3600.0
013520,0.6122137404580152,2620.0,1604.0
013700,0.1,10100.0,1010.0
014130,0.1,44400.0,4440.0
014280,0.2,28700.0,5740.0
014285,0.2,36900.0,7380.0
014990,5.0,1045.0,5225.0
015020,2.0,824.0,1648.0
015230,0.07010204081632652,58800.0,4122.0
015260,6.206659012629162,871.0,5406.0
015360,0.2,37900.0,7580.0
015590,3.5691318327974275,622.0,2220.0
016380,3.333288409703504,7420.0,24733.0
016590,0.1,34850.0,3485.0
016740,0.6740066225165563,6040.0,4071.0
017670,0.17253558052434456,267000.0,46067.0
017800,0.6669117647058823,54400.0,36280.0
017810,0.1,172000.0,17200.0
019490,0.7044524669073405,4155.0,2927.0
020560,4.772657111356119,4535.0,21644.0
020760,0.8036363636363636,7700.0,6188.0
021820,1.1508361204013378,14950.0,17205.0
023450,0.3641580756013746,58200.0,21194.0
023960,0.5001367989056088,3655.0,1828.0
024720,0.500343137254902,40800.0,20414.0
024890,5.0,2575.0,12875.0
025560,97.64383561643835,219.0,21384.0
025620,14.032307692307691,14950.0,209783.0
025750,5.0,1420.0,7100.0
027740,9.499227202472952,647.0,6146.0
027970,4.248322147651007,1490.0,6330.0
031430,0.2,74100.0,14820.0
031820,6.564315352697095,1205.0,7910.0
032560,0.8242222222222222,9000.0,7418.0
033250,4.61577350859454,989.0,4565.0
034020,0.7650814332247557,15350.0,11744.0
035420,0.200283908045977,870000.0,174247.0
035510,0.1,82400.0,8240.0
035720,0.2007153284671533,137000.0,27498.0
037710,0.2,229500.0,45900.0
042700,0.5,11850.0,5925.0
044380,10.0,525.0,5250.0
049800,0.5,8600.0,4300.0
051630,0.8393873085339169,2285.0,1918.0
058430,0.1,28500.0,2850.0
064960,0.5509711846318036,46850.0,25813.0
069460,3.8620689655172415,1160.0,4480.0
069640,1.7821848739495798,11900.0,21208.0
071090,0.1,22400.0,2240.0
071950,10.382882882882884,1110.0,11525.0
071970,7.753311617806732,4605.0,35704.0
074610,10.0,6250.0,62500.0
075580,0.675177304964539,2820.0,1904.0
077500,0.5,9660.0,4830.0
079160,0.6337735849056604,74200.0,47026.0
081660,0.2,81600.0,16320.0
082740,0.5468113975576662,3685.0,2015.0
083420,0.8332947976878613,4325.0,3604.0
084010,0.6667370644139388,9470.0,6314.0
084670,0.8344345238095238,33600.0,28037.0
085310,10.0,1260.0,12600.0
086280,0.5001911764705882,136000.0,68026.0
089590,0.7647807637906647,35350.0,27035.0
090370,5.0,3460.0,17300.0
092220,4.651162790697675,1290.0,6000.0
093240,0.809452201933405,4655.0,3768.0
095720,1.5908321579689704,7090.0,11279.0
096760,0.859378733572282,8370.0,7193.0
097230,11.182477341389728,3310.0,37014.0
100840,0.35322981366459627,16100.0,5687.0
101140,25.053007518796992,2660.0,66641.0
104700,0.2,37750.0,7550.0
109070,1.734,3500.0,6069.0
112610,0.47450381679389314,26200.0,12432.0
118000,8.883522727272727,3520.0,31270.0
119650,1.4747390396659708,4790.0,7064.0
123890,0.8286874154262517,7390.0,6124.0
134380,0.1,58800.0,5880.0
145210,86.43781094527363,2010.0,173740.0
181710,0.5216374269005848,68400.0,35680.0
183190,0.1,110000.0,11000.0
185750,0.6878339350180506,138500.0,95265.0
194370,0.5,12800.0,6400.0
204320,0.2,308500.0,61700.0
207940,1.4545148247978437,371000.0,539625.0
210980,0.3856166419019316,33650.0,12976.0
214320,0.5,73200.0,36600.0
214330,9.072560975609756,4920.0,44637.0
214390,0.7338645418326694,12550.0,9210.0
234080,0.5,42100.0,21050.0
241590,0.5,24000.0,12000.0
267250,0.2,381000.0,76200.0
267260,0.4329561403508772,114000.0,49357.0
267270,0.5018224852071006,169000.0,84808.0
267290,0.8007448275862069,36250.0,29027.0
271980,0.714621578099839,62100.0,44378.0
900140,0.5350951374207188,4730.0,2531.0
000250,1.0,15450.0,15450.0
000440,0.2,29300.0,5860.0
001840,1.370509977827051,4510.0,6181.0
002680,4.935828877005347,1870.0,9230.0
003800,0.2,195500.0,39100.0
004590,0.1,35600.0,3560.0
005670,0.8002055498458376,4865.0,3893.0
006050,10.0,1130.0,11300.0
006140,0.6666666666666666,7770.0,5180.0
006730,0.7716030534351145,13100.0,10108.0
007530,0.5966360856269113,3270.0,1951.0
007720,5.314112291350531,3295.0,17510.0
008290,2.0,3315.0,6630.0
008470,0.5,5150.0,2575.0
008830,0.06467889908256881,21800.0,1410.0
009730,151.15185185185186,1080.0,163244.0
009780,0.5,10050.0,5025.0
010240,0.5,7060.0,3530.0
010280,4.06412213740458,1310.0,5324.0
011040,0.5009865470852017,22300.0,11172.0
011080,22.222317596566523,1165.0,25889.0
012340,11.735238095238095,1050.0,12322.0
012790,0.6630327868852459,12200.0,8089.0
012860,0.8516268980477223,2305.0,1963.0
013310,0.6085616438356164,5840.0,3554.0
013720,2.43609022556391,2660.0,6480.0
014100,2.016115702479339,12100.0,24395.0
016250,0.26309318715740015,127700.0,33597.0
016600,12.610278372591006,934.0,11778.0
016670,27.214201183431953,1690.0,45992.0
017650,5.0,1000.0,5000.0
018000,0.8074906367041198,4005.0,3234.0
018620,3.3026262626262626,4950.0,16348.0
018680,1.1591780821917808,10950.0,12693.0
018700,3.005113636363636,3520.0,10578.0
019010,0.1,12000.0,1200.0
019550,2.0,1075.0,2150.0
019570,32.47731397459165,551.0,17895.0
019660,3.0024137931034485,2900.0,8707.0
020180,5.0,1260.0,6300.0
020400,0.100425,40000.0,4017.0
021040,5.0,973.0,4865.0
021045,10.0,1365.0,13650.0
021080,1.0,2490.0,2490.0
021880,15.0,615.0,9225.0
023600,0.8667617689015692,7010.0,6076.0
023760,1.7828200972447326,617.0,1100.0
023770,0.501937984496124,7740.0,3885.0
024740,0.8286307053941909,2410.0,1997.0
024830,1.910898379970545,6790.0,12975.0
024850,5.0,745.0,3725.0
024910,0.6185294117647059,3400.0,2103.0
025320,0.8450450450450451,4995.0,4221.0
025440,24.29673590504451,1685.0,40940.0
025900,0.2848341232227488,31650.0,9015.0
025980,0.2,28750.0,5750.0
027040,4.680672268907563,1190.0,5570.0
027580,4.491803278688525,1830.0,8220.0
028080,5.0032327586206895,4640.0,23215.0
028300,0.3979818887451488,38650.0,15382.0
029480,5.4523809523809526,1050.0,5725.0
030350,4.515005727376861,4365.0,19708.0
031860,131.24909747292418,2770.0,363560.0
031980,0.8475728155339806,25750.0,21825.0
032500,0.4831939163498099,26300.0,12708.0
032540,0.6667391304347826,4600.0,3067.0
032680,1.997150997150997,1755.0,3505.0
032685,2.0,23300.0,46600.0
032750,0.6659707724425887,9580.0,6380.0
032790,2.615468113975577,7370.0,19276.0
032800,37.48167938931298,1310.0,49101.0
032860,51.66034155597723,527.0,27225.0
032960,0.1577859778597786,13550.0,2138.0
033170,5.0,1315.0,6575.0
033230,0.7178903826266805,4835.0,3471.0
033290,0.8515769944341373,5390.0,4590.0
033310,0.7922437673130194,1805.0,1430.0
033340,1.4246153846153846,1950.0,2778.0
033540,4.962837837837838,4440.0,22035.0
033830,5.0,645.0,3225.0
034940,5.0,4635.0,23175.0
035080,5.0,3940.0,19700.0
035290,31.30490405117271,4690.0,146820.0
035620,4.332970027247956,1835.0,7951.0
035890,1.9709803921568627,1275.0,2513.0
036090,2.887179487179487,1560.0,4504.0
036480,0.10008482563619227,106100.0,10619.0
036630,9.843042071197411,618.0,6083.0
036800,0.2,22850.0,4570.0
036830,0.4796592592592593,67500.0,32377.0
037070,0.7015126050420168,5950.0,4174.0
037950,5.4721461187214615,2190.0,11984.0
038070,0.7728205128205128,11700.0,9042.0
038390,0.5,15500.0,7750.0
038530,5.421957671957672,3780.0,20495.0
038620,3.010135135135135,1480.0,4455.0
038880,10.0,3950.0,39500.0
039240,0.2,9960.0,1992.0
039610,0.7505535055350554,5420.0,4068.0
039980,4.1483443708609276,2265.0,9396.0
040350,11.159420289855072,2760.0,30800.0
040610,2.0,2935.0,5870.0
041190,1.0,3355.0,3355.0
041590,3.0037539103232533,4795.0,14403.0
041920,0.5412665985699694,9790.0,5299.0
041960,0.790640522875817,38250.0,30242.0
042040,80.10646153846155,1625.0,130173.0
042500,0.6892715231788079,3775.0,2602.0
042510,5.002393162393163,2925.0,14632.0
042940,31.197665369649805,1285.0,40089.0
043100,26.967692307692307,650.0,17529.0
043200,2.0,3915.0,7830.0
043220,10.0,1185.0,11850.0
043340,2.0,1385.0,2770.0
043590,4.392299898682878,4935.0,21676.0
043710,5.0,4125.0,20625.0
043910,7.355421686746988,1660.0,12210.0
044180,19.629411764705882,170.0,3337.0
044480,4.763758389261745,7450.0,35490.0
045300,0.8617788461538461,4160.0,3585.0
046070,24.587813620071685,2790.0,68600.0
046390,2.502222222222222,1350.0,3378.0
047820,14.303571428571429,1400.0,20025.0
048410,0.47115749525616696,5270.0,2483.0
048530,0.5012080536912752,44700.0,22404.0
049080,10.0,2945.0,29450.0
049120,5.0,3365.0,16825.0
049180,1.2491317671092952,9790.0,12229.0
049470,8.511111111111111,900.0,7660.0
049520,0.6758832565284179,6510.0,4400.0
049630,4.625,1800.0,8325.0
050110,4.898305084745763,2655.0,13005.0
050120,10.0,1030.0,10300.0
050860,0.7777414075286416,3055.0,2376.0
051360,0.6220101781170484,7860.0,4889.0
051380,0.49988304093567254,4275.0,2137.0
051780,44.50934579439252,1070.0,47625.0
051980,3.101610904584882,807.0,2503.0
052020,0.8346620450606586,5770.0,4816.0
052260,0.5,20100.0,10050.0
052300,40.20530973451327,565.0,22716.0
052400,2.0,12350.0,24700.0
052420,63.93424036281179,882.0,56390.0
052460,0.5516181229773462,6180.0,3409.0
052710,0.5956795131845842,49300.0,29367.0
052770,9.230588235294118,5100.0,47076.0
053060,2.050251256281407,995.0,2040.0
053280,0.6901459854014599,5480.0,3782.0
053450,1.289179104477612,13400.0,17275.0
053950,2.619431279620853,10550.0,27635.0
054180,68.40336134453781,1785.0,122100.0
054220,46.21544715447155,1230.0,56845.0
054300,2.0,812.0,1624.0
054450,0.7881702127659574,11750.0,9261.0
054780,5.00929203539823,2260.0,11321.0
054940,5.0,1315.0,6575.0
054950,0.5238675958188154,57400.0,30070.0
056090,0.4,12500.0,5000.0
056730,11.3,2500.0,28250.0
057680,4.681351351351351,7400.0,34642.0
058110,0.48376237623762375,5050.0,2443.0
058400,10.0,1020.0,10200.0
058450,22.22797731568998,2645.0,58793.0
058470,0.20022608695652175,57500.0,11513.0
058820,0.9536858974358975,6240.0,5951.0
059120,0.33650557620817845,13450.0,4526.0
060230,54.63223140495868,1210.0,66105.0
060250,0.5479166666666667,16800.0,9205.0
060260,6.369066666666667,1875.0,11942.0
060380,0.507890499194847,3105.0,1577.0
060560,5.128,1875.0,9615.0
060570,5.0,5580.0,27900.0
060900,114.38367346938776,1470.0,168144.0
061040,5.002474226804123,4850.0,24262.0
061250,3.3333333333333335,6810.0,22700.0
063760,0.5268813559322034,29500.0,15543.0
064090,12.596774193548388,2790.0,35145.0
064520,15.036075949367088,1580.0,23757.0
064800,5.0,3405.0,17025.0
065060,42.04862579281184,2365.0,99445.0
065170,3.2771604938271603,1620.0,5309.0
065420,16.584795321637426,855.0,14180.0
065440,0.8341747572815534,2575.0,2148.0
065500,4.041731066460588,647.0,2615.0
065530,0.1,15000.0,1500.0
065650,18.64595588235294,5440.0,101434.0
065660,1.0,46000.0,46000.0
065770,2.0011080332409974,1805.0,3612.0
066360,1.736144578313253,3320.0,5764.0
066410,4.730434782608696,805.0,3808.0
066430,0.7613259668508288,2715.0,2067.0
066790,4.327086882453152,587.0,2540.0
066910,4.264746227709191,3645.0,15545.0
066980,5.253490870032223,931.0,4891.0
067000,0.2310948905109489,13700.0,3166.0
067010,0.5,4660.0,2330.0
067290,0.7483644859813084,8560.0,6406.0
067310,0.6845149253731343,5360.0,3669.0
067390,9.11937984496124,19350.0,176460.0
067630,0.43894993894993894,8190.0,3595.0
068050,0.5047846889952153,4180.0,2110.0
068330,0.8310344827586207,2320.0,1928.0
068760,0.7708169934640523,61200.0,47174.0
068790,1.4438988095238094,6720.0,9703.0
069330,2.0,3300.0,6600.0
069410,0.6737024221453287,14450.0,9735.0
069540,1.7158964879852125,5410.0,9283.0
069920,7.109581646423751,3705.0,26341.0
070300,0.6652542372881356,5900.0,3925.0
070590,1.2485849056603773,2120.0,2647.0
072020,0.8098542274052478,17150.0,13889.0
072770,2.0,1295.0,2590.0
072870,0.3369620253164557,31600.0,10648.0
072950,0.7744027303754266,5860.0,4538.0
072990,0.31820020222446915,9890.0,3147.0
073570,6.493861066235865,6190.0,40197.0
075130,0.539272030651341,5220.0,2815.0
076610,3.192102454642476,4685.0,14955.0
077360,0.5,7990.0,3995.0
078130,5.371794871794871,780.0,4190.0
078160,0.4436239316239316,117000.0,51904.0
078590,3.111111111111111,2070.0,6440.0
078600,1.0,14500.0,14500.0
078860,11.008695652173913,460.0,5064.0
079190,4.31063829787234,3055.0,13169.0
079370,0.3332937685459941,16850.0,5616.0
079950,2.975058275058275,4290.0,12763.0
080420,0.5,10750.0,5375.0
080530,8.34,1000.0,8340.0
080580,0.5001169590643275,4275.0,2138.0
082660,4.659062103929024,789.0,3676.0
082800,4.750980392156863,1020.0,4846.0
083450,0.5011336032388664,12350.0,6189.0
083470,20.2014440433213,1385.0,27979.0
083550,0.7425324675324675,6160.0,4574.0
083640,5.436708860759493,6320.0,34360.0
083660,7.248612945838837,3785.0,27436.0
083790,0.5048421052631579,23750.0,11990.0
084110,0.8265467625899281,55600.0,45956.0
084180,3.2644444444444445,4500.0,14690.0
084650,0.1671153846153846,10400.0,1738.0
084990,0.5371524800979792,163300.0,87717.0
085660,0.9231111111111111,22500.0,20770.0
085670,0.6666011787819254,5090.0,3393.0
085810,5.881005025125628,4975.0,29258.0
086450,0.200205047318612,63400.0,12693.0
086520,0.12697969543147208,39400.0,5003.0
086900,0.7908084141060012,484900.0,383463.0
086960,0.25022332506203476,20150.0,5042.0
087010,0.4607727272727273,66000.0,30411.0
087260,0.5005393743257821,9270.0,4640.0
088130,0.5,13000.0,6500.0
088290,5.0,1925.0,9625.0
088800,2.7276767676767677,4950.0,13502.0
089030,0.5063260340632604,20550.0,10405.0
089140,1.786171003717472,13450.0,24024.0
089230,10.0,844.0,8440.0
089600,0.7583489932885906,74500.0,56497.0
089850,0.5065968586387435,9550.0,4838.0
089890,0.5,5100.0,2550.0
090150,3.796,2500.0,9490.0
090710,2.5,2460.0,6150.0
090850,0.5,5400.0,2700.0
091970,4.366304347826087,4600.0,20085.0
092040,0.23174869109947643,47750.0,11066.0
092460,0.6666666666666666,6540.0,4360.0
092600,4.420149253731343,6700.0,29615.0
092730,0.512067868504772,47150.0,24144.0
094170,0.4027244582043344,16150.0,6504.0
094360,0.3847560975609756,8200.0,3155.0
094860,3.6212361331220286,631.0,2285.0
094940,0.7872531418312387,5570.0,4385.0
095700,0.7263287671232876,73000.0,53022.0
095910,0.7843454790823212,7410.0,5812.0
096530,0.5025671641791045,33500.0,16836.0
096630,5.0,2160.0,10800.0
097780,8.38728813559322,1180.0,9897.0
097800,3.947136563876652,1135.0,4480.0
097870,0.6852475247524753,10100.0,6921.0
098460,0.2,82500.0,16500.0
098660,0.6765124555160142,2810.0,1901.0
099190,0.5004347826086957,25300.0,12661.0
099320,0.5038655462184874,41650.0,20986.0
099440,0.8443021766965428,3905.0,3297.0
101000,35.761785714285715,2800.0,100133.0
101240,0.779322853688029,8270.0,6445.0
101330,0.8350152905198777,6540.0,5461.0
101400,31.823613086770983,703.0,22372.0
101680,1.473202614379085,2295.0,3381.0
101930,0.2,4505.0,901.0
104040,5.0,1885.0,9425.0
104540,1.1900425531914893,11750.0,13983.0
104830,0.5,69500.0,34750.0
105330,0.8185441941074524,5770.0,4723.0
105550,2.5,4540.0,11350.0
106080,318.18095238095236,525.0,167045.0
106190,0.6671186440677966,11800.0,7872.0
106240,0.42931726907630524,2490.0,1069.0
109610,0.7957142857142857,6300.0,5013.0
109820,0.6667601683029453,3565.0,2377.0
109860,0.7708672086720867,7380.0,5689.0
109960,57.54537037037037,3240.0,186447.0
112040,0.5051587301587301,50400.0,25460.0
113810,4.4907407407407405,1620.0,7275.0
114190,2.0,2490.0,4980.0
114450,0.7499412455934195,4255.0,3191.0
114630,1.3617391304347826,5750.0,7830.0
114810,0.526613545816733,12550.0,6609.0
115160,9.225336322869955,8920.0,82290.0
115180,0.42836065573770493,30500.0,13065.0
115310,0.2,28450.0,5690.0
115450,0.42670454545454545,35200.0,15020.0
115480,4.396428571428571,2800.0,12310.0
115530,1.9060773480662982,3620.0,6900.0
117670,20.441787234042554,11750.0,240191.0
118990,0.3236505460218409,32050.0,10373.0
119610,0.6526898326898327,38850.0,25357.0
121850,7.2214285714285715,4900.0,35385.0
121890,0.5896661367249603,6290.0,3709.0
122450,0.3333333333333333,9720.0,3240.0
122640,0.4009259259259259,54000.0,21650.0
123010,1.256290531776913,3855.0,4843.0
123570,0.5001206272617612,4145.0,2073.0
123750,1.3145427286356821,3335.0,4384.0
123840,94.62296819787986,2830.0,267783.0
131090,3.9367816091954024,1740.0,6850.0
131100,62.13963963963964,1110.0,68975.0
131180,5.0,2490.0,12450.0
131760,3.169158878504673,5350.0,16955.0
131970,0.5031914893617021,14100.0,7095.0
137400,0.5069597069597069,13650.0,6920.0
137940,10.0,3320.0,33200.0
138070,0.5128205128205128,7020.0,3600.0
138080,0.7819827586206897,11600.0,9071.0
139670,0.5189349112426036,3380.0,1754.0
140070,0.5,7490.0,3745.0
140410,0.3337844611528822,39900.0,13318.0
141080,0.5004472049689441,40250.0,20143.0
142210,0.8010086455331412,6940.0,5559.0
142280,0.8221940928270042,11850.0,9743.0
143540,0.7575575575575576,4995.0,3784.0
144960,0.2,26100.0,5220.0
145020,0.3410132237312366,559600.0,190831.0
147760,0.8176406926406926,9240.0,7555.0
147830,0.5,8100.0,4050.0
149980,1.331732776617954,4790.0,6379.0
153490,5.0,1035.0,5175.0
155650,0.5034516129032258,31000.0,15607.0
156100,0.7436051502145923,11650.0,8663.0
159910,98.42398022249691,809.0,79625.0
161580,0.34054131054131054,35100.0,11953.0
166090,0.5,37000.0,18500.0
168330,2.0,23300.0,46600.0
171090,0.6688622754491018,25050.0,16755.0
171120,0.4078082191780822,14600.0,5954.0
174900,0.5,65700.0,32850.0
177350,3.001186943620178,6740.0,20228.0
178320,0.22991379310344828,34800.0,8001.0
178780,2.7454317897371716,3995.0,10968.0
179900,0.33605194805194805,19250.0,6469.0
180400,0.3029301075268817,37200.0,11269.0
182360,2.5074168797953966,1955.0,4902.0
183300,0.20405458089668616,25650.0,5234.0
184230,4.388090349075975,2435.0,10685.0
185490,0.6731794871794872,19500.0,13127.0
187420,0.5,20700.0,10350.0
187790,2.447,1000.0,2447.0
187870,0.4944278606965174,10050.0,4969.0
189690,0.2634234234234234,5550.0,1462.0
189860,0.5,6800.0,3400.0
189980,0.2001150747986191,8690.0,1739.0
190510,0.2506315789473684,19000.0,4762.0
191420,0.5,99900.0,49950.0
192250,10.0,1530.0,15300.0
192410,128.4176388888889,7200.0,924607.0
193250,5.0,3040.0,15200.0
195990,17.127896995708156,1165.0,19954.0
196170,0.21396396396396397,22200.0,4750.0
196450,7.056578947368421,760.0,5363.0
196490,6.012658227848101,11850.0,71250.0
196700,0.5,4540.0,2270.0
200230,22.50496644295302,14900.0,335324.0
200470,0.6781481481481482,2700.0,1831.0
200780,0.7632142857142857,22400.0,17096.0
203650,0.4687323943661972,3550.0,1664.0
204620,2.2778443113772453,1670.0,3804.0
204840,4.7292817679558015,3620.0,17120.0
205100,0.505223880597015,4020.0,2031.0
205470,1.3089622641509433,2120.0,2775.0
206400,5.0,2055.0,10275.0
207760,1.6682027649769586,3255.0,5430.0
208140,0.8693259972489684,3635.0,3160.0
208350,5.003347280334728,2390.0,11958.0
208640,8.169577464788732,1775.0,14501.0
208710,5.0,2430.0,12150.0
208860,0.36058823529411765,18700.0,6743.0
212560,0.6672072072072072,5550.0,3703.0
214270,5.0,1695.0,8475.0
214370,0.16,85700.0,13712.0
215090,6.037593984962406,1995.0,12045.0
215200,0.20007017543859648,57000.0,11404.0
215380,2.5428571428571427,2275.0,5785.0
215480,5.003821656050955,1570.0,7856.0
215600,0.641090909090909,93500.0,59942.0
215790,4.038481012658228,1975.0,7976.0
216050,0.6281481481481481,22950.0,14416.0
217190,0.6667706708268331,3205.0,2137.0
217480,1.199251700680272,14700.0,17629.0
217730,0.65208,12500.0,8151.0
217820,0.48895774647887325,17750.0,8679.0
219550,25.032258064516128,1860.0,46560.0
220100,0.5195108695652174,18400.0,9559.0
222980,0.5004580152671756,13100.0,6556.0
223310,105.46635514018692,1070.0,112849.0
224060,110.52168949771689,876.0,96817.0
225190,0.18016528925619835,18150.0,3270.0
225570,5.0,2385.0,11925.0
225590,5.0,1945.0,9725.0
226340,4.927318295739348,1995.0,9830.0
227950,5.166666666666667,1980.0,10230.0
230240,5.189473684210526,1995.0,10353.0
234300,0.6758407079646017,11300.0,7637.0
238120,0.25012048192771086,12450.0,3114.0
238490,0.5009185803757829,23950.0,11997.0
241520,0.6700743494423792,5380.0,3605.0
241690,0.5056198347107438,12100.0,6118.0
241710,0.5,65000.0,32500.0
241820,5.955043227665706,17350.0,103320.0
243070,0.571875,89600.0,51240.0
243840,0.2,23500.0,4700.0
246690,1.334090909090909,3080.0,4109.0
251370,0.5,40250.0,20125.0
251630,0.5,47450.0,23725.0
252500,2.502155172413793,2320.0,5805.0
256630,5.586666666666667,1950.0,10894.0
256940,0.3333093525179856,13900.0,4633.0
258790,5.050632911392405,1975.0,9975.0
259630,0.504144578313253,20750.0,10461.0
260930,0.5240764331210191,39250.0,20570.0
261200,5.034170854271356,1990.0,10018.0
263600,0.5,17800.0,8900.0
263750,0.2,247600.0,49520.0
263810,0.2852731591448931,21050.0,6005.0
263860,0.5143650793650794,12600.0,6481.0
263920,3.1874592833876223,6140.0,19571.0
264450,0.33365200764818354,26150.0,8725.0
265560,0.5,17800.0,8900.0
270520,3.1321695760598502,2005.0,6280.0
272290,0.45987134502923976,85500.0,39319.0
277410,11.315068493150685,2190.0,24780.0
900070,2.0,1130.0,2260.0
900100,52.99591836734694,2450.0,129840.0
900110,97.85931558935361,526.0,51474.0
900120,37.29284903518729,881.0,32855.0
900250,4.007339449541284,2180.0,8736.0
900260,4.444155844155844,1925.0,8555.0
900270,50.03480278422274,2155.0,107825.0
900290,1.5772113943028485,3335.0,5260.0
900300,500.0,3030.0,1515000.0
900310,5.0,3175.0,15875.0
950160,2.0037451737451737,51800.0,103794.0
