rid,name,buy_date,sell_date,qty,buyp,sellp,pl,ret,stopped
P5,신원,20200224,20200309,10101,1485.0,1545.0,468726.80399999954,3.124848484848486,False
P4,태경비케이,20200302,20200309,2506,3590.0,3460.0,-384741.1679999996,-4.276545961002776,False
P5,현대엘리베이터,20200227,20200312,405,37013.0,34346.0,-1132993.4940000009,-7.558195228703434,False
P5,디와이,20200302,20200316,3260,4600.0,3305.0,-4348836.74,-28.999978260869565,False
P4,S-Oil,20200309,20200316,158,56900.0,56000.0,-175822.40000000037,-1.9557117750439446,False
P4,금호건설,20200311,20200318,1275,7060.0,6001.0,-1417556.2200000007,-15.748000000000006,True
P4,넥센타이어,20200312,20200319,1741,5150.0,4377.5,-1411989.3020000001,-15.748000000000006,True
P4,DB손해보험,20200312,20200319,298,30000.0,25500.0,-1369876.2000000002,-15.322999999999997,True
P6,현대위아,20200312,20200319,441,27100.0,24390.0,-1246738.7520000003,-10.432000000000007,True
P6,효성중공업,20200312,20200319,845,14150.0,12735.0,-1290372.460000001,-10.792000000000012,True
P3,코오롱인더,20200221,20200320,410,36500.0,23450.0,-5396649.6,-36.06180821917808,False
P6,대동,20200313,20200320,3027,3950.0,3555.0,-1290361.6679999996,-10.792000000000002,True
P3,부산산업,20200224,20200323,136,110000.0,70300.0,-5464213.4399999995,-36.525490909090905,False
P3,인디에프,20200224,20200323,1754,8550.0,4830.0,-6599432.016000001,-44.00589473684211,False
P4,PKC,20200316,20200323,3622,2438.0,2072.2999999999997,-1353087.7082800018,-15.32300000000002,True
P6,삼일제약,20200316,20200323,2085,5647.0,5082.3,-1270649.5404000003,-10.792000000000002,True
P4,현대건설,20200318,20200325,382,22962.0,19517.7,-1344054.4933199994,-15.322999999999997,True
P4,동화약품,20200319,20200326,1722,5010.0,5900.0,1443173.7599999998,16.728143712574848,False
P4,DL,20200319,20200326,192,44819.0,54488.0,1816693.5551999994,21.11146076440795,False
P5,디아이,20200313,20200327,6643,2250.0,2325.0,315974.2949999999,2.1139999999999937,False
P6,대동,20200320,20200327,3790,2965.0,3705.0,2681030.84,23.85821247892075,False
P7,DB하이텍,20200102,20200330,424,28300.0,21050.0,-3107915.76,-25.901024734982325,False
P7,한솔케미칼,20200102,20200330,114,104500.0,75800.0,-3313277.76,-27.812287081339715,False
P7,GS,20200102,20200330,240,50000.0,37150.0,-3126796.8000000007,-26.05664000000001,False
P4,삼양홀딩스,20200323,20200330,362,22054.0,26491.0,1521804.2703999989,19.06175387684772,False
P4,한국앤컴퍼니,20200325,20200401,908,8750.0,8600.0,-204917.4400000004,-2.5792000000000037,False
P7,한진칼,20200107,20200402,296,40500.0,72400.0,9360964.48,78.08612345679013,False
P5,동성제약,20200319,20200402,2146,6700.0,10100.0,7192361.919999998,50.02268656716418,False
P4,영풍,20200326,20200402,184,43629.0,43675.0,-62254.56000000052,-0.7754933645052642,False
P4,현대건설,20200326,20200402,318,25297.0,26708.0,416424.0527999997,5.176541091829057,False
P7,고려아연,20200108,20200403,28,428500.0,371000.0,-1649474.4000000004,-13.747911318553097,False
P6,일진디스플,20200327,20200403,5870,1848.0,2034.0,986751.6960000005,9.096363636363636,False
P6,효성중공업,20200327,20200403,968,11200.0,13700.0,2303297.92,21.245000000000005,False
P4,한화,20200330,20200406,432,18247.0,20468.0,917029.5551999994,11.633438921466531,False
P4,삼화콘덴서,20200401,20200408,198,39650.0,47700.0,1558010.5199999996,19.845498108448933,False
D1,포스코엠텍,20200312,20200409,5749,2600.0,3300.0,3743518.84,25.044615384615376,False
D1,옴니시스템,20200312,20200409,12477,1198.0,1522.0,3761496.088799998,25.16480801335559,False
D1,비엠티,20200312,20200409,2599,5750.0,5890.0,137299.97199999914,0.9187478260869408,False
P4,지누스,20200402,20200409,211,39720.0,42559.0,564905.1938000005,6.740372104733128,False
P3,SH에너지화학,20200320,20200420,2701,5200.0,8920.0,9835702.303999998,70.02892307692305,False
P3,삼영무역,20200323,20200421,1262,10550.0,13400.0,3397152.5599999987,25.51545023696682,False
P3,금호건설,20200323,20200421,2913,4570.0,7340.0,7880853.504000001,59.199299781181615,False
P5,크라운해태홀딩스,20200409,20200424,1718,8500.0,8600.0,-2542.640000000596,-0.01741176470588801,False
P5,한국가스공사,20200410,20200427,539,27100.0,26950.0,-150575.04000000097,-1.0308487084870865,False
P4,한창제지,20200421,20200428,852,11025.0,11050.0,-14475.480000000447,-0.15410430839002398,False
D2,리드코프,20200312,20200513,3296,4535.0,5510.0,2999300.6719999984,20.06575523704519,False
D2,원익홀딩스,20200312,20200513,4383,3410.0,4275.0,3570194.5649999976,23.887243401759516,False
D2,이지홀딩스,20200312,20200513,4221,3541.0,5170.0,6683970.384,44.71911889296809,False
P3,미래산업,20200504,20200602,1776,8815.0,8400.0,-793729.9199999999,-5.069994327850258,False
P7,CJ대한통운,20200428,20200724,84,147500.0,152500.0,371322.0,2.996949152542383,False
P7,NICE평가정보,20200513,20200805,590,22100.0,21400.0,-473604.80000000075,-3.632217194570142,False
P7,포스코퓨처엠,20200518,20200810,249,52311.0,88069.0,8820411.1122,67.71680487851503,False
P7,키움증권,20200518,20200810,162,80500.0,118000.0,5983243.199999999,45.88024844720498,False
P7,태영건설,20200520,20200812,833,15666.0,19888.0,3437405.820799999,26.340722583939737,False
P1,LG생활건강,20200624,20200820,29,1338000.0,1500000.0,4532700.0,11.681614349775792,False
P2,태림포장,20200820,20200903,16429,3180.0,4445.0,20140048.236,38.54981132075472,False
P1,셀트리온,20200814,20201016,165,249930.0,212440.5,-6318967.693499997,-15.322999999999997,True
P7,DB하이텍,20200724,20201023,435,29950.0,32450.0,1033860.1500000004,7.935525876460781,False
P7,하이트진로,20200805,20201104,283,46000.0,34800.0,-3207023.92,-24.635304347826082,False
P7,금호석유화학,20200810,20201109,139,97600.0,153000.0,7619785.3999999985,56.16659836065572,False
P7,한온시스템,20200810,20201109,1325,10271.0,11526.0,1604841.5899999999,11.792436958426645,False
P1,LG생활건강,20200909,20201110,29,1511000.0,1529000.0,353504.19999999553,0.8067372600926381,False
P7,쌍용C&E,20200812,20201111,2190,6277.0,6080.0,-482027.7599999998,-3.50651585152143,False
P1,삼성전자,20201012,20201207,724,61000.0,72900.0,8415037.519999996,19.054065573770472,False
P1,LG디스플레이,20201109,20210107,3132,14141.0,18393.0,13098357.871199995,29.574334205501728,False
P1,삼성전기,20201110,20210108,316,140000.0,193000.0,16516245.600000001,37.333285714285715,False
P1,LG생활건강,20201110,20210108,29,1523000.0,1638000.0,3154492.3999999985,7.142193040052525,False
P1,LG전자,20201116,20210114,511,86600.0,147000.0,30578955.39999999,69.10092378752886,False
P7,한솔케미칼,20201023,20210120,97,149500.0,196000.0,4438254.3999999985,30.60548494983277,False
P7,OCI홀딩스,20201105,20210202,272,52844.0,86220.0,8989155.007999998,62.53948224964043,False
P7,키움증권,20201109,20210204,130,113500.0,149500.0,4586712.0,31.08581497797356,False
P7,엘앤에프,20201109,20210204,360,40971.0,83194.0,15086470.608,102.284207854336,False
P7,현대로템,20201111,20210208,919,16050.0,20400.0,3926409.120000001,26.619813084112167,False
P1,KB금융,20201214,20210215,966,46850.0,45300.0,-1663587.240000002,-3.6758591248665984,False
P1,삼성SDI,20201222,20210223,82,547279.0,695113.0,11905790.7892,26.529899849985107,False
P1,삼성바이오로직스,20210108,20210310,40,1223250.0,1039762.5,-7497543.8999999985,-15.322999999999997,True
P1,미래에셋증권,20210115,20210317,5323,9936.0,9528.0,-2364510.667199999,-4.47067632850241,False
P2,JW홀딩스,20210325,20210408,17206,4169.0,4425.0,3506324.7099999934,4.888102662508986,False
P7,CJ대한통운,20210120,20210419,106,167500.0,179000.0,1146898.8000000007,6.4595820895522404,False
P7,NH투자증권,20210202,20210430,1546,11750.0,12850.0,1625108.8200000003,8.946127659574476,False
P7,오뚜기,20210204,20210504,33,568000.0,536000.0,-1176278.4000000022,-6.275492957746486,False
P7,메리츠증권,20210204,20210504,5158,3675.0,4690.0,5143444.123999998,27.134095238095224,False
P7,아모레퍼시픽홀딩스,20210208,20210507,302,63200.0,74000.0,3176677.5999999978,16.643670886075945,False
P1,SK텔레콤,20210315,20210511,1295,44514.0,55125.0,13469974.875,23.366862110796593,False
P1,CJ제일제당,20210316,20210512,135,427000.0,454500.0,3479341.5,6.0358079625292715,False
P1,NC,20210324,20210521,61,932000.0,853000.0,-5016725.3999999985,-8.824184549356218,False
P1,삼성생명,20210330,20210527,732,78300.0,82800.0,3063683.519999996,5.345287356321826,False
P1,기업은행,20210402,20210601,6341,9050.0,10750.0,10520670.149999991,18.333149171270712,False
P1,NAVER,20210408,20210607,151,382000.0,362500.0,-3152502.5,-5.465314136125654,False
P1,삼성증권,20210507,20210705,1313,44900.0,44600.0,-616427.2400000021,-1.0456124721603621,False
P7,삼성화재,20210419,20210714,100,193000.0,218000.0,2417160.0,12.524145077720217,False
P1,SK텔레콤,20210525,20210720,1117,54090.0,55902.0,1786722.370799996,2.9572423738214004,False
P7,SH에너지화학,20210430,20210727,1769,10950.0,11300.0,523199.4399999976,2.70100456621003,False
P7,현대백화점,20210504,20210729,217,90000.0,81200.0,-1976557.5199999996,-10.12062222222222,False
P7,우리금융지주,20210504,20210729,1843,10600.0,11050.0,751962.4299999997,3.849150943396218,False
P7,LX인터내셔널,20210511,20210804,562,35950.0,30100.0,-3351981.5599999987,-16.59076495132127,False
P2,크라운해태홀딩스,20210820,20210903,8635,8920.0,9770.0,6344255.390000001,8.236704035874443,False
P5,웅진씽크빅,20210826,20210909,3598,7136.0,7246.0,218496.46559999883,0.8509977578475381,False
P5,NC,20210907,20210924,41,625000.0,596000.0,-1281856.8000000007,-5.0023680000000015,False
P2,형지엘리트,20210923,20211008,25841,3019.0,3735.0,17845846.28199999,22.87519046041735,False
P7,세아베스틸지주,20210714,20211014,667,30900.0,25550.0,-3633209.030000001,-17.628122977346283,False
P4,삼성제약,20211006,20211014,2945,5285.0,5493.0,502557.18200000003,3.228904446546821,False
P4,부광약품,20211006,20211014,1351,11516.0,12522.0,1294820.556400001,8.32247655435916,False
P4,KCTC,20211006,20211014,2882,5400.0,5910.0,1319932.9439999983,8.481333333333318,False
P6,녹십자,20211006,20211014,79,261000.0,275500.0,1062794.8999999985,5.154444444444439,False
P2,모나리자,20210929,20211015,19168,4060.0,4030.0,-1486555.071999997,-1.9101970443349714,False
P7,롯데지주,20210727,20211027,547,37850.0,33650.0,-2385751.4400000013,-11.52317040951123,False
P7,SK네트웍스,20210729,20211029,3345,6180.0,5090.0,-3727775.039999999,-18.032880258899674,False
D1,한국첨단소재,20211005,20211103,6831,3797.0,3687.0,-1124161.2756000012,-4.334148011588102,False
D1,셀리드,20211005,20211103,483,53706.0,58736.0,2293316.4575999975,8.840850556734804,False
P3,SG글로벌,20211005,20211103,6409,4047.0,4307.0,1340617.9565999992,5.168702742772413,False
D1,브이엠,20211006,20211104,1701,15250.0,15550.0,277535.16000000015,1.0699016393442617,False
P7,KCC글라스,20210805,20211105,291,70400.0,58600.0,-3498599.879999999,-17.077670454545448,False
P4,온타이드,20211104,20211111,3320,4810.0,4590.0,-834023.8399999999,-5.222702702702698,False
P5,아모레퍼시픽,20211029,20211112,144,183500.0,185000.0,114768.0,0.434332425068118,False
P4,온타이드,20211111,20211118,3466,4570.0,4660.0,202109.39199999906,1.2759737417943118,False
P3,녹십자,20211025,20211122,105,253500.0,231500.0,-2402368.5,-9.025522682445764,False
P3,HMM,20211027,20211124,1010,26400.0,25000.0,-1509950.0,-5.662878787878789,False
P2,이아이디,20211110,20211124,23590,3363.0,3025.0,-8315946.799999997,-10.48230746357418,False
P2,휴비스,20211117,20211201,9180,8630.0,8070.0,-6014974.680000007,-7.59242178447278,False
D2,씨티케이,20211006,20211202,3202,8100.0,10400.0,6871748.16,26.494814814814816,False
P5,한샘,20211122,20211206,296,88600.0,90900.0,578555.6799999997,2.206072234762968,False
P4,고려제강,20211129,20211206,946,16359.0,17126.0,583011.4751999993,3.7672913992297774,False
P4,KCC,20211130,20211207,56,276500.0,325000.0,2646840.0,17.094032549728745,False
P4,윌비스,20211130,20211207,985,15720.0,17685.0,1817070.870000001,11.735000000000007,False
P4,KCTC,20211130,20211207,2921,5300.0,5880.0,1611737.6959999986,10.4108679245283,False
P3,대한제강,20211117,20211215,2522,10469.0,10369.0,-430024.2023999989,-1.6287057025503815,False
P2,한진,20211201,20211215,2694,28400.0,29750.0,2931610.799999997,3.8316901408450565,False
P5,동성제약,20211202,20211216,3144,8220.0,8220.0,-304955.42400000244,-1.1800000000000144,False
P3,신풍제약,20211126,20211224,736,35050.0,31200.0,-2920860.16,-11.322567760342373,False
P3,차AI헬스케어,20211129,20211227,1434,17991.0,18455.0,353095.25400000066,1.3686343171585902,False
P4,온타이드,20220118,20220125,3387,4640.0,4350.0,-1111884.3600000013,-7.075000000000009,False
P4,윌비스,20220119,20220126,1070,14685.0,13651.0,-1234917.8159999996,-7.859235955056176,False
P4,일성건설,20220125,20220204,3960,3960.0,4065.0,354629.87999999896,2.2614393939393906,False
P5,HDC랩스,20220119,20220207,2946,8890.0,10200.0,3504679.4399999976,13.381777277840268,False
P4,윌비스,20220126,20220207,1146,13651.0,14272.0,567735.7344000004,3.6290850487143755,False
P4,신원,20220126,20220207,7650,2045.0,2135.0,626435.5499999989,4.004254278728592,False
P4,형지엘리트,20220126,20220207,7471,2094.0,2242.0,958308.1583999991,6.125616045845272,False
P3,크래프톤,20220119,20220221,80,323500.0,273500.0,-4083144.0,-15.777217928902632,False
P3,NHN,20220124,20220224,710,36850.0,33750.0,-2316020.0,-8.852103120759836,False
P3,한솔케미칼,20220125,20220225,111,234000.0,217000.0,-1978530.6000000015,-7.617350427350433,False
D1,CMG제약,20220127,20220302,8577,3040.0,3280.0,1726515.7919999994,6.621578947368412,False
D1,셀리드,20220203,20220304,954,27326.0,23792.0,-3525779.4624000005,-13.524795432921033,False
P2,TYM,20220217,20220304,15757,5022.0,5901.0,13032160.898399994,16.468960573476686,False
P5,셀트리온,20220221,20220308,195,133878.0,143592.0,1787828.327999998,6.848287545377119,False
P7,LX세미콘,20211209,20220311,147,142100.0,121200.0,-3140002.3200000003,-15.032061928219564,False
P7,JB금융지주,20211209,20220311,2478,8460.0,7960.0,-1333679.4239999987,-6.36179669030732,False
P4,NC,20220304,20220314,37,430000.0,444500.0,474003.2999999989,2.9792790697674265,False
P2,일성건설,20220310,20220324,27718,2880.0,5790.0,79568066.90399998,99.67458333333332,False
P2,형지엘리트,20220310,20220324,49185,1623.0,1797.0,7780398.083999991,9.746543438077616,False
D2,제놀루션,20220128,20220401,3668,7108.0,7108.0,-307651.2992000021,-1.1800000000000033,False
P7,SK텔레콤,20220104,20220405,368,56900.0,57700.0,213712.3200000003,1.020632688927936,False
P2,WISCOM,20220509,20220523,27974,3300.0,3420.0,2227961.2559999973,2.413454545454541,False
P2,삼화전기,20220518,20220602,4031,22900.0,23550.0,1499975.4099999964,1.6249344978165992,False
P4,범양건영,20220613,20220620,4569,4065.0,3710.0,-1771163.7120000012,-9.536236162361632,False
P4,일성건설,20220613,20220620,5322,3490.0,3275.0,-1227891.8399999999,-6.610888252148994,False
P4,HS화성,20220614,20220621,940,19750.0,19750.0,-126242.0,-0.6800000000000028,False
P4,까뮤이앤씨,20220614,20220621,9357,1985.0,1845.0,-1461900.2520000003,-7.870831234256926,False
P2,부광약품,20220613,20220627,11265,8244.0,7806.0,-5532025.2119999975,-5.9568267831149875,False
P4,범양건영,20220620,20220627,4982,3710.0,3720.0,-113270.75200000033,-0.6128301886792475,False
P4,유나이티드제약,20220620,20220627,844,21900.0,22800.0,590259.8399999999,3.1934246575342495,False
P2,동화약품,20220614,20220628,9287,10000.0,9820.0,-2474205.3920000046,-2.6641600000000043,False
P4,키다리스튜디오,20220621,20220628,2630,7010.0,7400.0,893358.3999999985,4.8456490727532,False
P5,더존비즈온,20220615,20220629,967,32000.0,36700.0,4374553.280000001,14.137,False
P7,LG이노텍,20220405,20220701,65,373000.0,341000.0,-2164227.0,-8.926487935656835,False
P5,신원,20220617,20220701,18538,1670.0,1575.0,-1959651.9800000004,-6.329940119760479,False
P4,HS화성,20220627,20220704,1007,18150.0,16800.0,-1474489.6799999997,-8.067438016528927,False
P4,DL이앤씨,20220627,20220704,448,40750.0,39200.0,-761134.0800000019,-4.169226993865038,False
P4,대창,20220628,20220705,13121,1390.0,1390.0,-160496.07200000063,-0.880000000000003,False
P4,조일알미늄,20220628,20220705,11363,1605.0,1595.0,-236873.09800000116,-1.298816199376951,False
P6,와이투솔루션,20220630,20220707,5669,4320.0,4010.0,-1866506.9120000005,-7.621481481481485,False
P6,카카오페이,20220630,20220707,402,60900.0,67400.0,2510039.759999998,10.252676518883398,False
P4,SHD,20220704,20220711,672,27050.0,29600.0,1578339.8399999999,8.682883548983366,False
P4,HS화성,20220704,20220711,1082,16800.0,18100.0,1273427.4399999976,7.005476190476179,False
P4,YG PLUS,20220705,20220712,3962,4585.0,5610.0,3909907.623999998,21.523489640130844,False
P3,블루산업개발,20220616,20220714,812,38090.0,34305.0,-3262838.4880000018,-10.549419795221848,False
P3,씨티알모빌리티,20220616,20220714,2447,12650.0,15600.0,6768206.240000002,21.864980237154153,False
P7,DB손해보험,20220419,20220715,371,66200.0,58400.0,-2976132.3200000003,-12.117703927492451,False
P7,GS건설,20220419,20220715,584,42100.0,27700.0,-8471071.84,-34.454299287410926,False
P7,영원무역,20220419,20220715,497,49450.0,37100.0,-6226455.760000002,-25.334843276036413,False
D1,이지케어텍,20220620,20220718,2222,13862.0,12311.0,-3769111.4956,-12.236833068821241,False
P3,진흥기업,20220620,20220718,18229,1690.0,1630.0,-1295790.2360000014,-4.206153846153848,False
D1,현대바이오랜드,20220621,20220719,4956,6200.0,6250.0,-210630.0,-0.6854838709677402,False
P4,DB하이텍,20220712,20220719,454,40450.0,44400.0,1716701.120000001,9.348034610630407,False
P4,KG스틸,20220712,20220719,1501,12250.0,12550.0,378717.30999999866,2.059673469387757,False
P4,제주항공,20220712,20220719,1369,13431.0,13477.0,-62486.088399998844,-0.33983768892859034,False
D1,스피어,20220629,20220727,6135,4990.0,5231.0,1003570.6620000005,3.27818036072145,False
D2,유진기업,20220617,20220812,7653,4045.0,4130.0,277543.6979999989,0.8965636588380788,False
D2,한국알콜,20220627,20220823,3075,9910.0,10700.0,2041000.5,6.69767911200807,False
D2,랩지노믹스,20220628,20220824,10217,2975.0,3495.0,5070022.777999997,16.68013445378149,False
P7,KT,20220531,20220826,650,38000.0,38050.0,-61483.5,-0.24892105263157882,False
P2,진양산업,20220905,20220921,14065,6440.0,7000.0,6714631.0,7.413043478260861,False
P2,서연,20220908,20220926,15022,6030.0,5450.0,-9678824.820000008,-10.685074626865676,False
P4,범양건영,20220926,20221004,5547,3250.0,3275.0,-21189.539999999106,-0.11753846153845782,False
P2,디아이,20220926,20221012,19745,4565.0,4195.0,-8283047.245000005,-9.189507119386642,False
P2,보락,20220929,20221017,65794,1370.0,1385.0,-88361.34200000763,-0.098029197080296,False
P4,YG PLUS,20221011,20221018,4407,4090.0,4200.0,395924.87999999896,2.196577017114909,False
P4,넷마블,20221013,20221020,404,44000.0,44600.0,173930.0799999982,0.9784545454545324,False
P4,우진,20221017,20221024,2091,8500.0,8740.0,414118.3680000007,2.3299764705882353,False
P3,HS화성,20220926,20221026,2442,12300.0,11000.0,-3491571.6000000015,-11.62439024390245,False
P3,영진약품,20220926,20221026,12288,2445.0,2650.0,2134794.2399999984,7.1055214723926285,False
P3,LG디스플레이,20220926,20221026,2664,11275.0,12247.0,2465429.1695999987,8.208083370288243,False
D1,HLB바이오스텝,20220930,20221101,1237,24275.0,28100.0,4564678.439999998,15.201318228630267,False
P4,ESR켄달스퀘어리츠,20221026,20221102,5325,3350.0,3674.0,1553136.3599999994,8.706531343283586,False
P5,기아,20221024,20221107,452,65600.0,67100.0,562749.0399999991,1.897896341463401,False
P7,LS,20220809,20221108,388,61400.0,67600.0,2279701.759999998,9.569250814332243,False
P7,GS,20220809,20221108,574,41550.0,48300.0,3741423.84,15.687509025270764,False
P7,HD현대,20220812,20221111,401,59500.0,61800.0,803347.3599999994,3.3669915966386466,False
P7,포스코인터내셔널,20220825,20221123,880,27450.0,23700.0,-3379252.8000000007,-13.989289617486344,False
P3,다올투자증권,20221026,20221123,9732,3055.0,3330.0,2391113.471999999,8.042422258592463,False
P3,비에이치,20221026,20221123,1259,23600.0,27000.0,4151426.6000000015,13.972033898305082,False
P3,TP,20221027,20221124,24879,1195.0,1700.0,12064822.259999998,40.580753138075295,False
P7,HD현대미포,20220830,20221128,222,108500.0,83800.0,-5554093.68,-23.058470046082945,False
D2,하림지주,20221011,20221206,4694,6400.0,7640.0,5397386.512000002,17.966375,False
P7,한화,20221108,20230203,713,34033.0,33853.0,-244198.50719999894,-1.0063597096935273,False
P7,BGF리테일,20221108,20230203,133,181500.0,190900.0,1128329.4399999976,4.674203856749304,False
P7,제일기획,20221111,20230208,1026,23700.0,20600.0,-3282050.879999999,-13.497383966244724,False
P7,두산밥캣,20221123,20230220,635,38450.0,38300.0,-187667.90000000224,-0.7686345903771263,False
P7,현대해상,20221128,20230223,837,29500.0,33850.0,3533286.6899999976,14.30972881355932,False
P7,기업은행,20230203,20230502,2476,10080.0,10050.0,-168838.44000000134,-0.6764880952381036,False
P7,오리온,20230207,20230504,204,122200.0,144900.0,4518473.52,18.125515548281502,False
P7,삼성중공업,20230208,20230508,4523,5490.0,5430.0,-364707.58200000226,-1.4687431693989117,False
P7,HD건설기계,20230220,20230518,425,58300.0,60600.0,879631.0,3.5501200686106404,False
P7,엘앤에프,20230227,20230525,100,248000.0,253500.0,453670.0,1.8293145161290214,False
P7,두산,20230502,20230728,268,93000.0,87800.0,-1506545.9200000018,-6.044559139784955,False
P7,DB손해보험,20230504,20230801,318,79000.0,74500.0,-1521025.8000000007,-6.054556962025314,False
P7,NH투자증권,20230508,20230802,2672,9400.0,10130.0,1766501.9519999996,7.033148936170219,False
P7,코스모신소재,20230518,20230814,145,173363.0,153014.0,-3034915.7140000015,-12.073195087763832,False
P7,블루산업개발,20230525,20230822,107,233890.0,532050.0,31629859.119999997,126.38683141647782,False
P2,무림페이퍼,20230814,20230829,42241,2220.0,2395.0,6198402.098999992,6.609864864864856,False
P3,화신,20230816,20230913,2368,13200.0,11710.0,-3633691.2640000023,-11.624984848484853,False
P4,유니켐,20231005,20231013,1041,19000.0,18630.0,-517048.04399999976,-2.614126315789478,False
P4,인지컨트롤스,20231005,20231013,2442,8100.0,8210.0,92190.38399999961,0.4660740740740632,False
P4,TYM,20231020,20231027,4067,4860.0,5050.0,591992.5199999996,2.9950617283950542,False
P4,와이투솔루션,20231020,20231027,6082,3250.0,3065.0,-1289213.704,-6.522215384615382,False
P4,엘앤에프,20231020,20231027,135,146200.0,140200.0,-881922.6000000015,-4.468372093023265,False
P7,TCC스틸,20230728,20231030,373,67300.0,55900.0,-4331432.66,-17.254710252600304,False
P4,포스코퓨처엠,20231023,20231030,66,296125.0,251706.25,-2994765.4275,-15.322999999999997,True
P3,SK오션플랜트,20230926,20231031,1834,17970.0,16040.0,-3680823.3280000016,-11.168569838619923,False
P7,DB손해보험,20230801,20231101,335,74700.0,89300.0,4777321.099999998,19.09057563587684,False
P7,HD현대일렉트릭,20230802,20231102,337,74500.0,77600.0,945325.4399999976,3.7652617449664305,False
P2,케이카,20231020,20231103,10526,9390.0,10100.0,6537909.11999999,6.614696485622984,False
P4,엘앤에프,20231027,20231103,140,140000.0,149800.0,1292306.3999999985,6.593399999999994,False
P4,SK아이이테크놀로지,20231027,20231103,328,60000.0,67100.0,2245166.5599999987,11.40836666666667,False
P4,포스코퓨처엠,20231030,20231106,78,247175.0,338775.0,7044387.09,36.53794073025185,False
P4,조선내화,20231030,20231106,1015,19210.0,20850.0,1478367.8000000007,7.582092660072881,False
P3,이수화학,20231010,20231107,2276,14480.0,14340.0,-540577.3120000027,-1.64027624309393,False
P6,HD건설기계,20231031,20231107,580,44500.0,47200.0,1434595.1999999993,5.558292134831455,False
P3,대호에이엘,20231017,20231114,4859,6780.0,5990.0,-4036526.7880000025,-12.252684365781718,False
P3,해성디에스,20231031,20231128,726,44500.0,55800.0,8009348.159999996,24.791370786516854,False
P7,에스엘,20230904,20231204,756,35050.0,30850.0,-3287148.4800000004,-12.405363766048506,False
P7,한올바이오파마,20230904,20231204,1189,22300.0,36100.0,16202170.079999998,61.10636771300448,False
D2,HLB테라퓨틱스,20231019,20231214,12117,2719.0,3407.0,7725513.238799997,23.44892975358586,False
P7,농심,20231106,20240201,57,466000.0,375000.0,-5289600.0,-19.914163090128756,False
P7,한화생명,20231106,20240201,9667,2775.0,3355.0,5451182.631999999,20.320576576576578,False
P1,SK하이닉스,20231204,20240201,636,129700.0,132700.0,1587290.6400000006,1.9242405551272102,False
P1,삼성전자,20231204,20240201,1142,72300.0,73600.0,1165205.4399999976,1.4112309820193625,False
P1,SK텔레콤,20231205,20240202,1645,50200.0,50300.0,-149925.29999999702,-0.1815537848605553,False
P1,삼성물산,20231207,20240206,680,121400.0,147500.0,17366860.0,21.037479406919267,False
P1,메리츠금융지주,20231212,20240213,1414,58400.0,71200.0,17716628.159999996,21.45452054794521,False
P7,한국앤컴퍼니,20231115,20240214,1850,14430.0,17270.0,5036743.3999999985,18.86738738738738,False
P1,기아,20231214,20240215,952,87700.0,113500.0,24151002.39999999,28.926681870011393,False
P7,한국타이어앤테크놀로지,20231204,20240305,569,48350.0,54100.0,3154774.9800000004,11.46725956566701,False
P7,HD현대일렉트릭,20231204,20240305,332,82800.0,129800.0,15440244.32,56.16758454106281,False
P1,삼성전자,20240201,20240402,1133,74000.0,85000.0,12097041.0,14.428378378378381,False
P2,경보제약,20240319,20240402,23130,5070.0,6850.0,39301802.099999994,33.51420118343196,False
P1,KT&G,20240206,20240405,944,91000.0,90800.0,-514517.76000000536,-0.5989450549450659,False
P7,SK바이오팜,20240201,20240502,312,89400.0,88300.0,-447888.48000000045,-1.6057494407158868,False
P7,한미약품,20240205,20240507,88,314500.0,324000.0,727654.3999999985,2.629189189189174,False
P1,SK텔레콤,20240313,20240513,1756,53400.0,52600.0,-1755789.2800000012,-1.8724344569288398,False
P7,LG유플러스,20240214,20240514,2906,10170.0,10010.0,-575498.4279999994,-1.9472763028515194,False
P1,KT,20240321,20240522,2439,38450.0,37050.0,-3757986.8100000024,-4.007256176853058,False
P7,한화에어로스페이스,20240305,20240603,165,188960.0,227160.0,6160570.68,19.759098221845896,False
P7,LIG디펜스앤에어로스페이스,20240305,20240603,202,154100.0,162300.0,1531818.5199999996,4.920999351070732,False
P1,HD한국조선해양,20240412,20240613,854,116900.0,133000.0,13317788.399999991,13.340119760479041,False
P1,기아,20240528,20240724,818,121200.0,118400.0,-2658434.5600000024,-2.6814521452145246,False
P7,DB손해보험,20240502,20240730,353,94300.0,108300.0,4796726.380000003,14.409819724284212,False
P7,금호석유화학,20240507,20240801,234,142300.0,142400.0,-103222.08000000194,-0.30999297259312053,False
P4,SK아이이테크놀로지,20240726,20240802,684,37050.0,36550.0,-462000.9600000009,-1.8230499325236238,False
P1,KB금융,20240611,20240806,1288,77700.0,79500.0,1929295.200000003,1.9277992277992206,False
P7,DL,20240514,20240808,579,57300.0,44200.0,-7758924.240000002,-23.386666666666677,False
P1,HD한국조선해양,20240613,20240808,769,132200.0,205500.0,55767187.900000006,54.85559757942511,False
P4,삼아알미늄,20240802,20240809,529,48100.0,40885.0,-3963806.522,-15.578000000000003,True
P1,삼성전기,20240617,20240812,671,151600.0,145800.0,-4263560.840000004,-4.191319261213722,False
P4,TYM,20240806,20240813,8429,3030.0,3260.0,1751815.9279999994,6.859141914191413,False
P4,엘앤에프,20240809,20240819,294,91300.0,89300.0,-687765.9600000009,-2.5622562979189523,False
P4,SK아이이테크놀로지,20240812,20240820,808,33050.0,31850.0,-1093127.039999999,-4.093434190620271,False
P1,우리금융지주,20240626,20240822,7100,14330.0,16600.0,15669132.0,15.400697836706211,False
P2,KC그린홀딩스,20240808,20240823,134240,1005.0,785.0,-30776265.120000005,-22.812238805970154,False
P7,현대해상,20240607,20240902,1028,32450.0,35200.0,2689494.719999999,8.06237288135594,False
P7,KCC,20240607,20240902,114,291500.0,286500.0,-694111.8000000007,-2.088747855917672,False
D1,피에스케이,20240802,20240902,1570,27050.0,25100.0,-3250653.6000000015,-7.654269870609987,False
P3,두산,20240802,20240902,298,142200.0,144800.0,610828.4799999967,1.4414627285513237,False
P3,이수페타시스,20240802,20240902,1183,35885.0,39095.0,3621682.3369999975,8.53124982583251,False
D1,네패스,20240806,20240904,3934,10820.0,8840.0,-8199683.408,-19.26351201478743,False
D1,SFA반도체,20240806,20240904,10790,3945.0,3595.0,-4117852.4399999976,-9.673916349809886,False
P3,삼화전기,20240808,20240906,946,47500.0,36400.0,-10665885.119999997,-23.736252631578946,False
P4,케이씨텍,20240904,20240911,796,32650.0,31800.0,-798101.4400000013,-3.0708728943338537,False
P6,산일전기,20240905,20240912,1100,31500.0,28350.0,-3583503.0,-10.341999999999995,True
P4,PKC,20240906,20240913,3475,7390.0,8780.0,4622778.599999998,18.001299052774012,False
P4,금양,20240906,20240913,638,40200.0,48500.0,5177816.599999998,20.188308457711422,False
P4,디아이,20240906,20240913,2336,10990.0,14160.0,7246346.752,28.22595086442221,False
P4,파미셀,20240911,20240923,4905,5230.0,5430.0,879790.2300000004,3.4295602294455163,False
P2,DKME,20240912,20241002,61565,2075.0,1990.0,-6678694.329999998,-5.228048192771084,False
P1,KT&G,20240802,20241007,1122,90800.0,103700.0,14031664.679999992,13.773061674008801,False
D2,성우하이텍,20240812,20241016,6120,7280.0,6620.0,-4395726.719999999,-9.866153846153846,False
P1,SK텔레콤,20240820,20241023,1940,55100.0,56700.0,2686007.599999994,2.5127767695099834,False
P3,한솔케미칼,20240920,20241023,373,116400.0,128100.0,4134749.759999998,9.523298969072158,False
P7,하이트진로,20240731,20241101,1638,20750.0,20850.0,-68435.6400000006,-0.20134939759036685,False
P7,한국항공우주,20240801,20241104,601,56500.0,57400.0,409809.8800000027,1.2068672566371674,False
P1,신한지주,20240909,20241112,1831,56100.0,55800.0,-937545.2400000095,-0.9127272727272873,False
P2,광명전기,20241030,20241113,98583,1338.0,1466.0,10913256.3996,8.273632286995515,False
P1,크래프톤,20240912,20241115,315,323500.0,289500.0,-11056531.5,-10.850108191653785,False
P1,삼성생명,20240924,20241122,1062,98200.0,106500.0,8384808.599999994,8.040020366598766,False
P4,삼화전기,20241115,20241122,896,29400.0,31600.0,1778667.5199999996,6.752108843537408,False
P2,롯데손해보험,20241113,20241127,66394,2010.0,2050.0,1049689.1399999857,0.7865671641790861,False
P4,사조산업,20241122,20241129,728,36600.0,36000.0,-562598.4000000022,-2.111475409836072,False
P1,현대글로비스,20241004,20241202,884,117100.0,124100.0,5771123.280000001,5.575081127241677,False
P1,KT,20241007,20241203,2579,40800.0,48650.0,19768370.269999996,18.78708333333332,False
P4,사조산업,20241129,20241206,741,36000.0,34600.0,-1160465.2800000012,-4.3502222222222215,False
P4,금호석유화학,20241202,20241209,286,93700.0,87800.0,-1782821.039999999,-6.652764140875133,False
P4,자화전자,20241202,20241209,2241,11980.0,10740.0,-2942504.712000001,-10.960200333889825,False
P4,애경케미칼,20241202,20241209,3653,7350.0,6530.0,-3205375.9920000024,-11.938285714285723,False
P1,대한항공,20241016,20241211,4684,22350.0,24250.0,8467969.399999991,8.088814317673364,False
D1,나노신소재,20241115,20241213,694,63300.0,67200.0,2389469.759999998,5.439241706161124,False
D1,LS머트리얼즈,20241115,20241213,3603,12190.0,11120.0,-4207785.167999998,-9.580442986054138,False
P4,에코프로머티,20241206,20241213,367,74500.0,80600.0,2126295.2399999984,7.776805369127504,False
P2,KBI동양철관,20241206,20241220,117536,1166.0,1261.0,9861646.51519999,7.195814751286433,False
P3,효성티앤씨,20241127,20241226,222,199700.0,241500.0,9075870.600000001,20.471857786680015,False
P4,케이씨텍,20241220,20241230,1089,25450.0,26050.0,403757.6400000006,1.4568172888015818,False
P1,현대로템,20241105,20250103,1722,61300.0,52105.0,-16174744.277999997,-15.322999999999997,True
P4,포스코퓨처엠,20241227,20250107,205,136575.0,145397.0,1695245.7369999997,6.0549085850265305,False
P3,한전기술,20241206,20250108,876,52100.0,56900.0,4015391.280000001,8.798042226487524,False
D1,상신이디피,20241209,20250109,6924,6540.0,7960.0,9016377.408,19.91119266055046,False
P3,KEC,20241209,20250109,13438,3370.0,4385.0,12944247.566,28.583293768546003,False
P4,애경케미칼,20250102,20250109,4257,6580.0,7300.0,2791570.3200000003,9.965957446808504,False
P1,우리금융지주,20241112,20250110,6594,15990.0,15500.0,-3619446.600000009,-3.432770481550973,False
P1,한국전력,20241122,20250122,4481,23800.0,20230.0,-16341642.394000009,-15.32300000000001,True
P4,포스코퓨처엠,20250203,20250210,218,127270.0,126107.0,-358001.03880000114,-1.2903328357036226,False
P4,SK아이이테크놀로지,20250203,20250210,1257,22150.0,23500.0,1496081.3999999985,5.373363431151246,False
D2,성우하이텍,20241206,20250211,9557,4780.0,5050.0,2155676.920000002,4.7188284518828505,False
P2,동원시스템즈,20250204,20250218,4006,34750.0,37350.0,8650035.620000005,6.213726618705029,False
P1,삼양식품,20250124,20250328,155,718000.0,844000.0,19032884.0,17.102061281337043,False
P7,한전KPS,20250108,20250409,878,42050.0,38200.0,-3541290.080000002,-9.591819262782408,False
P7,한화엔진,20250108,20250409,1713,21550.0,21400.0,-396251.1600000039,-1.0734106728538362,False
P1,대한항공,20250213,20250411,4726,23650.0,20102.5,-17126501.776999995,-15.322999999999997,True
P7,HD현대미포,20250121,20250422,266,141800.0,133600.0,-2316242.8800000027,-6.14081805359662,False
P7,키움증권,20250121,20250422,304,124100.0,126100.0,462329.2800000012,1.2254794520548007,False
P7,제일기획,20250123,20250424,2157,17210.0,18260.0,2075793.2639999986,5.591818710052299,False
P3,케이씨텍,20250417,20250520,2000,23450.0,26850.0,6434840.0,13.720341151385917,False
P7,한화엔진,20250512,20250806,1312,28600.0,37350.0,11293787.839999996,30.098146853146844,False
P7,한화시스템,20250512,20250806,905,41450.0,56800.0,13696414.799999997,36.511845597104944,False
P7,HD현대마린엔진,20250513,20250807,947,39600.0,81800.0,39669034.519999996,105.78070707070708,False
P7,현대엘리베이터,20250515,20250811,507,74000.0,84400.0,5110194.960000001,13.620648648648647,False
P7,한국앤컴퍼니,20250529,20250826,1908,19800.0,23000.0,5807188.799999997,15.371717171717169,False
P7,두산,20250806,20251106,63,612000.0,991000.0,23639754.6,61.31277777777777,False
P7,대한전선,20250806,20251106,2355,16470.0,24500.0,18691399.5,48.19004250151791,False
P7,아모레퍼시픽홀딩스,20250807,20251107,1382,29200.0,26600.0,-3769653.759999998,-9.341369863013693,False
P7,한솔케미칼,20250811,20251111,231,175000.0,223000.0,10892250.600000001,26.944342857142868,False
P7,CJ,20250826,20251125,264,154100.0,174500.0,5210541.6000000015,12.807852044127198,False
P7,현대해상,20251106,20260203,1450,29300.0,28400.0,-1461484.0,-3.4399999999999986,False
P7,KCC,20251106,20260203,102,415000.0,497500.0,8222169.0,19.423975903614465,False
P7,코리안리,20251107,20260204,3781,11200.0,12220.0,3542434.0239999965,8.365214285714284,False
P7,롯데정밀화학,20251111,20260206,956,44750.0,45550.0,468688.5600000024,1.095553072625699,False
P7,에스엘,20251125,20260225,1151,37350.0,72200.0,39713459.44,92.37868808567605,False
P2,인바이오젠,20260401,20260415,19205,8790.0,8000.0,-16984902.0,-10.061433447098977,False
P7,한화투자증권,20260203,20260506,6363,6800.0,9370.0,16126349.022,37.270500000000006,False
P7,효성,20260203,20260506,294,146800.0,258500.0,32475004.799999997,75.24468664850134,False
P7,삼성증권,20260204,20260507,476,91100.0,145200.0,25488962.239999995,58.779626783754104,False
P7,제일기획,20260206,20260511,2077,20900.0,19040.0,-4053041.1840000004,-9.336803827751194,False
P7,KCC,20260225,20260526,65,690000.0,575000.0,-7617025.0,-16.983333333333327,False
P4,영풍,20260708,20260715,982,35750.0,36650.0,567085.3599999994,1.6153286713286752,False
P4,DB하이텍,20260708,20260715,313,111900.0,120800.0,2642020.4799999967,7.5433065236818475,False
P4,SK증권,20260708,20260715,15305,2295.0,2340.0,552632.9399999976,1.5733333333333155,False
P4,티웨이홀딩스,20260708,20260715,29895,1175.0,1175.0,-238861.05000000447,-0.6800000000000139,False
P6,현대약품,20260708,20260715,10407,4500.0,6710.0,22734112.313999996,48.54448888888887,False
P6,삼아알미늄,20260708,20260715,1343,34850.0,34950.0,-91001.6799999997,-0.19443328550932115,False
P6,광전자,20260708,20260715,8972,5220.0,6490.0,11173172.535999998,23.85704980842911,False
P6,한화오션,20260708,20260715,567,82600.0,74340.0,-4843592.964000002,-10.342000000000006,True
P4,두산에너빌리티,20260715,20260723,509,70900.0,73200.0,1029116.5600000024,2.8516784203103107,False
P4,한화오션,20260715,20260723,419,86100.0,89900.0,1449061.2199999988,4.016701509872234,False
P4,한전기술,20260715,20260723,388,92900.0,96100.0,1099910.1599999964,3.0514747039827705,False
P4,엘앤에프,20260715,20260723,383,94200.0,89100.0,-2082976.1400000006,-5.773439490445864,False
P6,디아이씨,20260715,20260723,11488,4190.0,4900.0,7773699.839999996,16.149880668257754,False
P5,신원,20260709,20260724,55387,1057.0,1026.0,-2387556.331600003,-4.078221381267744,False
P6,삼화콘덴서,20260716,20260724,595,80900.0,80700.0,-301462.700000003,-0.626279357231152,False
P6,코리아써키트,20260716,20260724,709,67800.0,61020.0,-4971420.083999999,-10.341999999999995,True
P6,삼성전기,20260716,20260724,39,1206000.0,1326000.0,4483486.799999997,9.532437810945261,False
P6,금호에이치티,20260723,20260730,9819,4940.0,4755.0,-2040623.8559999987,-4.20696356275303,False
P4,가온전선,20260724,20260731,190,190600.0,162010.0,-5549071.2200000025,-15.32300000000001,True
P4,삼성전기,20260724,20260731,25,1399000.0,1189150.0,-5359219.25,-15.322999999999997,True
P4,비에이치,20260724,20260731,2185,16600.0,14110.0,-5588635.68,-15.408,True
P4,대덕전자,20260724,20260731,322,112400.0,95540.0,-5545822.743999999,-15.322999999999997,True
P6,삼화콘덴서,20260724,20260731,587,82300.0,74070.0,-4996230.542000003,-10.342000000000006,True
P6,코리아써키트,20260724,20260731,835,57900.0,52110.0,-4999995.030000001,-10.342000000000006,True
P6,성문전자,20260724,20260731,25871,1870.0,1683.0,-5133955.072400004,-10.61200000000001,True
P7,신세계,20260506,20260803,111,414000.0,405500.0,-1114539.8999999985,-2.4253381642512006,False
P7,금호석유화학,20260506,20260803,326,141800.0,113000.0,-9528784.399999999,-20.613117066290542,False
P7,대한항공,20260507,20260804,1819,26000.0,26100.0,1491.5799999982119,0.0031538461538360707,False
P7,케이씨텍,20260511,20260806,654,72000.0,62500.0,-6409200.0,-13.611111111111107,False
P3,롯데에너지머티리얼즈,20260708,20260806,1815,32250.0,31250.0,-2030531.25,-3.4689922480620194,False
P5,풍산홀딩스,20260723,20260806,1799,33700.0,37400.0,6064213.119999997,10.00261127596438,False
P6,두산,20260730,20260806,45,1070000.0,1188000.0,5106852.0,10.606130841121498,False
P3,포스코퓨처엠,20260709,20260807,395,148200.0,155800.0,2768144.1999999955,4.728717948717942,False
P4,가온전선,20260731,20260807,266,131700.0,147700.0,4106704.839999996,11.722657555049354,False
P4,DB하이텍,20260731,20260807,437,80300.0,84100.0,1520943.539999999,4.33427148194272,False
P4,남광토건,20260731,20260807,4910,7150.0,7500.0,1468090.0,4.181818181818175,False
P4,PKC,20260731,20260807,7854,4470.0,5180.0,5218323.263999999,14.86389261744967,False
P6,삼화콘덴서,20260731,20260807,653,71600.0,77200.0,3465235.920000002,7.411508379888265,False
P6,코리아써키트,20260731,20260807,1033,45300.0,55700.0,10524555.219999999,22.490816777041942,False
P6,LG이노텍,20260731,20260807,93,498000.0,552000.0,4826923.1999999955,10.422168674698785,False
D1,HLB파나진,20260713,20260811,55075,1063.0,1159.0,4342487.509999998,7.417384760112888,False
P3,삼성SDI,20260713,20260811,128,454000.0,459500.0,480499.19999999553,0.8268502202643191,False
D1,모트렉스,20260714,20260812,11323,5170.0,5350.0,1141584.8599999994,1.9500967117988433,False
D1,퓨런티어,20260714,20260812,9337,6270.0,7120.0,6952554.287999995,11.875980861244017,False
P6,케이씨텍,20260806,20260813,742,62600.0,71900.0,6697870.759999998,14.419776357827473,False
P4,두산퓨얼셀,20260807,20260814,1170,30650.0,37850.0,8255718.8999999985,23.021761827079935,False
P4,엠앤씨솔루션,20260807,20260814,2150,16690.0,17820.0,2092345.6000000015,5.8309406830437505,False
P7,현대해상,20260526,20260821,1272,36800.0,49750.0,16231928.399999999,34.676494565217396,False
P4,삼성증권,20260819,20260826,424,86700.0,88500.0,620608.799999997,1.6882352941176348,False
