t,nm,d,y,buy,sell20,hi,lo,c,r,ym
000020,동화약품,20200316,2020,5250,7490,7860,4800,0.8799999999999999,41.78666666666667,202003
000070,삼양홀딩스,20181107,2018,51048,57921,60324,48980,0.8799999999999999,12.583798777621073,201811
000150,두산,20240802,2024,142200,144800,157900,122000,0.38,1.4484106891701902,202408
000150,두산,20240805,2024,131300,150000,157900,128000,0.38,13.862193450114237,202408
000150,두산,20260714,2026,1318000,1254000,1389000,889000,0.38,-5.235842185128978,202607
000180,성창기업지주,20181026,2018,10000,10525,11100,9000,1.18,4.069999999999999,201810
000180,성창기업지주,20181029,2018,9000,10625,11100,9000,1.18,16.875555555555557,201810
000210,DL,20240806,2024,44600,44200,49300,43000,0.48,-1.3768609865470878,202408
000210,DL,20240807,2024,44450,43150,49300,42250,0.48,-3.404634420697414,202408
000270,기아,20181025,2018,27100,27500,30050,26950,0.38,1.0960147601476038,201810
000640,동아쏘시오홀딩스,20190805,2019,71230,83213,84723,70382,0.8799999999999999,15.942967850624736,201908
000640,동아쏘시오홀딩스,20220127,2022,88119,96232,99064,86892,0.8799999999999999,8.326867985338009,202201
000860,강남제비스코,20210824,2021,12755,13330,14456,12454,1.18,3.3280360642885123,202108
000860,강남제비스코,20210825,2021,12504,13455,14456,12479,1.18,6.42556621880999,202108
001020,페이퍼코리아,20181005,2018,12050,12430,13845,9240,1.18,1.973526970954368,201810
001060,JW중외제약,20231019,2023,29227,29277,29619,24078,0.48,-0.3089253087898176,202310
001060,JW중외제약,20231020,2023,24372,28345,29521,24078,0.48,15.821493517150824,202310
001060,JW중외제약,20231023,2023,26531,29620,30404,24078,0.48,11.1629836794693,202310
001200,유진투자증권,20241114,2024,3100,2655,3355,2320,0.6799999999999999,-15.03483870967742,202411
001200,유진투자증권,20241128,2024,2765,2475,2820,2320,0.6799999999999999,-11.168245931283902,202411
001200,유진투자증권,20241129,2024,2700,2435,2820,2320,0.6799999999999999,-10.49481481481481,202411
001360,삼성제약,20190729,2019,1734,2439,2953,1485,1.18,39.47743944636677,201907
001360,삼성제약,20190805,2019,1485,2696,2985,1485,1.18,80.36882154882154,201908
001360,삼성제약,20190806,2019,1621,2633,2985,1598,1.18,61.25059839605183,201908
001380,SG글로벌,20210820,2021,4748,4928,5690,4748,1.18,2.611069924178592,202108
001380,SG글로벌,20211005,2021,4047,4307,4898,3957,1.18,5.24451198418581,202110
001380,SG글로벌,20211012,2021,4317,4057,4898,4017,1.18,-7.202700949733606,202110
001380,SG글로벌,20211130,2021,3155,3616,3907,3125,1.18,13.431727416798726,202111
001750,한양증권,20200303,2020,6990,5330,7060,4380,1.18,-24.928211731044343,202003
001750,한양증권,20200304,2020,7000,5360,7060,4380,1.18,-24.60857142857143,202003
001820,삼화콘덴서,20180814,2018,71300,82000,91900,70400,0.38,14.627012622720905,201808
001820,삼화콘덴서,20200313,2020,47200,47350,49000,33000,0.38,-0.06220338983051488,202003
001820,삼화콘덴서,20200316,2020,37300,45400,49000,33000,0.38,21.335817694369968,202003
001820,삼화콘덴서,20200319,2020,35350,49550,51900,34600,0.38,39.78973125884018,202003
001820,삼화콘덴서,20241113,2024,28200,26350,29200,23150,0.8799999999999999,-7.440283687943258,202411
001820,삼화콘덴서,20241115,2024,26850,27200,28200,23150,0.8799999999999999,0.4235381750465592,202411
001820,삼화콘덴서,20241120,2024,26600,27600,28200,23150,0.8799999999999999,2.879398496240607,202411
002020,코오롱,20180703,2018,38050,40950,43300,38050,0.8799999999999999,6.741550591327209,201807
002020,코오롱,20260722,2026,24300,25250,29950,20200,0.6799999999999999,3.229465020576142,202607
002020,코오롱,20260723,2026,27000,24100,29950,20200,0.6799999999999999,-11.42074074074074,202607
002210,동성제약,20200319,2020,6700,11350,11900,6700,0.48,68.92298507462685,202003
002210,동성제약,20200324,2020,9510,11150,11900,9100,0.48,16.765005257623557,202003
002210,동성제약,20200325,2020,9660,11200,11900,9100,0.48,15.46202898550725,202003
002360,SH에너지화학,20181030,2018,9320,10400,10550,9260,0.8799999999999999,10.707982832618015,201810
002360,SH에너지화학,20190801,2019,10100,10500,10850,8810,0.8799999999999999,3.080396039603964,201908
002360,SH에너지화학,20200319,2020,5080,8930,9920,5070,0.8799999999999999,74.90740157480315,202003
002460,HS화성,20220927,2022,12300,11150,12650,10750,1.18,-10.52959349593496,202209
002780,진흥기업,20220704,2022,1645,1740,1775,1565,0.6799999999999999,5.095075987841949,202207
002790,아모레퍼시픽홀딩스,20181119,2018,60660,66447,68841,57966,0.38,9.160059347181006,201811
002790,아모레퍼시픽홀딩스,20240807,2024,24050,25100,25850,23750,0.48,3.8859043659043606,202408
002810,삼영무역,20200320,2020,10500,12900,13350,10200,1.18,21.677142857142865,202003
002990,금호건설,20200313,2020,6110,7390,7400,4110,0.8799999999999999,20.069263502454984,202003
002990,금호건설,20200319,2020,4320,7430,7620,4190,0.8799999999999999,71.11074074074075,202003
002990,금호건설,20200320,2020,4230,7450,7740,4190,0.8799999999999999,75.24293144208038,202003
003060,에이프로젠바이오로직스,20231005,2023,2703,2532,2944,2373,0.8799999999999999,-7.2063041065482745,202310
003070,코오롱글로벌,20180703,2018,8109,7975,8396,7458,1.18,-2.832484893328399,201807
003160,디아이,20220926,2022,4565,4520,4795,4000,1.18,-2.1657612267250794,202209
003160,디아이,20220927,2022,4540,4550,4775,4000,1.18,-0.9597356828193926,202209
003220,대원제약,20181029,2018,12274,14642,15342,12274,1.18,18.112814078539998,201810
003230,삼양식품,20181011,2018,61600,60700,67700,58400,0.6799999999999999,-2.141038961038963,201810
003230,삼양식품,20190103,2019,47200,68700,69600,47200,0.8799999999999999,44.67084745762712,201901
003240,태광산업,20190807,2019,1068000,1104000,1140000,986000,1.18,2.190786516853941,201908
003280,흥아해운,20181011,2018,4864,4772,6270,4235,1.18,-3.071447368421051,201810
003470,유안타증권,20200317,2020,1800,2365,2410,1340,1.18,30.20888888888889,202003
003470,유안타증권,20200319,2020,1360,2395,2455,1340,0.8799999999999999,75.22294117647058,202003
003470,유안타증권,20200320,2020,1395,2385,2455,1375,0.8799999999999999,70.08774193548388,202003
003470,유안타증권,20200325,2020,1950,2360,2455,1850,0.8799999999999999,20.14564102564102,202003
003520,영진약품,20200313,2020,4100,4940,5210,3530,0.6799999999999999,19.807804878048778,202003
003520,영진약품,20200318,2020,4320,4915,5210,3695,0.48,13.29314814814814,202003
003520,영진약품,20200324,2020,4400,5190,5410,4220,0.48,17.474545454545446,202003
003520,영진약품,20220919,2022,2735,2580,2850,2390,1.18,-6.847276051188297,202209
003530,한화투자증권,20200317,2020,1325,1565,1625,964,0.8799999999999999,17.23320754716981,202003
003530,한화투자증권,20200318,2020,1225,1535,1625,964,0.8799999999999999,24.426122448979587,202003
003530,한화투자증권,20200319,2020,1060,1610,1625,964,0.8799999999999999,51.00679245283018,202003
003530,한화투자증권,20200320,2020,1045,1590,1635,1000,0.8799999999999999,51.273110047846885,202003
003580,HLB글로벌,20260710,2026,1151,1554,1729,1000,1.18,33.83303214596003,202607
003580,HLB글로벌,20260713,2026,1090,1621,1729,1000,1.18,47.535596330275226,202607
003670,포스코퓨처엠,20260709,2026,148200,155800,168800,114700,0.38,4.748205128205132,202607
003720,삼영,20241209,2024,3200,3850,3970,3190,1.18,19.1325,202412
004000,롯데정밀화학,20181029,2018,37700,41800,43800,37700,0.48,10.395331564986744,201810
004060,SG세계물산,20200316,2020,4220,6940,7340,3100,0.8799999999999999,63.574976303317534,202003
004060,SG세계물산,20200317,2020,4350,6850,7340,3100,0.8799999999999999,56.59126436781609,202003
004270,남성,20200319,2020,8745,17848,20988,8029,0.6799999999999999,103.41376786735276,202003
004270,남성,20200324,2020,10812,17053,20988,10534,0.6799999999999999,57.042900480947104,202003
004270,남성,20200326,2020,15105,17490,20988,13118,0.6799999999999999,15.109473684210531,202003
004310,현대약품,20200313,2020,3760,4230,4550,2800,0.8799999999999999,11.620000000000001,202003
004310,현대약품,20200319,2020,2865,4255,4550,2865,0.8799999999999999,47.63657940663176,202003
004310,현대약품,20200324,2020,3420,4340,4550,3390,0.8799999999999999,26.02058479532165,202003
004410,서울식품,20181026,2018,1630,1980,2280,1440,1.18,20.29239263803682,201810
004430,송원산업,20181012,2018,19300,16900,19350,15200,0.6799999999999999,-13.115233160621761,201810
004430,송원산업,20181101,2018,16400,19000,20150,16300,0.6799999999999999,15.173658536585357,201811
004440,삼일씨엔에스,20200320,2020,3355,6370,6440,3350,1.18,88.68587183308493,202003
004490,세방전지,20221013,2022,36300,40900,48650,36300,0.8799999999999999,11.79217630853994,202210
004540,깨끗한나라,20190325,2019,2083,2626,2784,2083,1.18,24.888170907345167,201903
004560,현대비앤지스틸,20181030,2018,8860,9310,9590,8550,1.18,3.899006772009032,201810
004560,현대비앤지스틸,20240806,2024,13340,13610,15240,12920,0.8799999999999999,1.1439880059969907,202408
004710,한솔테크닉스,20181011,2018,5815,6179,7022,5225,0.8799999999999999,5.379673258813403,201810
004710,한솔테크닉스,20200313,2020,5418,5418,5654,3546,0.6799999999999999,-0.6799999999999999,202003
004710,한솔테크닉스,20200319,2020,3684,5527,5654,3679,0.6799999999999999,49.347144408251886,202003
004800,효성,20260729,2026,119000,167000,173900,119000,0.6799999999999999,39.656134453781505,202607
004870,티웨이홀딩스,20190806,2019,5608,8258,10004,5499,1.18,46.07392296718973,201908
004870,티웨이홀딩스,20190807,2019,5627,7858,10004,5542,1.18,38.46812511107161,201908
004870,티웨이홀딩스,20190808,2019,5917,7616,10004,5741,1.18,27.533875274632408,201908
004920,씨아이테크,20181026,2018,1125,1136,1243,1000,1.18,-0.20222222222221142,201810
004960,한신공영,20200318,2020,9980,12150,13700,7890,1.18,20.563486973947903,202003
004960,한신공영,20200319,2020,9820,12300,13700,9200,1.18,24.074582484725052,202003
005070,코스모신소재,20241111,2024,79700,52400,81300,52000,0.38,-34.633450439146806,202411
005070,코스모신소재,20241112,2024,77000,55800,78800,52000,0.38,-27.91246753246753,202411
005070,코스모신소재,20241114,2024,68300,59100,70900,52000,0.38,-13.849985358711567,202411
005070,코스모신소재,20241115,2024,66900,58300,70900,52000,0.38,-13.235007473841552,202411
005070,코스모신소재,20241119,2024,64500,55600,70900,52000,0.38,-14.178449612403098,202411
005090,SGC에너지,20220524,2022,39050,32650,40750,32300,0.48,-16.869244558258643,202205
005180,빙그레,20200319,2020,35100,54200,80500,35050,0.8799999999999999,53.535954415954414,202003
005180,빙그레,20200320,2020,36000,55500,80500,35050,0.8799999999999999,53.28666666666667,202003
005300,롯데칠성,20200319,2020,82000,99700,102500,80000,0.8799999999999999,20.705365853658535,202003
005300,롯데칠성,20200325,2020,89000,100500,102500,83100,0.8799999999999999,12.04134831460674,202003
005320,온타이드,20220620,2022,3230,3630,4740,3110,1.18,11.20390092879258,202206
005440,현대지에프홀딩스,20200319,2020,3326,4874,5071,3171,0.6799999999999999,45.862393265183414,202003
005440,현대지에프홀딩스,20200320,2020,3220,4926,5071,3200,0.6799999999999999,52.301366459627324,202003
005610,삼립,20190529,2019,100000,99800,104500,95200,0.8799999999999999,-1.08,201905
005680,삼영전자,20181029,2018,10100,12150,12700,10100,1.18,19.117029702970292,201810
005690,파미셀,20181030,2018,11750,14350,15300,11350,0.38,21.747659574468095,201810
005850,에스엘,20181108,2018,10880,13710,14028,10880,0.8799999999999999,25.131029411764697,201811
005850,에스엘,20210820,2021,25550,27600,30200,25100,0.48,7.543483365949113,202108
005870,휴니드,20180725,2018,8420,8740,9910,8190,1.18,2.6204750593824135,201807
005870,휴니드,20180726,2018,8610,8820,9910,8190,1.18,1.2590243902439047,201807
005940,NH투자증권,20200319,2020,7000,9110,9330,6300,0.38,29.76285714285714,202003
005940,NH투자증권,20200320,2020,6700,8920,9330,6300,0.38,32.75432835820895,202003
005950,이수화학,20240806,2024,7780,9140,11320,7600,1.18,16.300719794344467,202408
006110,삼아알미늄,20220623,2022,15850,18550,18950,15800,0.8799999999999999,16.15470031545742,202206
006260,LS,20181030,2018,49650,53100,58700,48600,0.48,6.468640483383684,201810
006260,LS,20241115,2024,88000,95000,96000,84500,0.38,7.574545454545459,202411
006260,LS,20241118,2024,85500,96400,97400,85300,0.38,12.36853801169591,202411
006280,녹십자,20241118,2024,130900,169300,177000,127700,0.48,28.855370511841098,202411
006380,카프로,20181029,2018,19200,25050,26450,19200,0.8799999999999999,29.58875,201810
006490,프리티,20181018,2018,35150,32650,40100,25750,0.38,-7.492375533428161,201810
006490,프리티,20181226,2018,24925,27000,32650,22600,0.38,7.944974924774331,201812
006490,프리티,20200319,2020,9650,14450,14700,9250,0.6799999999999999,49.060932642487046,202003
006490,프리티,20220926,2022,7500,7550,8600,6950,1.18,-0.5133333333333401,202209
006490,프리티,20221004,2022,7700,7675,8600,7000,1.18,-1.5046753246753275,202210
006650,대한유화,20240118,2024,127000,151000,151500,121000,0.6799999999999999,18.2176377952756,202401
006740,블루산업개발,20220616,2022,38090,34305,40535,31815,0.6799999999999999,-10.616991336308743,202206
006840,AK홀딩스,20181012,2018,49500,46650,51400,42300,0.6799999999999999,-6.437575757575761,201810
007210,벽산,20181031,2018,2375,2205,2535,2165,1.18,-8.337894736842108,201810
007210,벽산,20200320,2020,989,1485,1570,910,1.18,48.97166835187057,202003
007460,에이프로젠,20190107,2019,9592,8615,10734,8284,0.38,-10.565571309424525,201901
007540,샘표,20200318,2020,25350,33350,35800,21100,1.18,30.378185404339256,202003
007540,샘표,20200320,2020,21650,33700,35800,21100,1.18,54.47819861431871,202003
007570,일양약품,20190806,2019,21256,23494,23494,21088,0.8799999999999999,9.648791870530662,201908
007570,일양약품,20220127,2022,24221,28193,28640,24165,0.6799999999999999,15.718992609718843,202201
007660,이수페타시스,20200313,2020,2212,2599,2706,1443,0.8799999999999999,16.61547920433996,202003
007660,이수페타시스,20200319,2020,1517,2585,2706,1443,0.8799999999999999,69.52210942649967,202003
007660,이수페타시스,20200325,2020,1966,2971,3065,1845,0.8799999999999999,50.23902339776195,202003
007660,이수페타시스,20200326,2020,2035,2880,3065,1845,0.8799999999999999,40.64334152334151,202003
007660,이수페타시스,20200330,2020,2287,2866,3065,2256,0.8799999999999999,24.43700918233493,202003
007660,이수페타시스,20240802,2024,35885,39095,44881,30050,0.38,8.565241744461472,202408
007980,TP,20221027,2022,1195,1700,1985,1175,1.18,41.07941422594141,202210
007980,TP,20221028,2022,1235,1705,1985,1185,1.18,36.87668016194333,202210
008040,사조동아원,20181026,2018,1060,1205,1235,1000,1.18,12.49924528301887,201810
008060,대덕,20260729,2026,11120,16500,17000,11120,0.8799999999999999,47.50129496402879,202607
008260,NI스틸,20211130,2021,3000,3415,3585,2960,1.18,12.653333333333343,202111
008700,아남전자,20200319,2020,937,1620,1640,937,0.8799999999999999,72.01220917822839,202003
008700,아남전자,20200320,2020,1000,1655,1720,988,0.8799999999999999,64.62,202003
008700,아남전자,20200401,2020,1420,1700,1740,1395,0.8799999999999999,18.838309859154926,202004
008930,한미사이언스,20190704,2019,45456,43185,47219,41141,0.6799999999999999,-5.67604012671595,201907
008930,한미사이언스,20190705,2019,46384,41700,46755,41141,0.48,-10.57830976198689,201907
009150,삼성전기,20200313,2020,112500,103000,114000,81700,0.38,-8.824444444444444,202003
009180,한솔로지스틱스,20220926,2022,2615,2485,2710,2325,1.18,-6.15131931166348,202209
009310,참엔지니어링,20190730,2019,5350,5450,6725,4745,1.18,0.6891588785046732,201907
009410,태영건설,20220623,2022,12614,13591,17110,12614,1.18,6.5653622958617355,202206
009410,태영건설,20220624,2022,14099,13754,17110,12695,1.18,-3.6269820554649304,202206
009410,태영건설,20220630,2022,13834,13774,15096,12695,1.18,-1.613714037877697,202206
009460,한창제지,20190731,2019,12400,14550,14850,11200,0.6799999999999999,16.658709677419353,201907
009470,삼화전기,20220623,2022,16150,18800,19300,16150,1.18,15.228668730650146,202206
009470,삼화전기,20240808,2024,47500,36400,52400,35500,0.48,-23.848421052631583,202408
009680,모토닉,20200313,2020,6290,7230,7440,4645,1.18,13.764356120826719,202003
009680,모토닉,20200323,2020,5190,7200,7670,5030,1.18,37.548323699421964,202003
009680,모토닉,20200325,2020,6200,7250,7670,5910,1.18,15.755483870967751,202003
009810,MDS스피어,20210802,2021,7903,7102,8704,6741,0.8799999999999999,-11.015391623434141,202108
009810,MDS스피어,20220510,2022,16277,14975,20534,14724,0.8799999999999999,-8.879017017877985,202205
010040,한국내화,20180709,2018,3150,3180,3415,3000,1.18,-0.22761904761905094,201807
010060,OCI홀딩스,20190729,2019,60950,52606,61506,50937,0.48,-14.169909762100083,201907
010100,한국무브넥스,20220623,2022,2195,2535,2555,2195,1.18,14.309749430523926,202206
010120,LS ELECTRIC,20200317,2020,6380,7610,7850,5110,0.6799999999999999,18.59899686520376,202003
010690,화신,20230816,2023,13200,11710,13660,11480,0.38,-11.667878787878792,202308
010820,퍼스텍,20190729,2019,1830,1890,2190,1620,1.18,2.098688524590168,201907
010950,S-Oil,20220706,2022,92000,88200,95300,86600,0.38,-4.5104347826086935,202207
011000,진원생명과학,20181030,2018,11920,13580,14410,11625,0.8799999999999999,13.046174496644305,201810
011070,LG이노텍,20190523,2019,95900,105000,109500,91800,0.38,9.109051094890509,201905
011090,에넥스,20220621,2022,7225,6775,7350,6150,1.18,-7.408373702422141,202206
011200,HMM,20200319,2020,2360,3655,3985,2120,0.48,54.392881355932204,202003
011200,HMM,20211027,2021,26400,25000,30250,24400,0.38,-5.683030303030298,202110
011300,우성머티리얼스,20220429,2022,5320,4530,6170,4210,0.6799999999999999,-15.529624060150379,202204
011300,우성머티리얼스,20220503,2022,5790,4590,5910,4210,0.6799999999999999,-21.405388601036265,202205
011330,유니켐,20200313,2020,12400,14400,15050,9550,0.8799999999999999,15.249032258064524,202003
011390,부산산업,20200318,2020,83200,152000,157000,69000,0.6799999999999999,82.01230769230769,202003
011390,부산산업,20200319,2020,70300,143000,157000,69000,0.6799999999999999,102.73394025604553,202003
011390,부산산업,20200320,2020,73000,154000,173500,69000,0.6799999999999999,110.27890410958904,202003
011690,와이투솔루션,20190807,2019,21465,27590,31720,21440,1.18,27.354824132308412,201908
011690,와이투솔루션,20190808,2019,23870,27590,31720,23870,1.18,14.40441558441559,201908
011690,와이투솔루션,20200224,2020,9294,4010,12195,3860,1.18,-58.03388422638261,202002
011690,와이투솔루션,20200225,2020,9390,3635,12195,3600,1.18,-62.468604898828545,202002
011690,와이투솔루션,20200227,2020,8280,3195,12195,3100,0.6799999999999999,-62.09304347826087,202002
011760,현대코퍼레이션,20190806,2019,16500,18550,19300,16450,0.8799999999999999,11.544242424242427,201908
011760,현대코퍼레이션,20200319,2020,7060,13800,14500,7050,0.8799999999999999,94.5874220963173,202003
011810,STX,20200401,2020,4748,6045,7719,4545,1.18,26.13676495366471,202004
011930,신성이엔지,20181030,2018,10600,11150,11850,10300,1.18,4.0086792452830124,201810
011930,신성이엔지,20241112,2024,12220,11170,12700,10300,0.8799999999999999,-9.472471358428809,202411
012280,영화금속,20181030,2018,5650,6250,6775,5500,1.18,9.439469026548668,201810
012280,영화금속,20200312,2020,4900,7825,7825,3300,1.18,58.5138775510204,202003
012280,영화금속,20220623,2022,4575,5650,5725,4575,1.18,22.317267759562846,202206
012610,경인양행,20200312,2020,5610,5760,5850,3605,0.6799999999999999,1.993796791443861,202003
012610,경인양행,20200313,2020,5400,6230,6590,3605,0.6799999999999999,14.690370370370367,202003
012610,경인양행,20200316,2020,4455,6270,6590,3605,0.48,40.26074074074075,202003
012690,모나리자,20180703,2018,3565,3485,3945,3210,1.18,-3.4240392706872367,201807
012800,대창,20200326,2020,911,1060,1115,837,0.8799999999999999,15.475653128430306,202003
013000,세우글로벌,20200316,2020,2630,3610,3760,2140,0.8799999999999999,36.38235741444868,202003
013360,일성건설,20180706,2018,1435,1515,1620,1180,1.18,4.394912891986062,201807
013360,일성건설,20220303,2022,3370,5560,6360,2420,0.6799999999999999,64.30516320474776,202203
013360,일성건설,20220307,2022,3255,5600,6360,2420,0.6799999999999999,71.36301075268817,202203
013360,일성건설,20220308,2022,2455,5410,6360,2420,0.6799999999999999,119.68659877800408,202203
013360,일성건설,20220310,2022,2880,5200,6360,2820,0.6799999999999999,79.87555555555555,202203
013360,일성건설,20220311,2022,3110,5240,6360,2820,0.48,68.00874598070739,202203
013870,지엠비코리아,20190805,2019,4325,5280,5750,4245,1.18,20.900924855491336,201908
013870,지엠비코리아,20190806,2019,4305,5290,5750,4305,1.18,21.700371660859457,201908
014680,한솔케미칼,20220125,2022,234000,217000,234500,206500,0.38,-7.644957264957261,202201
014680,한솔케미칼,20220126,2022,232000,214500,233500,206500,0.38,-7.923103448275867,202201
014680,한솔케미칼,20220127,2022,216500,223000,233500,206500,0.38,2.622309468822162,202201
014680,한솔케미칼,20220128,2022,216500,223000,233500,206500,0.38,2.622309468822162,202201
014710,사조씨푸드,20200331,2020,3230,4140,4415,3145,0.8799999999999999,27.29337461300309,202003
014710,사조씨푸드,20230926,2023,3750,3580,3825,3400,1.18,-5.713333333333333,202309
014710,사조씨푸드,20241105,2024,5710,4870,5720,4680,0.8799999999999999,-15.59103327495622,202411
014830,유니드,20220705,2022,104488,108418,116740,100442,0.48,3.2811974580813,202207
014910,성문전자,20190729,2019,1895,2010,2175,1640,1.18,4.888601583113465,201907
014910,성문전자,20190806,2019,1765,2090,2175,1765,1.18,17.23359773371105,201908
015020,이스타코,20220303,2022,3260,4030,4530,2220,0.6799999999999999,22.93963190184049,202203
015020,이스타코,20220308,2022,2300,4160,4720,2220,0.6799999999999999,80.18956521739129,202203
015020,이스타코,20220310,2022,2660,3890,4720,2390,0.6799999999999999,45.56060150375939,202203
015020,이스타코,20220314,2022,2700,3950,4720,2540,0.6799999999999999,45.616296296296305,202203
015260,에이엔피,20181025,2018,3292,3070,3469,2441,0.8799999999999999,-7.62362089914945,201810
015260,에이엔피,20181030,2018,2729,3204,3469,2721,0.8799999999999999,16.525643092707956,201810
015860,일진홀딩스,20181017,2018,3380,2780,3425,2450,1.18,-18.93147928994083,201810
015860,일진홀딩스,20200319,2020,1900,3885,4040,1850,0.8799999999999999,103.59368421052632,202003
015860,일진홀딩스,20200325,2020,2470,3685,4040,2330,0.8799999999999999,48.31028340080971,202003
016580,환인제약,20200319,2020,10650,14500,16750,9950,1.18,34.97023474178405,202003
016580,환인제약,20200320,2020,10400,14600,16750,9950,1.18,39.20461538461537,202003
017040,광명전기,20190807,2019,1820,2115,2135,1820,1.18,15.028791208791219,201908
017040,광명전기,20241028,2024,1340,1566,1591,1250,1.18,15.685671641791046,202410
017040,광명전기,20241030,2024,1338,1572,1625,1250,1.18,16.30878923766817,202410
017040,광명전기,20241031,2024,1333,1548,1625,1313,1.18,14.949032258064523,202410
017180,명문제약,20190806,2019,3483,4002,4169,3483,1.18,13.72094745908699,201908
017550,수산세보틱스,20200331,2020,1180,1465,1575,1165,0.8799999999999999,23.272542372881357,202003
017550,수산세보틱스,20200401,2020,1230,1525,1575,1190,0.8799999999999999,23.10373983739837,202004
017800,현대엘리베이터,20200319,2020,24442,42415,43415,24208,0.38,73.15326241715081,202003
017940,E1,20200313,2020,33850,33600,34450,22050,1.18,-1.918552437223039,202003
017940,E1,20200319,2020,26750,35000,35250,22050,1.18,29.661121495327095,202003
017940,E1,20200320,2020,24000,34900,35300,22300,1.18,44.23666666666666,202003
017940,E1,20200323,2020,22600,33900,35300,22300,1.18,48.82,202003
017940,E1,20200324,2020,24450,33100,35300,24150,1.18,34.19832310838447,202003
017940,E1,20200325,2020,25750,34000,35300,24150,1.18,30.858834951456316,202003
017940,E1,20200326,2020,27600,33650,35300,25300,1.18,20.74028985507246,202003
017960,한국카본,20200319,2020,4285,6000,6250,4000,0.6799999999999999,39.34333722287048,202003
018250,애경산업,20181101,2018,47800,51500,53500,43100,0.38,7.360585774058584,201811
018250,애경산업,20181102,2018,47500,51300,53500,43100,0.38,7.620000000000007,201811
018250,애경산업,20200325,2020,21400,28200,28200,20650,0.6799999999999999,31.095700934579444,202003
019170,신풍제약,20211126,2021,35050,31200,38050,30700,0.38,-11.364308131241083,202111
019170,신풍제약,20220704,2022,21850,27900,37500,21750,0.38,27.308787185354703,202207
019180,티에이치엔,20220614,2022,3365,2950,3430,2590,1.18,-13.512838038632987,202206
019680,대교,20200317,2020,3800,4825,6310,3040,0.6799999999999999,26.293684210526305,202003
020150,롯데에너지머티리얼즈,20200312,2020,36000,36200,38300,21700,0.38,0.17555555555555358,202003
020150,롯데에너지머티리얼즈,20200313,2020,37150,36200,37700,21700,0.38,-2.9372005383580064,202003
020150,롯데에너지머티리얼즈,20200319,2020,23900,40650,41650,22700,0.38,69.70368200836822,202003
020760,일진디스플,20190605,2019,3608,3870,4821,3584,0.6799999999999999,6.581640798226155,201906
020760,일진디스플,20200313,2020,2555,2330,2583,1518,0.8799999999999999,-9.68626223091977,202003
020760,일진디스플,20211119,2021,2564,2483,3083,2105,1.18,-4.339126365054598,202111
021240,코웨이,20181030,2018,69100,77800,79400,62900,0.38,12.210448625180904,201810
022100,포스코DX,20200319,2020,2995,4470,4545,2995,0.6799999999999999,48.56874791318865,202003
023530,롯데쇼핑,20211201,2021,83500,88000,92300,83300,0.48,4.909221556886237,202112
023530,롯데쇼핑,20260723,2026,126000,96700,131000,93900,0.38,-23.63396825396825,202607
024090,디씨엠,20220926,2022,14000,13800,14600,12900,1.18,-2.608571428571423,202209
024720,콜마홀딩스,20190814,2019,9906,10832,11357,9806,0.6799999999999999,8.667869977791245,201908
025560,미래산업,20181030,2018,16403,18355,19628,15818,1.18,10.720262147168196,201810
025560,미래산업,20200504,2020,8815,8400,9435,8090,0.38,-5.0878842881452035,202005
025620,차AI헬스케어,20190725,2019,71974,60696,79136,52052,0.8799999999999999,-16.549547336538193,201907
025620,차AI헬스케어,20190730,2019,69999,58229,73101,52052,0.8799999999999999,-17.69452592179888,201907
025620,차AI헬스케어,20190805,2019,54716,62453,69165,52052,0.8799999999999999,13.260288032750935,201908
025620,차AI헬스케어,20200313,2020,36053,43704,45581,21739,0.8799999999999999,20.341534962416436,202003
025620,차AI헬스케어,20200317,2020,30366,42092,46027,21739,0.8799999999999999,37.73555687281828,202003
025620,차AI헬스케어,20200319,2020,22650,45187,46075,21940,0.8799999999999999,98.62110375275938,202003
025620,차AI헬스케어,20200326,2020,32260,40770,47341,27494,0.8799999999999999,25.499417234965907,202003
025620,차AI헬스케어,20210325,2021,23068,27357,28735,18642,1.18,17.412855904282992,202103
025620,차AI헬스케어,20210326,2021,22502,28131,28903,18642,1.18,23.835554172962397,202103
025750,한솔홈데코,20190806,2019,5225,6100,6475,5200,1.18,15.5664114832536,201908
026890,스틱인베스트먼트,20180703,2018,3380,3690,4175,3365,1.18,7.991597633136086,201807
026890,스틱인베스트먼트,20190806,2019,3900,5250,5660,3900,0.6799999999999999,33.93538461538463,201908
026890,스틱인베스트먼트,20240910,2024,7740,8090,8470,7730,1.18,3.341963824289399,202409
026940,부국철강,20200313,2020,2720,3670,4495,1800,0.8799999999999999,34.0464705882353,202003
026940,부국철강,20200316,2020,2395,3440,4495,1800,0.8799999999999999,42.75256784968685,202003
026940,부국철강,20200317,2020,2760,3595,4495,1800,0.8799999999999999,29.373623188405787,202003
026940,부국철강,20200319,2020,2005,3570,4495,1800,0.8799999999999999,77.17486284289276,202003
026940,부국철강,20200326,2020,3000,3655,4495,2710,0.8799999999999999,20.95333333333333,202003
028050,삼성E&A,20231030,2023,23300,25900,26450,22900,0.38,10.778798283261805,202310
028100,동아지질,20200316,2020,10600,13650,14300,9940,0.8799999999999999,27.89358490566038,202003
028100,동아지질,20200317,2020,11800,14700,14950,9940,0.6799999999999999,23.89627118644068,202003
028260,삼성물산,20200313,2020,95000,94200,96300,73500,0.38,-1.2221052631578995,202003
028670,팬오션,20200319,2020,2210,3260,3325,2170,0.48,47.03131221719458,202003
029460,케이씨,20181130,2018,13000,11700,13250,10700,1.18,-11.179999999999998,201811
029460,케이씨,20200312,2020,11200,14000,14400,9340,0.8799999999999999,24.12,202003
029460,케이씨,20200313,2020,11500,13850,14400,9340,0.8799999999999999,19.554782608695646,202003
030210,다올투자증권,20180718,2018,3580,3390,3755,3350,0.8799999999999999,-6.187262569832405,201807
030210,다올투자증권,20221026,2022,3055,3330,3420,2820,0.8799999999999999,8.12163666121112,202210
031430,신세계인터내셔날,20190613,2019,45600,37600,45600,36800,0.38,-17.923859649122804,201906
031430,신세계인터내셔날,20190614,2019,42900,38500,44300,36800,0.38,-10.636410256410255,201906
031820,아이티센씨티에스,20200319,2020,6290,10770,11400,6160,0.8799999999999999,70.3441653418124,202003
031820,아이티센씨티에스,20200324,2020,7700,11150,11400,7610,0.6799999999999999,44.1251948051948,202003
032560,황금에스티,20181026,2018,6336,6611,7210,5274,1.18,3.160277777777768,201810
032560,황금에스티,20181029,2018,5274,6816,7210,5274,1.18,28.05777019340159,201810
033240,자화전자,20241115,2024,12300,12390,13730,10690,0.8799999999999999,-0.1482926829268285,202411
033250,체시스,20200331,2020,8910,10620,12885,8265,0.6799999999999999,18.511919191919183,202003
033250,체시스,20240123,2024,8000,8045,8525,7350,0.6799999999999999,-0.11750000000000083,202401
034220,LG디스플레이,20200319,2020,8410,10629,11137,8410,0.38,26.00525564803804,202003
034230,파라다이스,20260716,2026,10050,9890,10480,9320,0.38,-1.9720398009950264,202607
034310,NICE,20200319,2020,13300,19000,19200,13100,0.8799999999999999,41.97714285714286,202003
034310,NICE,20200320,2020,13600,18950,19900,13100,0.8799999999999999,38.458235294117635,202003
034310,NICE,20200324,2020,15350,19300,19900,14500,0.8799999999999999,24.852899022801292,202003
035150,백산,20190725,2019,7050,5840,7230,5280,0.8799999999999999,-18.043120567375887,201907
035150,백산,20200319,2020,3770,5080,5400,3770,1.18,33.568010610079575,202003
035150,백산,20200320,2020,3855,5470,5550,3805,1.18,40.713644617380034,202003
036460,한국가스공사,20220706,2022,34550,36050,37200,33100,0.38,3.961534008683068,202207
036570,NC,20200319,2020,559000,649000,690000,531000,0.38,15.720178890876559,202003
044820,코스맥스비티아이,20181108,2018,19300,19750,21850,17300,0.8799999999999999,1.4516062176165887,201811
047050,포스코인터내셔널,20220706,2022,17750,20950,21150,17600,0.38,17.648169014084505,202207
047050,포스코인터내셔널,20241204,2024,41000,41950,42400,37400,0.38,1.9370731707317095,202412
047400,유니온머티리얼,20200312,2020,1500,1675,1680,950,0.8799999999999999,10.786666666666669,202003
047400,유니온머티리얼,20200313,2020,1560,1675,1735,950,0.8799999999999999,6.491794871794868,202003
052690,한전기술,20241206,2024,52100,56900,57400,49250,0.38,8.833051823416495,202412
053210,스카이라이프,20181113,2018,10650,11150,11700,10650,0.8799999999999999,3.814835680751175,201811
053210,스카이라이프,20200319,2020,4910,7200,7410,4725,1.18,45.459511201629326,202003
053690,한미글로벌,20200319,2020,4880,7520,7900,4720,1.18,52.9183606557377,202003
055490,테이팩스,20230814,2023,37550,37050,40450,35550,0.6799999999999999,-2.0115579227696436,202308
055490,테이팩스,20231024,2023,29300,30000,36000,26550,1.18,1.2090784982935066,202310
058730,다스코,20200319,2020,4270,5400,5430,3995,1.18,25.283700234192047,202003
058730,다스코,20200320,2020,4215,6010,6440,3995,1.18,41.40600237247925,202003
060980,HL홀딩스,20200319,2020,23600,30200,31200,22900,0.8799999999999999,27.086101694915246,202003
064350,현대로템,20200319,2020,8900,13950,14500,8850,0.48,56.26157303370786,202003
064350,현대로템,20260729,2026,115500,138600,152400,115500,0.38,19.619999999999997,202607
064960,SNT모티브,20181022,2018,13360,13884,14600,12672,0.8799999999999999,3.0421556886227528,201810
064960,SNT모티브,20181023,2018,13609,14463,14600,12672,0.8799999999999999,5.395259019766333,201810
068270,셀트리온,20190802,2019,124413,121691,125969,106917,0.38,-2.567874257513278,201908
068270,셀트리온,20190805,2019,107307,124802,126746,106917,0.38,15.923689414483677,201908
068270,셀트리온,20190806,2019,117026,130246,130634,109251,0.38,10.916634935826222,201908
068270,셀트리온,20211029,2021,166218,177410,208084,160416,0.38,6.353326113898608,202110
069460,대호에이엘,20231017,2023,6780,5990,7150,4460,0.6799999999999999,-12.331917404129797,202310
069460,대호에이엘,20231018,2023,5555,6065,6100,4460,0.48,8.700918091809186,202310
069460,대호에이엘,20231019,2023,5450,6020,6100,4460,0.48,9.97871559633027,202310
069460,대호에이엘,20231023,2023,5060,6040,6130,4825,0.48,18.887588932806324,202310
070960,모나용평,20200319,2020,2485,4740,5140,2350,0.8799999999999999,89.86446680080483,202003
070960,모나용평,20200320,2020,2470,4990,5270,2350,0.8799999999999999,101.1442914979757,202003
070960,모나용평,20200323,2020,2510,4755,5320,2475,0.8799999999999999,88.56223107569723,202003
071320,지역난방공사,20241227,2024,43450,42000,44400,39250,0.8799999999999999,-4.217169159953968,202412
072130,유엔젤,20200325,2020,2455,3720,4180,2435,1.18,50.34749490835031,202003
072130,유엔젤,20200326,2020,2630,3825,4180,2435,1.18,44.257262357414454,202003
072130,유엔젤,20200327,2020,2995,3920,4180,2800,1.18,29.704808013355603,202003
072130,유엔젤,20200330,2020,3070,3835,4180,2800,1.18,23.738566775244312,202003
072130,유엔젤,20200331,2020,3100,3790,4180,2800,1.18,21.07806451612904,202003
072130,유엔젤,20200401,2020,2960,3715,4180,2800,0.8799999999999999,24.626756756756755,202004
074610,이엔플러스,20181220,2018,51400,57000,70700,49000,0.6799999999999999,10.214941634241251,201812
074610,이엔플러스,20190514,2019,37100,65000,76100,32700,0.8799999999999999,74.3221563342318,201905
074610,이엔플러스,20190515,2019,38850,61500,76100,32700,0.6799999999999999,57.621158301158296,201905
077500,유니퀘스트,20240806,2024,4650,4815,5530,4645,1.18,2.3683870967741862,202408
078520,에이블씨엔씨,20181022,2018,10800,9800,10850,7990,0.8799999999999999,-10.139259259259255,201810
079430,현대리바트,20190806,2019,13300,14300,14500,12600,1.18,6.338796992481214,201908
079430,현대리바트,20190807,2019,13800,14100,14500,12600,1.18,0.9939130434782706,201908
079430,현대리바트,20200312,2020,7460,8680,8700,5570,0.8799999999999999,15.47388739946382,202003
079430,현대리바트,20200313,2020,7500,8800,8840,5570,0.8799999999999999,16.453333333333337,202003
081000,일진다이아,20200313,2020,17550,20500,21100,10800,0.6799999999999999,16.12911680911681,202003
081000,일진다이아,20200319,2020,11350,23400,26450,10800,0.6799999999999999,105.48740088105727,202003
081000,일진다이아,20200320,2020,11400,24500,26450,10800,0.6799999999999999,114.23228070175436,202003
081000,일진다이아,20200325,2020,16150,24150,26450,14800,0.48,49.05560371517028,202003
081660,미스토홀딩스,20200313,2020,30150,34050,34650,18850,0.38,12.555323383084584,202003
081660,미스토홀딩스,20200318,2020,24000,32000,35200,18850,0.38,32.953333333333326,202003
081660,미스토홀딩스,20200319,2020,21050,33300,35200,18850,0.38,57.81477434679334,202003
082640,동양생명,20200312,2020,2400,2915,3140,1450,1.18,20.278333333333336,202003
082640,동양생명,20200313,2020,2395,3105,3330,1450,1.18,28.46509394572026,202003
082640,동양생명,20200320,2020,1650,2965,3330,1550,1.18,78.51696969696968,202003
082640,동양생명,20200324,2020,1700,2940,3330,1675,1.18,71.76117647058824,202003
082640,동양생명,20200325,2020,1995,2955,3330,1960,1.18,46.9403007518797,202003
082640,동양생명,20200326,2020,2510,2945,3330,2200,1.18,16.15067729083666,202003
082640,동양생명,20241218,2024,4580,4795,4830,4375,0.6799999999999999,4.014323144104806,202412
082740,한화엔진,20200313,2020,2117,2495,2494,1447,1.18,16.675455833726964,202003
082740,한화엔진,20200316,2020,1764,2318,2521,1447,1.18,30.225895691609985,202003
082740,한화엔진,20200319,2020,1490,2432,2552,1447,1.18,62.041476510067106,202003
082740,한화엔진,20200320,2020,1529,2526,2587,1447,1.18,64.02601700457815,202003
084010,대한제강,20211112,2021,11036,10702,11302,9002,0.6799999999999999,-3.706458861906489,202111
084870,TBH글로벌,20180703,2018,5820,5230,5850,4875,1.18,-11.317457044673537,201807
084870,TBH글로벌,20180704,2018,5420,5220,5640,4875,1.18,-4.870036900369009,201807
084870,TBH글로벌,20200316,2020,912,1585,1735,912,1.18,72.61385964912282,202003
084870,TBH글로벌,20200318,2020,1180,1490,1735,976,1.18,25.091186440677962,202003
088350,한화생명,20211130,2021,2760,3070,3150,2755,0.48,10.751884057971019,202111
089590,제주항공,20250102,2025,7150,7330,7850,7080,0.6799999999999999,1.8374825174825167,202501
089590,제주항공,20250103,2025,7610,7350,7850,7110,0.6799999999999999,-4.09655716162943,202501
090460,비에이치,20221026,2022,23600,27000,28900,21800,0.38,14.026779661016954,202210
092220,KEC,20181029,2018,3950,4590,5070,3950,0.8799999999999999,15.322531645569619,201810
092220,KEC,20200319,2020,2355,3550,3605,2205,0.8799999999999999,49.86309978768578,202003
092220,KEC,20240806,2024,4960,4995,5985,4960,0.8799999999999999,-0.17435483870967516,202408
093240,형지엘리트,20220308,2022,1509,1919,2055,1413,0.8799999999999999,26.29031146454605,202203
093240,형지엘리트,20220310,2022,1623,1850,2055,1505,0.8799999999999999,13.106444855206416,202203
093240,형지엘리트,20260708,2026,406,411,744,359,1.18,0.05152709359606322,202607
093370,후성,20190104,2019,6523,8067,8262,6504,0.48,23.190090449179824,201901
093370,후성,20241114,2024,4750,5110,5750,4585,0.8799999999999999,6.698947368421063,202411
096760,JW홀딩스,20181029,2018,4535,6334,6365,4535,0.8799999999999999,38.789239250275635,201810
096760,JW홀딩스,20181030,2018,5025,6230,6365,4930,0.8799999999999999,23.100099502487563,201810
100220,비상교육,20211005,2021,7750,8600,9080,7490,1.18,9.787741935483865,202110
102260,동성케미컬,20200312,2020,3250,3314,3339,2052,1.18,0.7892307692307676,202003
102260,동성케미컬,20200313,2020,3142,3358,3383,2052,1.18,5.694602164226618,202003
102260,동성케미컬,20200316,2020,2661,3348,3388,2052,1.18,24.637361894024792,202003
102260,동성케미컬,20200319,2020,2258,3491,3525,2194,1.18,53.4258458813109,202003
102460,이연제약,20181026,2018,15398,16870,17458,13437,1.18,8.379683075724124,201810
102460,이연제약,20181029,2018,13437,16919,17458,13437,1.18,24.733522363622832,201810
102460,이연제약,20181030,2018,14761,17017,17458,14712,1.18,14.10351737687148,201810
102460,이연제약,20181224,2018,13044,14957,15006,12750,1.18,13.485746703465189,201812
102460,이연제약,20181226,2018,13191,14908,15006,12848,1.18,11.836450610264574,201812
102460,이연제약,20181227,2018,13437,14908,15006,13339,1.18,9.767384088710276,201812
105630,한세실업,20190530,2019,21700,20950,24650,20250,0.48,-3.9362211981566837,201905
105630,한세실업,20200319,2020,6820,10850,11350,6820,0.6799999999999999,58.41090909090908,202003
108320,LX세미콘,20220203,2022,127800,121300,130000,110500,0.38,-5.466071987480434,202202
108670,LX하우시스,20200312,2020,30350,39150,39500,30350,0.8799999999999999,28.115057660626025,202003
108670,LX하우시스,20200313,2020,36050,39400,39550,30400,0.8799999999999999,8.412649098474336,202003
108670,LX하우시스,20200319,2020,31450,39500,41000,30400,0.8799999999999999,24.71618441971383,202003
108670,LX하우시스,20200324,2020,34200,39200,41000,33800,0.8799999999999999,13.739883040935666,202003
112610,씨에스윈드,20190806,2019,12858,14377,15278,12858,0.8799999999999999,10.933656867319968,201908
112610,씨에스윈드,20200312,2020,12123,13475,14329,7710,1.18,9.972355027633432,202003
112610,씨에스윈드,20200313,2020,13831,13475,14329,7710,1.18,-3.753928132456071,202003
112610,씨에스윈드,20200319,2020,9347,14282,14376,9347,0.8799999999999999,51.91768909810634,202003
112610,씨에스윈드,20210308,2021,58000,72000,78400,55800,0.38,23.757931034482763,202103
112610,씨에스윈드,20210309,2021,63400,73700,78400,62200,0.38,15.866056782334395,202103
112610,씨에스윈드,20210310,2021,65000,75500,78400,62200,0.38,15.773846153846163,202103
112610,씨에스윈드,20241108,2024,46300,39800,46900,37800,0.38,-14.418876889848818,202411
119650,KC코트렐,20200313,2020,5598,6570,6802,3934,1.18,16.18334405144695,202003
119650,KC코트렐,20200401,2020,5407,7344,7814,5171,0.8799999999999999,34.94393194007767,202004
119650,KC코트렐,20240820,2024,768,1000,1462,734,1.18,29.028333333333325,202408
119650,KC코트렐,20240821,2024,784,952,1462,748,1.18,20.24857142857142,202408
119650,KC코트렐,20240822,2024,840,1188,1462,748,0.8799999999999999,40.548571428571435,202408
120110,코오롱인더,20200221,2020,36500,23450,36800,20300,0.48,-36.23342465753424,202002
136490,선진,20200325,2020,5340,7760,7760,5230,1.18,44.13835205992509,202003
136490,선진,20200326,2020,5950,8100,8350,5260,1.18,34.95445378151261,202003
136490,선진,20200401,2020,6270,8730,8850,6210,1.18,38.05444976076556,202004
145990,삼양사,20200320,2020,24100,36300,37300,23050,1.18,49.44240663900415,202003
145990,삼양사,20200324,2020,25500,34850,37300,25250,1.18,35.48666666666667,202003
145990,삼양사,20200325,2020,28700,35500,37300,26650,1.18,22.51337979094077,202003
161390,한국타이어앤테크놀로지,20200313,2020,21000,22500,22700,15050,0.38,6.76285714285714,202003
181710,NHN,20220124,2022,36850,33750,39450,32950,0.48,-8.892483039348706,202201
192820,코스맥스,20240812,2024,134500,127900,134500,116000,0.38,-5.287063197026018,202408
192820,코스맥스,20240813,2024,119200,127400,133200,116100,0.38,6.499194630872476,202408
195870,해성디에스,20231020,2023,47600,52400,53200,43000,0.48,9.604033613445386,202310
207940,삼성바이오로직스,20200319,2020,557807,823257,877074,540353,0.38,47.20814428646467,202003
210540,디와이파워,20181030,2018,11300,13750,14650,11000,0.6799999999999999,21.00141592920354,201810
210980,SK디앤디,20211005,2021,17031,17599,19440,16379,0.6799999999999999,2.655094827080032,202110
213500,한솔제지,20200313,2020,10800,12550,12750,7900,0.8799999999999999,15.3237037037037,202003
213500,한솔제지,20200327,2020,9320,13450,13850,9290,0.8799999999999999,43.433304721030034,202003
214320,이노션,20200319,2020,21900,31000,31000,20650,0.6799999999999999,40.87251141552512,202003
214330,금호에이치티,20190806,2019,31472,34981,37456,31445,1.18,9.969593289273007,201908
214330,금호에이치티,20190807,2019,31581,37374,37701,31445,1.18,17.163307685000476,201908
214330,금호에이치티,20190812,2019,33893,36286,43631,31445,1.18,5.880454961201424,201908
214420,토니모리,20181022,2018,10302,11526,12608,6652,1.18,10.701188118811892,201810
214420,토니모리,20181026,2018,8025,13643,15289,6652,1.18,68.82623052959502,201810
214420,토니모리,20181029,2018,6652,12655,15289,6652,1.18,89.06353577871317,201810
214420,토니모리,20181030,2018,7433,12843,15289,7038,1.18,71.60353289385172,201810
217590,티엠씨,20260715,2026,12160,13990,14970,8820,0.48,14.569342105263164,202607
226320,잇츠한불,20220128,2022,14000,21750,22700,14000,1.18,54.17714285714286,202201
227840,현대코퍼레이션홀딩스,20181025,2018,19000,16700,19100,15050,0.48,-12.585263157894742,201810
227840,현대코퍼레이션홀딩스,20181026,2018,16950,16450,18150,15050,0.48,-3.4298525073746284,201810
249420,일동제약,20200316,2020,10200,12400,14250,9280,0.8799999999999999,20.688627450980384,202003
251270,넷마블,20221012,2022,43600,47600,49100,41900,0.38,8.794311926605493,202210
267260,HD현대일렉트릭,20181101,2018,19374,23733,25717,17079,0.8799999999999999,21.619225766491173,201811
267260,HD현대일렉트릭,20181102,2018,20002,23690,25717,17079,0.8799999999999999,17.558156184381563,201811
267260,HD현대일렉트릭,20181107,2018,17967,23862,25717,17490,0.6799999999999999,32.13015194523293,201811
267260,HD현대일렉트릭,20181108,2018,17880,22611,25717,17880,0.6799999999999999,25.779731543624155,201811
267260,HD현대일렉트릭,20181109,2018,19179,23086,25717,18183,0.6799999999999999,19.691239376401263,201811
267260,HD현대일렉트릭,20220127,2022,15900,20650,21000,15850,0.6799999999999999,29.194213836477992,202201
267270,HD건설기계,20231026,2023,48650,51200,52200,44100,0.48,4.761521068859201,202310
267270,HD건설기계,20231027,2023,46100,50700,52200,44100,0.48,9.498308026030369,202310
267850,아시아나IDT,20200320,2020,8052,15469,16422,8020,0.6799999999999999,91.4337605563835,202003
267850,아시아나IDT,20200401,2020,12078,16052,19548,11655,0.6799999999999999,32.22279847656896,202004
271560,오리온,20180816,2018,106000,105500,113000,94100,0.38,-0.8516981132075526,201808
271980,제일약품,20200318,2020,18500,25650,30900,15250,1.18,37.46864864864865,202003
271980,제일약품,20200319,2020,15800,26550,30900,15800,1.18,66.8579746835443,202003
271980,제일약품,20200320,2020,16750,26600,30900,16500,1.18,57.625970149253725,202003
271980,제일약품,20200327,2020,20600,26200,30900,20100,0.8799999999999999,26.304466019417486,202003
272450,진에어,20190520,2019,17849,19023,21280,17198,0.48,6.097399294078102,201905
280360,롯데웰푸드,20200319,2020,100000,121000,132000,90400,1.18,19.819999999999997,202003
280360,롯데웰푸드,20200323,2020,91900,118000,132000,90500,1.18,27.220435255712744,202003
280360,롯데웰푸드,20200324,2020,98400,115000,132000,98000,1.18,15.689918699186993,202003
280360,롯데웰푸드,20200401,2020,107000,124000,132000,104000,1.18,14.70785046728971,202004
281820,케이씨텍,20181030,2018,11250,10850,12700,10200,0.8799999999999999,-4.435555555555556,201810
281820,케이씨텍,20250416,2025,22850,26900,29700,22800,0.6799999999999999,17.04428884026258,202504
281820,케이씨텍,20250421,2025,23100,25150,29700,22900,0.6799999999999999,8.19445887445888,202504
281820,케이씨텍,20250423,2025,26350,25750,29700,24650,0.6799999999999999,-2.9570398481973488,202504
285130,SK케미칼,20181029,2018,38630,53243,53376,38297,0.6799999999999999,37.148112865648464,201810
285130,SK케미칼,20190805,2019,26954,29824,30290,26554,0.6799999999999999,9.967770275283808,201908
285130,SK케미칼,20190807,2019,27989,30024,30424,27521,0.6799999999999999,6.590713494587167,201908
285130,SK케미칼,20220617,2022,100000,103500,109000,87400,0.48,3.019999999999992,202206
286940,롯데이노베이트,20200313,2020,26000,30500,30750,17250,0.8799999999999999,16.427692307692315,202003
286940,롯데이노베이트,20200319,2020,19500,31600,32000,17900,0.8799999999999999,61.17128205128205,202003
286940,롯데이노베이트,20220519,2022,29300,25850,29850,25850,0.8799999999999999,-12.654744027303753,202205
293480,하나제약,20200319,2020,13315,21159,22345,13315,0.8799999999999999,58.031002628614345,202003
293480,하나제약,20200323,2020,15322,20430,22345,15322,0.8799999999999999,32.457684375407915,202003
294870,IPARK현대산업개발,20220121,2022,14200,16150,16600,13500,0.38,13.352394366197176,202201
298020,효성티앤씨,20200313,2020,114000,118000,119500,75100,0.8799999999999999,2.6287719298245724,202003
298020,효성티앤씨,20200316,2020,100500,119000,120500,75100,0.8799999999999999,17.52796019900497,202003
298020,효성티앤씨,20200317,2020,107000,119000,122500,75100,0.8799999999999999,10.334953271028038,202003
298020,효성티앤씨,20200319,2020,78400,119000,122500,75400,0.8799999999999999,50.905714285714275,202003
298020,효성티앤씨,20241203,2024,222000,238500,261000,205500,0.38,7.052432432432434,202412
298050,HS효성첨단소재,20200313,2020,67600,70300,70400,42500,0.6799999999999999,3.3140828402366793,202003
298050,HS효성첨단소재,20200319,2020,45800,73300,73900,42500,0.6799999999999999,59.36366812227073,202003
298050,HS효성첨단소재,20200320,2020,44100,74400,76200,42500,0.6799999999999999,68.02748299319728,202003
298050,HS효성첨단소재,20200325,2020,56600,76100,76200,54500,0.6799999999999999,33.77229681978799,202003
298050,HS효성첨단소재,20200326,2020,63000,74200,76500,56100,0.6799999999999999,17.097777777777782,202003
298690,에어부산,20200320,2020,4419,7648,7958,4162,0.6799999999999999,72.39083050463904,202003
306200,세아제강,20200313,2020,39450,42500,43050,27800,1.18,6.551305449936632,202003
306200,세아제강,20200318,2020,32600,39550,45400,27800,1.18,20.139018404907976,202003
306200,세아제강,20200325,2020,32550,39200,45400,32500,1.18,19.250107526881724,202003
307950,현대오토에버,20231031,2023,132000,184000,188900,130000,0.38,39.0139393939394,202310
317400,자이에스앤디,20220620,2022,6160,6010,6300,5590,1.18,-3.615064935064934,202206
323410,카카오뱅크,20220926,2022,21750,15950,22350,15900,0.38,-27.04666666666667,202209
353200,대덕전자,20220622,2022,24800,28750,30000,24400,0.38,15.5474193548387,202206
353200,대덕전자,20260710,2026,121200,107600,145700,71800,0.38,-11.601122112211224,202607
361610,SK아이이테크놀로지,20220203,2022,113500,121000,130500,107500,0.38,6.227929515418509,202202
363280,티와이홀딩스,20220623,2022,18800,18200,20250,17200,0.8799999999999999,-4.071489361702127,202206
377190,디앤디플랫폼리츠,20221012,2022,3410,3174,3410,2985,1.18,-8.100821114369502,202210
400760,NH올원리츠,20221013,2022,3466,3028,3466,2795,1.18,-13.817045585689554,202210
400760,NH올원리츠,20221018,2022,3200,3151,3200,2795,1.18,-2.7112499999999953,202210
400760,NH올원리츠,20221019,2022,3037,3146,3160,2795,1.18,2.4090681593677923,202210
400760,NH올원리츠,20221020,2022,2884,3112,3161,2795,1.18,6.725686546463242,202210
400760,NH올원리츠,20221021,2022,2859,3112,3161,2795,1.18,7.669247988807285,202210
400760,NH올원리츠,20221024,2022,2884,3077,3161,2795,1.18,5.512094313453545,202210
450080,에코프로머티,20241115,2024,89700,80600,99000,72400,0.38,-10.524927536231885,202411
456040,OCI,20241111,2024,60000,58100,66400,54700,0.8799999999999999,-4.0466666666666615,202411
456040,OCI,20241112,2024,58000,62300,66400,54700,0.8799999999999999,6.533793103448274,202411
489790,한화비전,20260729,2026,31650,51600,56800,31650,0.38,62.65317535545023,202607
